;FLAVOR:Marlin
;TIME:3838.84
;Filament used:10.45m
;Layer height:0.2
; HEADER_BLOCK_START
; generated by OrcaSlicer 2.4.2 on 2026-07-28 at 08:12:32
; total layer number: 30
; filament_density: 1.24
; filament_diameter: 1.75
; max_z_height: 6.00
; filament: 1
; HEADER_BLOCK_END

; external perimeters extrusion width = 0.42mm
; perimeters extrusion width = 0.45mm
; infill extrusion width = 0.45mm
; solid infill extrusion width = 0.42mm
; top infill extrusion width = 0.42mm
; support material extrusion width = 0.38mm
; first layer extrusion width = 0.46mm

; EXECUTABLE_BLOCK_START
M201 X2500 Y2500 Z500 E5000
M203 X250 Y250 Z5 E40
M204 P2500 R500 T2500 ; sets acceleration (P, T) and retract acceleration (R), mm/sec^2
M205 X10.00 Y10.00 Z0.40 E5.00 ; sets the jerk limits, mm/sec
M205 J0.100
;TYPE:Custom
M220 S100 ;Reset Feedrate 
M221 S100 ;Reset Flowrate 
 
M104 S220 ;Set final nozzle temp 
M190 S55 ;Set and wait for bed temp to stabilize 
G28 ;Home 
G92 E0 ;Reset Extruder 
G1 Z2.0 F3000 ;Move Z Axis up 
G1 X-2.1 Y20 Z0.28 F5000.0 ;Move to start position 
M109 S220 ;Wait for nozzle temp to stabilize 
G1 X-2.1 Y145.0 Z0.28 F1500.0 E15 ;Draw the first line 
G1 X-2.4 Y145.0 Z0.28 F5000.0 ;Move to side a little 
G1 X-2.4 Y20 Z0.28 F1500.0 E30 ;Draw the second line 
G92 E0  ;Reset Extruder 
G1 E-1.0000 F1800 ;Retract a bit 
G1 Z2.0 F3000 ;Move Z Axis up 
G1 E0.0000 F1800
G90
G21
M83 ; use relative distances for extrusion
; filament start gcode
M106 S0
;LAYER_CHANGE
;Z:0.2
;HEIGHT:0.2
;BEFORE_LAYER_CHANGE
;0.2
G92 E0

G1 E-1.2 F2400
;_SET_FAN_SPEED_CHANGING_LAYER
M204 P500
; printing object Object_1 id:94613208297312 copy 0
M204 T2500
G1 X30.669 Y169.331 F9000
G1 Z.6
G1 Z.2
G1 E1.2 F1800
;TYPE:Inner wall
;WIDTH:0.459999
G1 X30.669 Y50.669 E4.03296
G1 X189.331 Y50.669 E5.39242
G1 X189.331 Y169.331 E4.03296
G1 X30.709 Y169.331 E5.39106
G1 X30.23 Y169.77 F9000
;TYPE:Outer wall
G1 F1800
G1 X30.23 Y50.23 E4.06277
G1 X189.77 Y50.23 E5.42223
G1 X189.77 Y169.77 E4.06277
G1 X30.27 Y169.77 E5.42087
G1 E-.84 F2400
;WIPE_START
G1 F1800
G1 X30.27 Y168.77 E-.36
;WIPE_END
G1 F9000
G1 X31.3074 Y168.574 Z0.257143
G1 X32.1074 Y169.264 Z0.314286
G1 X32.0672 Y170.319 Z0.371429
G1 X31.2171 Y170.946 Z0.428571
G1 X30.1972 Y170.672 Z0.485714
G1 X29.7756 Y169.703 Z0.542857
G1 X30.2697 Y168.77 Z0.6
G1 X189.206 Y51.638 Z.6
G1 Z.2
G1 E1.2 F1800
;TYPE:Bottom surface
;WIDTH:0.460412
G1 F4800
G1 X188.55 Y50.981 E.03158
G1 X187.96 Y50.981 E.02009
G1 X189.019 Y52.04 E.05095
G1 X189.019 Y52.631 E.02009
G1 X187.369 Y50.981 E.07936
G1 X186.779 Y50.981 E.02009
G1 X189.019 Y53.221 E.10777
G1 X189.019 Y53.812 E.02009
G1 X186.188 Y50.981 E.13617
G1 X185.598 Y50.981 E.02009
G1 X189.019 Y54.402 E.16458
G1 X189.019 Y54.993 E.02009
G1 X185.007 Y50.981 E.19299
G1 X184.417 Y50.981 E.02009
G1 X189.019 Y55.583 E.22139
G1 X189.019 Y56.173 E.02009
G1 X183.827 Y50.981 E.2498
G1 X183.236 Y50.981 E.02009
G1 X189.019 Y56.764 E.2782
G1 X189.019 Y57.354 E.02009
G1 X182.646 Y50.981 E.30661
G1 X182.055 Y50.981 E.02009
G1 X189.019 Y57.945 E.33502
G1 X189.019 Y58.535 E.02009
G1 X181.465 Y50.981 E.36342
G1 X180.875 Y50.981 E.02009
G1 X189.019 Y59.125 E.39183
G1 X189.019 Y59.716 E.02009
G1 X180.284 Y50.981 E.42024
G1 X179.694 Y50.981 E.02009
G1 X189.019 Y60.306 E.44864
G1 X189.019 Y60.897 E.02009
G1 X179.103 Y50.981 E.47705
G1 X178.513 Y50.981 E.02009
G1 X189.019 Y61.487 E.50546
G1 X189.019 Y62.078 E.02009
G1 X177.922 Y50.981 E.53386
G1 X177.332 Y50.981 E.02009
G1 X189.019 Y62.668 E.56227
G1 X189.019 Y63.258 E.02009
G1 X176.742 Y50.981 E.59068
G1 X176.151 Y50.981 E.02009
G1 X189.019 Y63.849 E.61908
G1 X189.019 Y64.439 E.02009
G1 X175.561 Y50.981 E.64749
G1 X174.97 Y50.981 E.02009
G1 X189.019 Y65.03 E.67589
G1 X189.019 Y65.62 E.02009
G1 X174.38 Y50.981 E.7043
G1 X173.789 Y50.981 E.02009
G1 X189.019 Y66.211 E.73271
G1 X189.019 Y66.801 E.02009
G1 X173.199 Y50.981 E.76111
G1 X172.609 Y50.981 E.02009
G1 X189.019 Y67.391 E.78952
G1 X189.019 Y67.982 E.02009
G1 X172.018 Y50.981 E.81793
G1 X171.428 Y50.981 E.02009
G1 X189.019 Y68.572 E.84633
G1 X189.019 Y69.163 E.02009
G1 X170.837 Y50.981 E.87474
G1 X170.247 Y50.981 E.02009
G1 X189.019 Y69.753 E.90315
G1 X189.019 Y70.344 E.02009
G1 X169.656 Y50.981 E.93155
G1 X169.066 Y50.981 E.02009
G1 X189.019 Y70.934 E.95996
G1 X189.019 Y71.524 E.02009
G1 X168.476 Y50.981 E.98837
G1 X167.885 Y50.981 E.02009
G1 X189.019 Y72.115 E1.01677
G1 X189.019 Y72.705 E.02009
G1 X167.295 Y50.981 E1.04518
G1 X166.704 Y50.981 E.02009
G1 X189.019 Y73.296 E1.07358
G1 X189.019 Y73.886 E.02009
G1 X166.114 Y50.981 E1.10199
G1 X165.524 Y50.981 E.02009
G1 X189.019 Y74.476 E1.1304
G1 X189.019 Y75.067 E.02009
G1 X164.933 Y50.981 E1.1588
G1 X164.343 Y50.981 E.02009
G1 X189.019 Y75.657 E1.18721
G1 X189.019 Y76.248 E.02009
G1 X163.752 Y50.981 E1.21562
G1 X163.162 Y50.981 E.02009
G1 X189.019 Y76.838 E1.24402
G1 X189.019 Y77.429 E.02009
G1 X162.571 Y50.981 E1.27243
G1 X161.981 Y50.981 E.02009
G1 X189.019 Y78.019 E1.30084
G1 X189.019 Y78.609 E.02009
G1 X161.391 Y50.981 E1.32924
G1 X160.8 Y50.981 E.02009
G1 X189.019 Y79.2 E1.35765
G1 X189.019 Y79.79 E.02009
G1 X160.21 Y50.981 E1.38605
G1 X159.619 Y50.981 E.02009
G1 X189.019 Y80.381 E1.41446
G1 X189.019 Y80.971 E.02009
G1 X159.029 Y50.981 E1.44287
G1 X158.438 Y50.981 E.02009
G1 X189.019 Y81.562 E1.47127
G1 X189.019 Y82.152 E.02009
G1 X157.848 Y50.981 E1.49968
G1 X157.258 Y50.981 E.02009
G1 X189.019 Y82.742 E1.52809
G1 X189.019 Y83.333 E.02009
G1 X156.667 Y50.981 E1.55649
G1 X156.077 Y50.981 E.02009
G1 X189.019 Y83.923 E1.5849
G1 X189.019 Y84.514 E.02009
G1 X155.486 Y50.981 E1.61331
G1 X154.896 Y50.981 E.02009
G1 X189.019 Y85.104 E1.64171
G1 X189.019 Y85.695 E.02009
G1 X154.305 Y50.981 E1.67012
G1 X153.715 Y50.981 E.02009
G1 X189.019 Y86.285 E1.69853
G1 X189.019 Y86.875 E.02009
G1 X153.125 Y50.981 E1.72693
G1 X152.534 Y50.981 E.02009
G1 X189.019 Y87.466 E1.75534
G1 X189.019 Y88.056 E.02009
G1 X151.944 Y50.981 E1.78374
G1 X151.353 Y50.981 E.02009
G1 X189.019 Y88.647 E1.81215
G1 X189.019 Y89.237 E.02009
G1 X150.763 Y50.981 E1.84056
G1 X150.173 Y50.981 E.02009
G1 X189.019 Y89.827 E1.86896
G1 X189.019 Y90.418 E.02009
G1 X149.582 Y50.981 E1.89737
G1 X148.992 Y50.981 E.02009
G1 X189.019 Y91.008 E1.92578
G1 X189.019 Y91.599 E.02009
G1 X148.401 Y50.981 E1.95418
G1 X147.811 Y50.981 E.02009
G1 X189.019 Y92.189 E1.98259
G1 X189.019 Y92.78 E.02009
G1 X147.22 Y50.981 E2.011
G1 X146.63 Y50.981 E.02009
G1 X189.019 Y93.37 E2.0394
G1 X189.019 Y93.96 E.02009
G1 X146.04 Y50.981 E2.06781
G1 X145.449 Y50.981 E.02009
G1 X189.019 Y94.551 E2.09622
G1 X189.019 Y95.141 E.02009
G1 X144.859 Y50.981 E2.12462
G1 X144.268 Y50.981 E.02009
G1 X189.019 Y95.732 E2.15303
G1 X189.019 Y96.322 E.02009
G1 X143.678 Y50.981 E2.18143
G1 X143.087 Y50.981 E.02009
G1 X189.019 Y96.913 E2.20984
G1 X189.019 Y97.503 E.02009
G1 X142.497 Y50.981 E2.23825
G1 X141.907 Y50.981 E.02009
G1 X189.019 Y98.093 E2.26665
G1 X189.019 Y98.684 E.02009
G1 X141.316 Y50.981 E2.29506
G1 X140.726 Y50.981 E.02009
G1 X189.019 Y99.274 E2.32347
G1 X189.019 Y99.865 E.02009
G1 X140.135 Y50.981 E2.35187
G1 X139.545 Y50.981 E.02009
G1 X189.019 Y100.455 E2.38028
G1 X189.019 Y101.046 E.02009
G1 X138.955 Y50.981 E2.40869
G1 X138.364 Y50.981 E.02009
G1 X189.019 Y101.636 E2.43709
G1 X189.019 Y102.226 E.02009
G1 X137.774 Y50.981 E2.4655
G1 X137.183 Y50.981 E.02009
G1 X189.019 Y102.817 E2.49391
G1 X189.019 Y103.407 E.02009
G1 X136.593 Y50.981 E2.52231
G1 X136.002 Y50.981 E.02009
G1 X189.019 Y103.998 E2.55072
G1 X189.019 Y104.588 E.02009
G1 X135.412 Y50.981 E2.57912
G1 X134.822 Y50.981 E.02009
G1 X189.019 Y105.178 E2.60753
G1 X189.019 Y105.769 E.02009
G1 X134.231 Y50.981 E2.63594
G1 X133.641 Y50.981 E.02009
G1 X189.019 Y106.359 E2.66434
G1 X189.019 Y106.95 E.02009
G1 X133.05 Y50.981 E2.69275
G1 X132.46 Y50.981 E.02009
G1 X189.019 Y107.54 E2.72116
G1 X189.019 Y108.131 E.02009
G1 X131.869 Y50.981 E2.74956
G1 X131.279 Y50.981 E.02009
G1 X189.019 Y108.721 E2.77797
G1 X189.019 Y109.311 E.02009
G1 X130.689 Y50.981 E2.80638
G1 X130.098 Y50.981 E.02009
G1 X189.019 Y109.902 E2.83478
G1 X189.019 Y110.492 E.02009
G1 X129.508 Y50.981 E2.86319
G1 X128.917 Y50.981 E.02009
G1 X189.019 Y111.083 E2.89159
G1 X189.019 Y111.673 E.02009
G1 X128.327 Y50.981 E2.92
G1 X127.736 Y50.981 E.02009
G1 X189.019 Y112.264 E2.94841
G1 X189.019 Y112.854 E.02009
G1 X127.146 Y50.981 E2.97681
G1 X126.556 Y50.981 E.02009
G1 X189.019 Y113.444 E3.00522
G1 X189.019 Y114.035 E.02009
G1 X125.965 Y50.981 E3.03363
G1 X125.375 Y50.981 E.02009
G1 X189.019 Y114.625 E3.06203
G1 X189.019 Y115.216 E.02009
G1 X124.784 Y50.981 E3.09044
G1 X124.194 Y50.981 E.02009
G1 X189.019 Y115.806 E3.11885
G1 X189.019 Y116.396 E.02009
G1 X123.604 Y50.981 E3.14725
G1 X123.013 Y50.981 E.02009
G1 X189.019 Y116.987 E3.17566
G1 X189.019 Y117.577 E.02009
G1 X122.423 Y50.981 E3.20407
G1 X121.832 Y50.981 E.02009
G1 X189.019 Y118.168 E3.23247
G1 X189.019 Y118.758 E.02009
G1 X121.242 Y50.981 E3.26088
G1 X120.651 Y50.981 E.02009
G1 X189.019 Y119.349 E3.28928
G1 X189.019 Y119.939 E.02009
G1 X120.061 Y50.981 E3.31769
G1 X119.471 Y50.981 E.02009
G1 X189.019 Y120.529 E3.3461
G1 X189.019 Y121.12 E.02009
G1 X118.88 Y50.981 E3.3745
G1 X118.29 Y50.981 E.02009
G1 X189.019 Y121.71 E3.40291
G1 X189.019 Y122.301 E.02009
G1 X117.699 Y50.981 E3.43132
G1 X117.109 Y50.981 E.02009
G1 X189.019 Y122.891 E3.45972
G1 X189.019 Y123.482 E.02009
G1 X116.518 Y50.981 E3.48813
G1 X115.928 Y50.981 E.02009
G1 X189.019 Y124.072 E3.51654
G1 X189.019 Y124.662 E.02009
G1 X115.338 Y50.981 E3.54494
G1 X114.747 Y50.981 E.02009
G1 X189.019 Y125.253 E3.57335
G1 X189.019 Y125.843 E.02009
G1 X114.157 Y50.981 E3.60176
G1 X113.566 Y50.981 E.02009
G1 X189.019 Y126.434 E3.63016
G1 X189.019 Y127.024 E.02009
G1 X112.976 Y50.981 E3.65857
G1 X112.385 Y50.981 E.02009
G1 X189.019 Y127.615 E3.68697
G1 X189.019 Y128.205 E.02009
G1 X111.795 Y50.981 E3.71538
G1 X111.205 Y50.981 E.02009
G1 X189.019 Y128.795 E3.74379
G1 X189.019 Y129.386 E.02009
G1 X110.614 Y50.981 E3.77219
G1 X110.024 Y50.981 E.02009
G1 X189.019 Y129.976 E3.8006
G1 X189.019 Y130.567 E.02009
G1 X109.433 Y50.981 E3.82901
G1 X108.843 Y50.981 E.02009
G1 X189.019 Y131.157 E3.85741
G1 X189.019 Y131.747 E.02009
G1 X108.253 Y50.981 E3.88582
G1 X107.662 Y50.981 E.02009
G1 X189.019 Y132.338 E3.91423
G1 X189.019 Y132.928 E.02009
G1 X107.072 Y50.981 E3.94263
G1 X106.481 Y50.981 E.02009
G1 X189.019 Y133.519 E3.97104
G1 X189.019 Y134.109 E.02009
G1 X105.891 Y50.981 E3.99944
G1 X105.3 Y50.981 E.02009
G1 X189.019 Y134.7 E4.02785
G1 X189.019 Y135.29 E.02009
G1 X104.71 Y50.981 E4.05626
G1 X104.12 Y50.981 E.02009
G1 X189.019 Y135.88 E4.08466
G1 X189.019 Y136.471 E.02009
G1 X103.529 Y50.981 E4.11307
G1 X102.939 Y50.981 E.02009
G1 X189.019 Y137.061 E4.14148
G1 X189.019 Y137.652 E.02009
G1 X102.348 Y50.981 E4.16988
G1 X101.758 Y50.981 E.02009
G1 X189.019 Y138.242 E4.19829
G1 X189.019 Y138.833 E.02009
G1 X101.167 Y50.981 E4.2267
G1 X100.577 Y50.981 E.02009
G1 X189.019 Y139.423 E4.2551
G1 X189.019 Y140.013 E.02009
G1 X99.987 Y50.981 E4.28351
G1 X99.396 Y50.981 E.02009
G1 X189.019 Y140.604 E4.31192
G1 X189.019 Y141.194 E.02009
G1 X98.806 Y50.981 E4.34032
G1 X98.215 Y50.981 E.02009
G1 X189.019 Y141.785 E4.36873
G1 X189.019 Y142.375 E.02009
G1 X97.625 Y50.981 E4.39713
G1 X97.034 Y50.981 E.02009
G1 X189.019 Y142.966 E4.42554
G1 X189.019 Y143.556 E.02009
G1 X96.444 Y50.981 E4.45395
G1 X95.854 Y50.981 E.02009
G1 X189.019 Y144.146 E4.48235
G1 X189.019 Y144.737 E.02009
G1 X95.263 Y50.981 E4.51076
G1 X94.673 Y50.981 E.02009
G1 X189.019 Y145.327 E4.53917
G1 X189.019 Y145.918 E.02009
G1 X94.082 Y50.981 E4.56757
G1 X93.492 Y50.981 E.02009
G1 X189.019 Y146.508 E4.59598
G1 X189.019 Y147.098 E.02009
G1 X92.902 Y50.981 E4.62439
G1 X92.311 Y50.981 E.02009
G1 X189.019 Y147.689 E4.65279
G1 X189.019 Y148.279 E.02009
G1 X91.721 Y50.981 E4.6812
G1 X91.13 Y50.981 E.02009
G1 X189.019 Y148.87 E4.70961
G1 X189.019 Y149.46 E.02009
G1 X90.54 Y50.981 E4.73801
G1 X89.949 Y50.981 E.02009
G1 X189.019 Y150.051 E4.76642
G1 X189.019 Y150.641 E.02009
G1 X89.359 Y50.981 E4.79482
G1 X88.769 Y50.981 E.02009
G1 X189.019 Y151.231 E4.82323
G1 X189.019 Y151.822 E.02009
G1 X88.178 Y50.981 E4.85164
G1 X87.588 Y50.981 E.02009
G1 X189.019 Y152.412 E4.88004
G1 X189.019 Y153.003 E.02009
G1 X86.997 Y50.981 E4.90845
G1 X86.407 Y50.981 E.02009
G1 X189.019 Y153.593 E4.93686
G1 X189.019 Y154.184 E.02009
G1 X85.816 Y50.981 E4.96526
G1 X85.226 Y50.981 E.02009
G1 X189.019 Y154.774 E4.99367
G1 X189.019 Y155.364 E.02009
G1 X84.636 Y50.981 E5.02208
G1 X84.045 Y50.981 E.02009
G1 X189.019 Y155.955 E5.05048
G1 X189.019 Y156.545 E.02009
G1 X83.455 Y50.981 E5.07889
G1 X82.864 Y50.981 E.02009
G1 X189.019 Y157.136 E5.1073
G1 X189.019 Y157.726 E.02009
G1 X82.274 Y50.981 E5.1357
G1 X81.683 Y50.981 E.02009
G1 X189.019 Y158.317 E5.16411
G1 X189.019 Y158.907 E.02009
G1 X81.093 Y50.981 E5.19251
G1 X80.503 Y50.981 E.02009
G1 X189.019 Y159.497 E5.22092
G1 X189.019 Y160.088 E.02009
G1 X79.912 Y50.981 E5.24933
G1 X79.322 Y50.981 E.02009
G1 X189.019 Y160.678 E5.27773
G1 X189.019 Y161.269 E.02009
G1 X78.731 Y50.981 E5.30614
G1 X78.141 Y50.981 E.02009
G1 X189.019 Y161.859 E5.33455
G1 X189.019 Y162.449 E.02009
G1 X77.551 Y50.981 E5.36295
G1 X76.96 Y50.981 E.02009
G1 X189.019 Y163.04 E5.39136
G1 X189.019 Y163.63 E.02009
G1 X76.37 Y50.981 E5.41977
G1 X75.779 Y50.981 E.02009
G1 X189.019 Y164.221 E5.44817
G1 X189.019 Y164.811 E.02009
G1 X75.189 Y50.981 E5.47658
G1 X74.598 Y50.981 E.02009
G1 X189.019 Y165.402 E5.50498
G1 X189.019 Y165.992 E.02009
G1 X74.008 Y50.981 E5.53339
G1 X73.418 Y50.981 E.02009
G1 X189.019 Y166.582 E5.5618
G1 X189.019 Y167.173 E.02009
G1 X72.827 Y50.981 E5.5902
G1 X72.237 Y50.981 E.02009
G1 X189.019 Y167.763 E5.61861
G1 X189.019 Y168.354 E.02009
G1 X71.646 Y50.981 E5.64702
G1 X71.056 Y50.981 E.02009
G1 X189.019 Y168.944 E5.67542
G1 X189.019 Y169.019 E.00254
G1 X188.503 Y169.019 E.01755
G1 X70.465 Y50.981 E5.67901
G1 X69.875 Y50.981 E.02009
G1 X187.912 Y169.019 E5.67901
G1 X187.322 Y169.019 E.02009
G1 X69.285 Y50.981 E5.67901
G1 X68.694 Y50.981 E.02009
G1 X186.731 Y169.019 E5.67901
G1 X186.141 Y169.019 E.02009
G1 X68.104 Y50.981 E5.67901
G1 X67.513 Y50.981 E.02009
G1 X185.551 Y169.019 E5.67901
G1 X184.96 Y169.019 E.02009
G1 X66.923 Y50.981 E5.67901
G1 X66.332 Y50.981 E.02009
G1 X184.37 Y169.019 E5.67901
G1 X183.779 Y169.019 E.02009
G1 X65.742 Y50.981 E5.67901
G1 X65.152 Y50.981 E.02009
G1 X183.189 Y169.019 E5.67901
G1 X182.599 Y169.019 E.02009
G1 X64.561 Y50.981 E5.67901
G1 X63.971 Y50.981 E.02009
G1 X182.008 Y169.019 E5.67901
G1 X181.418 Y169.019 E.02009
G1 X63.38 Y50.981 E5.67901
G1 X62.79 Y50.981 E.02009
G1 X180.827 Y169.019 E5.67901
G1 X180.237 Y169.019 E.02009
G1 X62.2 Y50.981 E5.67901
G1 X61.609 Y50.981 E.02009
G1 X179.646 Y169.019 E5.67901
G1 X179.056 Y169.019 E.02009
G1 X61.019 Y50.981 E5.67901
G1 X60.428 Y50.981 E.02009
G1 X178.466 Y169.019 E5.67901
G1 X177.875 Y169.019 E.02009
G1 X59.838 Y50.981 E5.67901
G1 X59.247 Y50.981 E.02009
G1 X177.285 Y169.019 E5.67901
G1 X176.694 Y169.019 E.02009
G1 X58.657 Y50.981 E5.67901
G1 X58.067 Y50.981 E.02009
G1 X176.104 Y169.019 E5.67901
G1 X175.513 Y169.019 E.02009
G1 X57.476 Y50.981 E5.67901
G1 X56.886 Y50.981 E.02009
G1 X174.923 Y169.019 E5.67901
G1 X174.333 Y169.019 E.02009
G1 X56.295 Y50.981 E5.67901
G1 X55.705 Y50.981 E.02009
G1 X173.742 Y169.019 E5.67901
G1 X173.152 Y169.019 E.02009
G1 X55.114 Y50.981 E5.67901
G1 X54.524 Y50.981 E.02009
G1 X172.561 Y169.019 E5.67901
G1 X171.971 Y169.019 E.02009
G1 X53.934 Y50.981 E5.67901
G1 X53.343 Y50.981 E.02009
G1 X171.38 Y169.019 E5.67901
G1 X170.79 Y169.019 E.02009
G1 X52.753 Y50.981 E5.67901
G1 X52.162 Y50.981 E.02009
G1 X170.2 Y169.019 E5.67901
G1 X169.609 Y169.019 E.02009
G1 X51.572 Y50.981 E5.67901
G1 X50.981 Y50.981 E.02009
G1 X169.019 Y169.019 E5.67901
G1 X168.428 Y169.019 E.02009
G1 X50.391 Y50.981 E5.67901
G1 X49.801 Y50.981 E.02009
G1 X167.838 Y169.019 E5.67901
G1 X167.248 Y169.019 E.02009
G1 X49.21 Y50.981 E5.67901
G1 X48.62 Y50.981 E.02009
G1 X166.657 Y169.019 E5.67901
G1 X166.067 Y169.019 E.02009
G1 X48.029 Y50.981 E5.67901
G1 X47.439 Y50.981 E.02009
G1 X165.476 Y169.019 E5.67901
G1 X164.886 Y169.019 E.02009
G1 X46.849 Y50.981 E5.67901
G1 X46.258 Y50.981 E.02009
G1 X164.295 Y169.019 E5.67901
G1 X163.705 Y169.019 E.02009
G1 X45.668 Y50.981 E5.67901
G1 X45.077 Y50.981 E.02009
G1 X163.115 Y169.019 E5.67901
G1 X162.524 Y169.019 E.02009
G1 X44.487 Y50.981 E5.67901
G1 X43.896 Y50.981 E.02009
G1 X161.934 Y169.019 E5.67901
G1 X161.343 Y169.019 E.02009
G1 X43.306 Y50.981 E5.67901
G1 X42.716 Y50.981 E.02009
G1 X160.753 Y169.019 E5.67901
G1 X160.162 Y169.019 E.02009
G1 X42.125 Y50.981 E5.67901
G1 X41.535 Y50.981 E.02009
G1 X159.572 Y169.019 E5.67901
G1 X158.982 Y169.019 E.02009
G1 X40.944 Y50.981 E5.67901
G1 X40.354 Y50.981 E.02009
G1 X158.391 Y169.019 E5.67901
G1 X157.801 Y169.019 E.02009
G1 X39.763 Y50.981 E5.67901
G1 X39.173 Y50.981 E.02009
G1 X157.21 Y169.019 E5.67901
G1 X156.62 Y169.019 E.02009
G1 X38.583 Y50.981 E5.67901
G1 X37.992 Y50.981 E.02009
G1 X156.029 Y169.019 E5.67901
G1 X155.439 Y169.019 E.02009
G1 X37.402 Y50.981 E5.67901
G1 X36.811 Y50.981 E.02009
G1 X154.849 Y169.019 E5.67901
G1 X154.258 Y169.019 E.02009
G1 X36.221 Y50.981 E5.67901
G1 X35.631 Y50.981 E.02009
G1 X153.668 Y169.019 E5.67901
G1 X153.077 Y169.019 E.02009
G1 X35.04 Y50.981 E5.67901
G1 X34.45 Y50.981 E.02009
G1 X152.487 Y169.019 E5.67901
G1 X151.897 Y169.019 E.02009
G1 X33.859 Y50.981 E5.67901
G1 X33.269 Y50.981 E.02009
G1 X151.306 Y169.019 E5.67901
G1 X150.716 Y169.019 E.02009
G1 X32.678 Y50.981 E5.67901
G1 X32.088 Y50.981 E.02009
G1 X150.125 Y169.019 E5.67901
G1 X149.535 Y169.019 E.02009
G1 X31.498 Y50.981 E5.67901
G1 X30.981 Y50.981 E.01756
G1 X30.981 Y51.056 E.00253
G1 X148.944 Y169.019 E5.67544
G1 X148.354 Y169.019 E.02009
G1 X30.981 Y51.646 E5.64703
G1 X30.981 Y52.236 E.02009
G1 X147.764 Y169.019 E5.61862
G1 X147.173 Y169.019 E.02009
G1 X30.981 Y52.827 E5.59022
G1 X30.981 Y53.417 E.02009
G1 X146.583 Y169.019 E5.56181
G1 X145.992 Y169.019 E.02009
G1 X30.981 Y54.008 E5.53341
G1 X30.981 Y54.598 E.02009
G1 X145.402 Y169.019 E5.505
G1 X144.811 Y169.019 E.02009
G1 X30.981 Y55.189 E5.47659
G1 X30.981 Y55.779 E.02009
G1 X144.221 Y169.019 E5.44819
G1 X143.631 Y169.019 E.02009
G1 X30.981 Y56.369 E5.41978
G1 X30.981 Y56.96 E.02009
G1 X143.04 Y169.019 E5.39137
G1 X142.45 Y169.019 E.02009
G1 X30.981 Y57.55 E5.36297
G1 X30.981 Y58.141 E.02009
G1 X141.859 Y169.019 E5.33456
G1 X141.269 Y169.019 E.02009
G1 X30.981 Y58.731 E5.30615
G1 X30.981 Y59.321 E.02009
G1 X140.679 Y169.019 E5.27775
G1 X140.088 Y169.019 E.02009
G1 X30.981 Y59.912 E5.24934
G1 X30.981 Y60.502 E.02009
G1 X139.498 Y169.019 E5.22093
G1 X138.907 Y169.019 E.02009
G1 X30.981 Y61.093 E5.19253
G1 X30.981 Y61.683 E.02009
G1 X138.317 Y169.019 E5.16412
G1 X137.726 Y169.019 E.02009
G1 X30.981 Y62.274 E5.13572
G1 X30.981 Y62.864 E.02009
G1 X137.136 Y169.019 E5.10731
G1 X136.546 Y169.019 E.02009
G1 X30.981 Y63.454 E5.0789
G1 X30.981 Y64.045 E.02009
G1 X135.955 Y169.019 E5.0505
G1 X135.365 Y169.019 E.02009
G1 X30.981 Y64.635 E5.02209
G1 X30.981 Y65.226 E.02009
G1 X134.774 Y169.019 E4.99368
G1 X134.184 Y169.019 E.02009
G1 X30.981 Y65.816 E4.96528
G1 X30.981 Y66.407 E.02009
G1 X133.593 Y169.019 E4.93687
G1 X133.003 Y169.019 E.02009
G1 X30.981 Y66.997 E4.90846
G1 X30.981 Y67.587 E.02009
G1 X132.413 Y169.019 E4.88006
G1 X131.822 Y169.019 E.02009
G1 X30.981 Y68.178 E4.85165
G1 X30.981 Y68.768 E.02009
G1 X131.232 Y169.019 E4.82325
G1 X130.641 Y169.019 E.02009
G1 X30.981 Y69.359 E4.79484
G1 X30.981 Y69.949 E.02009
G1 X130.051 Y169.019 E4.76643
G1 X129.46 Y169.019 E.02009
G1 X30.981 Y70.54 E4.73803
G1 X30.981 Y71.13 E.02009
G1 X128.87 Y169.019 E4.70962
G1 X128.28 Y169.019 E.02009
G1 X30.981 Y71.72 E4.68121
G1 X30.981 Y72.311 E.02009
G1 X127.689 Y169.019 E4.65281
G1 X127.099 Y169.019 E.02009
G1 X30.981 Y72.901 E4.6244
G1 X30.981 Y73.492 E.02009
G1 X126.508 Y169.019 E4.59599
G1 X125.918 Y169.019 E.02009
G1 X30.981 Y74.082 E4.56759
G1 X30.981 Y74.672 E.02009
G1 X125.328 Y169.019 E4.53918
G1 X124.737 Y169.019 E.02009
G1 X30.981 Y75.263 E4.51077
G1 X30.981 Y75.853 E.02009
G1 X124.147 Y169.019 E4.48237
G1 X123.556 Y169.019 E.02009
G1 X30.981 Y76.444 E4.45396
G1 X30.981 Y77.034 E.02009
G1 X122.966 Y169.019 E4.42556
G1 X122.375 Y169.019 E.02009
G1 X30.981 Y77.625 E4.39715
G1 X30.981 Y78.215 E.02009
G1 X121.785 Y169.019 E4.36874
G1 X121.195 Y169.019 E.02009
G1 X30.981 Y78.805 E4.34034
G1 X30.981 Y79.396 E.02009
G1 X120.604 Y169.019 E4.31193
G1 X120.014 Y169.019 E.02009
G1 X30.981 Y79.986 E4.28352
G1 X30.981 Y80.577 E.02009
G1 X119.423 Y169.019 E4.25512
G1 X118.833 Y169.019 E.02009
G1 X30.981 Y81.167 E4.22671
G1 X30.981 Y81.758 E.02009
G1 X118.242 Y169.019 E4.1983
G1 X117.652 Y169.019 E.02009
G1 X30.981 Y82.348 E4.1699
G1 X30.981 Y82.938 E.02009
G1 X117.062 Y169.019 E4.14149
G1 X116.471 Y169.019 E.02009
G1 X30.981 Y83.529 E4.11308
G1 X30.981 Y84.119 E.02009
G1 X115.881 Y169.019 E4.08468
G1 X115.29 Y169.019 E.02009
G1 X30.981 Y84.71 E4.05627
G1 X30.981 Y85.3 E.02009
G1 X114.7 Y169.019 E4.02787
G1 X114.109 Y169.019 E.02009
G1 X30.981 Y85.891 E3.99946
G1 X30.981 Y86.481 E.02009
G1 X113.519 Y169.019 E3.97105
G1 X112.929 Y169.019 E.02009
G1 X30.981 Y87.071 E3.94265
G1 X30.981 Y87.662 E.02009
G1 X112.338 Y169.019 E3.91424
G1 X111.748 Y169.019 E.02009
G1 X30.981 Y88.252 E3.88583
G1 X30.981 Y88.843 E.02009
G1 X111.157 Y169.019 E3.85743
G1 X110.567 Y169.019 E.02009
G1 X30.981 Y89.433 E3.82902
G1 X30.981 Y90.023 E.02009
G1 X109.977 Y169.019 E3.80061
G1 X109.386 Y169.019 E.02009
G1 X30.981 Y90.614 E3.77221
G1 X30.981 Y91.204 E.02009
G1 X108.796 Y169.019 E3.7438
G1 X108.205 Y169.019 E.02009
G1 X30.981 Y91.795 E3.71539
G1 X30.981 Y92.385 E.02009
G1 X107.615 Y169.019 E3.68699
G1 X107.024 Y169.019 E.02009
G1 X30.981 Y92.976 E3.65858
G1 X30.981 Y93.566 E.02009
G1 X106.434 Y169.019 E3.63018
G1 X105.844 Y169.019 E.02009
G1 X30.981 Y94.156 E3.60177
G1 X30.981 Y94.747 E.02009
G1 X105.253 Y169.019 E3.57336
G1 X104.663 Y169.019 E.02009
G1 X30.981 Y95.337 E3.54496
G1 X30.981 Y95.928 E.02009
G1 X104.072 Y169.019 E3.51655
G1 X103.482 Y169.019 E.02009
G1 X30.981 Y96.518 E3.48814
G1 X30.981 Y97.109 E.02009
G1 X102.891 Y169.019 E3.45974
G1 X102.301 Y169.019 E.02009
G1 X30.981 Y97.699 E3.43133
G1 X30.981 Y98.289 E.02009
G1 X101.711 Y169.019 E3.40292
G1 X101.12 Y169.019 E.02009
G1 X30.981 Y98.88 E3.37452
G1 X30.981 Y99.47 E.02009
G1 X100.53 Y169.019 E3.34611
G1 X99.939 Y169.019 E.02009
G1 X30.981 Y100.061 E3.31771
G1 X30.981 Y100.651 E.02009
G1 X99.349 Y169.019 E3.2893
G1 X98.758 Y169.019 E.02009
G1 X30.981 Y101.242 E3.26089
G1 X30.981 Y101.832 E.02009
G1 X98.168 Y169.019 E3.23249
G1 X97.578 Y169.019 E.02009
G1 X30.981 Y102.422 E3.20408
G1 X30.981 Y103.013 E.02009
G1 X96.987 Y169.019 E3.17567
G1 X96.397 Y169.019 E.02009
G1 X30.981 Y103.603 E3.14727
G1 X30.981 Y104.194 E.02009
G1 X95.806 Y169.019 E3.11886
G1 X95.216 Y169.019 E.02009
G1 X30.981 Y104.784 E3.09045
G1 X30.981 Y105.374 E.02009
G1 X94.626 Y169.019 E3.06205
G1 X94.035 Y169.019 E.02009
G1 X30.981 Y105.965 E3.03364
G1 X30.981 Y106.555 E.02009
G1 X93.445 Y169.019 E3.00523
G1 X92.854 Y169.019 E.02009
G1 X30.981 Y107.146 E2.97683
G1 X30.981 Y107.736 E.02009
G1 X92.264 Y169.019 E2.94842
G1 X91.673 Y169.019 E.02009
G1 X30.981 Y108.327 E2.92002
G1 X30.981 Y108.917 E.02009
G1 X91.083 Y169.019 E2.89161
G1 X90.493 Y169.019 E.02009
G1 X30.981 Y109.507 E2.8632
G1 X30.981 Y110.098 E.02009
G1 X89.902 Y169.019 E2.8348
G1 X89.312 Y169.019 E.02009
G1 X30.981 Y110.688 E2.80639
G1 X30.981 Y111.279 E.02009
G1 X88.721 Y169.019 E2.77798
G1 X88.131 Y169.019 E.02009
G1 X30.981 Y111.869 E2.74958
G1 X30.981 Y112.46 E.02009
G1 X87.54 Y169.019 E2.72117
G1 X86.95 Y169.019 E.02009
G1 X30.981 Y113.05 E2.69276
G1 X30.981 Y113.64 E.02009
G1 X86.36 Y169.019 E2.66436
G1 X85.769 Y169.019 E.02009
G1 X30.981 Y114.231 E2.63595
G1 X30.981 Y114.821 E.02009
G1 X85.179 Y169.019 E2.60754
G1 X84.588 Y169.019 E.02009
G1 X30.981 Y115.412 E2.57914
G1 X30.981 Y116.002 E.02009
G1 X83.998 Y169.019 E2.55073
G1 X83.407 Y169.019 E.02009
G1 X30.981 Y116.593 E2.52233
G1 X30.981 Y117.183 E.02009
G1 X82.817 Y169.019 E2.49392
G1 X82.227 Y169.019 E.02009
G1 X30.981 Y117.773 E2.46551
G1 X30.981 Y118.364 E.02009
G1 X81.636 Y169.019 E2.43711
G1 X81.046 Y169.019 E.02009
G1 X30.981 Y118.954 E2.4087
G1 X30.981 Y119.545 E.02009
G1 X80.455 Y169.019 E2.38029
G1 X79.865 Y169.019 E.02009
G1 X30.981 Y120.135 E2.35189
G1 X30.981 Y120.725 E.02009
G1 X79.275 Y169.019 E2.32348
G1 X78.684 Y169.019 E.02009
G1 X30.981 Y121.316 E2.29507
G1 X30.981 Y121.906 E.02009
G1 X78.094 Y169.019 E2.26667
G1 X77.503 Y169.019 E.02009
G1 X30.981 Y122.497 E2.23826
G1 X30.981 Y123.087 E.02009
G1 X76.913 Y169.019 E2.20985
G1 X76.322 Y169.019 E.02009
G1 X30.981 Y123.678 E2.18145
G1 X30.981 Y124.268 E.02009
G1 X75.732 Y169.019 E2.15304
G1 X75.142 Y169.019 E.02009
G1 X30.981 Y124.858 E2.12464
G1 X30.981 Y125.449 E.02009
G1 X74.551 Y169.019 E2.09623
G1 X73.961 Y169.019 E.02009
G1 X30.981 Y126.039 E2.06782
G1 X30.981 Y126.63 E.02009
G1 X73.37 Y169.019 E2.03942
G1 X72.78 Y169.019 E.02009
G1 X30.981 Y127.22 E2.01101
G1 X30.981 Y127.811 E.02009
G1 X72.189 Y169.019 E1.9826
G1 X71.599 Y169.019 E.02009
G1 X30.981 Y128.401 E1.9542
G1 X30.981 Y128.991 E.02009
G1 X71.009 Y169.019 E1.92579
G1 X70.418 Y169.019 E.02009
G1 X30.981 Y129.582 E1.89738
G1 X30.981 Y130.172 E.02009
G1 X69.828 Y169.019 E1.86898
G1 X69.237 Y169.019 E.02009
G1 X30.981 Y130.763 E1.84057
G1 X30.981 Y131.353 E.02009
G1 X68.647 Y169.019 E1.81217
G1 X68.056 Y169.019 E.02009
G1 X30.981 Y131.944 E1.78376
G1 X30.981 Y132.534 E.02009
G1 X67.466 Y169.019 E1.75535
G1 X66.876 Y169.019 E.02009
G1 X30.981 Y133.124 E1.72695
G1 X30.981 Y133.715 E.02009
G1 X66.285 Y169.019 E1.69854
G1 X65.695 Y169.019 E.02009
G1 X30.981 Y134.305 E1.67013
G1 X30.981 Y134.896 E.02009
G1 X65.104 Y169.019 E1.64173
G1 X64.514 Y169.019 E.02009
G1 X30.981 Y135.486 E1.61332
G1 X30.981 Y136.076 E.02009
G1 X63.924 Y169.019 E1.58491
G1 X63.333 Y169.019 E.02009
G1 X30.981 Y136.667 E1.55651
G1 X30.981 Y137.257 E.02009
G1 X62.743 Y169.019 E1.5281
G1 X62.152 Y169.019 E.02009
G1 X30.981 Y137.848 E1.49969
G1 X30.981 Y138.438 E.02009
G1 X61.562 Y169.019 E1.47129
G1 X60.971 Y169.019 E.02009
G1 X30.981 Y139.029 E1.44288
G1 X30.981 Y139.619 E.02009
G1 X60.381 Y169.019 E1.41448
G1 X59.791 Y169.019 E.02009
G1 X30.981 Y140.209 E1.38607
G1 X30.981 Y140.8 E.02009
G1 X59.2 Y169.019 E1.35766
G1 X58.61 Y169.019 E.02009
G1 X30.981 Y141.39 E1.32926
G1 X30.981 Y141.981 E.02009
G1 X58.019 Y169.019 E1.30085
G1 X57.429 Y169.019 E.02009
G1 X30.981 Y142.571 E1.27244
G1 X30.981 Y143.162 E.02009
G1 X56.838 Y169.019 E1.24404
G1 X56.248 Y169.019 E.02009
G1 X30.981 Y143.752 E1.21563
G1 X30.981 Y144.342 E.02009
G1 X55.658 Y169.019 E1.18722
G1 X55.067 Y169.019 E.02009
G1 X30.981 Y144.933 E1.15882
G1 X30.981 Y145.523 E.02009
G1 X54.477 Y169.019 E1.13041
G1 X53.886 Y169.019 E.02009
G1 X30.981 Y146.114 E1.102
G1 X30.981 Y146.704 E.02009
G1 X53.296 Y169.019 E1.0736
G1 X52.705 Y169.019 E.02009
G1 X30.981 Y147.295 E1.04519
G1 X30.981 Y147.885 E.02009
G1 X52.115 Y169.019 E1.01679
G1 X51.525 Y169.019 E.02009
G1 X30.981 Y148.475 E.98838
G1 X30.981 Y149.066 E.02009
G1 X50.934 Y169.019 E.95997
G1 X50.344 Y169.019 E.02009
G1 X30.981 Y149.656 E.93157
G1 X30.981 Y150.247 E.02009
G1 X49.753 Y169.019 E.90316
G1 X49.163 Y169.019 E.02009
G1 X30.981 Y150.837 E.87475
G1 X30.981 Y151.427 E.02009
G1 X48.573 Y169.019 E.84635
G1 X47.982 Y169.019 E.02009
G1 X30.981 Y152.018 E.81794
G1 X30.981 Y152.608 E.02009
G1 X47.392 Y169.019 E.78953
G1 X46.801 Y169.019 E.02009
G1 X30.981 Y153.199 E.76113
G1 X30.981 Y153.789 E.02009
G1 X46.211 Y169.019 E.73272
G1 X45.62 Y169.019 E.02009
G1 X30.981 Y154.38 E.70431
G1 X30.981 Y154.97 E.02009
G1 X45.03 Y169.019 E.67591
G1 X44.44 Y169.019 E.02009
G1 X30.981 Y155.56 E.6475
G1 X30.981 Y156.151 E.02009
G1 X43.849 Y169.019 E.6191
G1 X43.259 Y169.019 E.02009
G1 X30.981 Y156.741 E.59069
G1 X30.981 Y157.332 E.02009
G1 X42.668 Y169.019 E.56228
G1 X42.078 Y169.019 E.02009
G1 X30.981 Y157.922 E.53388
G1 X30.981 Y158.513 E.02009
G1 X41.487 Y169.019 E.50547
G1 X40.897 Y169.019 E.02009
G1 X30.981 Y159.103 E.47706
G1 X30.981 Y159.693 E.02009
G1 X40.307 Y169.019 E.44866
G1 X39.716 Y169.019 E.02009
G1 X30.981 Y160.284 E.42025
G1 X30.981 Y160.874 E.02009
G1 X39.126 Y169.019 E.39184
G1 X38.535 Y169.019 E.02009
G1 X30.981 Y161.465 E.36344
G1 X30.981 Y162.055 E.02009
G1 X37.945 Y169.019 E.33503
G1 X37.355 Y169.019 E.02009
G1 X30.981 Y162.645 E.30663
G1 X30.981 Y163.236 E.02009
G1 X36.764 Y169.019 E.27822
G1 X36.174 Y169.019 E.02009
G1 X30.981 Y163.826 E.24981
G1 X30.981 Y164.417 E.02009
G1 X35.583 Y169.019 E.22141
G1 X34.993 Y169.019 E.02009
G1 X30.981 Y165.007 E.193
G1 X30.981 Y165.598 E.02009
G1 X34.402 Y169.019 E.16459
G1 X33.812 Y169.019 E.02009
G1 X30.981 Y166.188 E.13619
G1 X30.981 Y166.778 E.02009
G1 X33.222 Y169.019 E.10778
G1 X32.631 Y169.019 E.02009
G1 X30.981 Y167.369 E.07937
G1 X30.981 Y167.959 E.02009
G1 X32.041 Y169.019 E.05097
G1 X31.45 Y169.019 E.02009
G1 X30.794 Y168.362 E.03159
; stop printing object Object_1 id:94613208297312 copy 0
M106 S255
;LAYER_CHANGE
;Z:0.4
;HEIGHT:0.2
;BEFORE_LAYER_CHANGE
;0.4
G92 E0

G1 E-.84 F2400
;WIPE_START
G1 F4800
G1 X31.45 Y169.019 E-.33429
G1 X31.522 Y169.019 E-.02571
;WIPE_END
;_SET_FAN_SPEED_CHANGING_LAYER
M204 P2500
; printing object Object_1 id:94613208297312 copy 0
G1 F9000
G1 X30.4682 Y168.945 Z0.457143
G1 X29.8689 Y168.076 Z0.514286
G1 X30.175 Y167.065 Z0.571429
G1 X31.156 Y166.674 Z0.628571
G1 X32.0733 Y167.197 Z0.685714
G1 X32.236 Y168.241 Z0.742857
G1 X31.5217 Y169.019 Z0.8
G1 X30.624 Y169.376 Z.8
G1 Z.4
G1 E1.2 F1800
M204 P2000
;TYPE:Inner wall
;WIDTH:0.449999
G1 F5400
G1 X30.624 Y50.624 E3.93925
G1 X189.376 Y50.624 E5.26612
G1 X189.376 Y169.376 E3.93925
G1 X30.664 Y169.376 E5.26479
M204 T1000
G1 X30.21 Y169.79 F9000
M204 P1000
;TYPE:Outer wall
;WIDTH:0.419999
G1 F3600
G1 X30.21 Y50.21 E3.67435
G1 X189.79 Y50.21 E4.90344
G1 X189.79 Y169.79 E3.67435
G1 X30.25 Y169.79 E4.90221
M204 T2500
G1 E-.84 F2400
;WIPE_START
G1 F3600
G1 X30.25 Y168.79 E-.36
;WIPE_END
G1 F9000
G1 X30.7143 Y167.842 Z0.457143
G1 X31.7455 Y167.614 Z0.514286
G1 X32.5666 Y168.278 Z0.571429
G1 X32.5594 Y169.334 Z0.628571
G1 X31.7293 Y169.987 Z0.685714
G1 X30.7014 Y169.745 Z0.742857
G1 X30.2497 Y168.79 Z0.8
G1 X31.05 Y50.983 Z.8
G1 Z.4
G1 E1.2 F1800
M204 P2500
;TYPE:Internal solid infill
;WIDTH:0.439956
G1 F10800
G1 X30.976 Y51.026 E.00278
G1 X31.055 Y51.06 E.0028
G1 X187.218 Y169.215 F9000
;WIDTH:0.419999
G1 F10800
G1 X189.045 Y167.387 E.07943
G1 X189.045 Y166.854 E.01639
G1 X186.854 Y169.045 E.09523
G1 X186.321 Y169.045 E.01639
G1 X189.045 Y166.321 E.1184
G1 X189.045 Y165.788 E.01639
G1 X185.788 Y169.045 E.14157
G1 X185.254 Y169.045 E.01639
G1 X189.045 Y165.254 E.16475
G1 X189.045 Y164.721 E.01639
G1 X184.721 Y169.045 E.18792
G1 X184.188 Y169.045 E.01639
G1 X189.045 Y164.188 E.21109
G1 X189.045 Y163.654 E.01639
G1 X183.654 Y169.045 E.23426
G1 X183.121 Y169.045 E.01639
G1 X189.045 Y163.121 E.25744
G1 X189.045 Y162.588 E.01639
G1 X182.588 Y169.045 E.28061
G1 X182.055 Y169.045 E.01639
G1 X189.045 Y162.055 E.30378
G1 X189.045 Y161.521 E.01639
G1 X181.521 Y169.045 E.32696
G1 X180.988 Y169.045 E.01639
G1 X189.045 Y160.988 E.35013
G1 X189.045 Y160.455 E.01639
G1 X180.455 Y169.045 E.3733
G1 X179.922 Y169.045 E.01639
G1 X189.045 Y159.922 E.39648
G1 X189.045 Y159.388 E.01639
G1 X179.388 Y169.045 E.41965
G1 X178.855 Y169.045 E.01639
G1 X189.045 Y158.855 E.44282
G1 X189.045 Y158.322 E.01639
G1 X178.322 Y169.045 E.466
G1 X177.788 Y169.045 E.01639
G1 X189.045 Y157.788 E.48917
G1 X189.045 Y157.255 E.01639
G1 X177.255 Y169.045 E.51234
G1 X176.722 Y169.045 E.01639
G1 X189.045 Y156.722 E.53552
G1 X189.045 Y156.189 E.01639
G1 X176.189 Y169.045 E.55869
G1 X175.655 Y169.045 E.01639
G1 X189.045 Y155.655 E.58186
G1 X189.045 Y155.122 E.01639
G1 X175.122 Y169.045 E.60503
G1 X174.589 Y169.045 E.01639
G1 X189.045 Y154.589 E.62821
G1 X189.045 Y154.056 E.01639
G1 X174.056 Y169.045 E.65138
G1 X173.522 Y169.045 E.01639
G1 X189.045 Y153.522 E.67455
G1 X189.045 Y152.989 E.01639
G1 X172.989 Y169.045 E.69773
G1 X172.456 Y169.045 E.01639
G1 X189.045 Y152.456 E.7209
G1 X189.045 Y151.923 E.01639
G1 X171.922 Y169.045 E.74407
G1 X171.389 Y169.045 E.01639
G1 X189.045 Y151.389 E.76725
G1 X189.045 Y150.856 E.01639
G1 X170.856 Y169.045 E.79042
G1 X170.323 Y169.045 E.01639
G1 X189.045 Y150.323 E.81359
G1 X189.045 Y149.789 E.01639
G1 X169.789 Y169.045 E.83677
G1 X169.256 Y169.045 E.01639
G1 X189.045 Y149.256 E.85994
G1 X189.045 Y148.723 E.01639
G1 X168.723 Y169.045 E.88311
G1 X168.19 Y169.045 E.01639
G1 X189.045 Y148.19 E.90629
G1 X189.045 Y147.656 E.01639
G1 X167.656 Y169.045 E.92946
G1 X167.123 Y169.045 E.01639
G1 X189.045 Y147.123 E.95263
G1 X189.045 Y146.59 E.01639
G1 X166.59 Y169.045 E.97581
G1 X166.057 Y169.045 E.01639
G1 X189.045 Y146.057 E.99898
G1 X189.045 Y145.523 E.01639
G1 X165.523 Y169.045 E1.02215
G1 X164.99 Y169.045 E.01639
G1 X189.045 Y144.99 E1.04532
G1 X189.045 Y144.457 E.01639
G1 X164.457 Y169.045 E1.0685
G1 X163.923 Y169.045 E.01639
G1 X189.045 Y143.923 E1.09167
G1 X189.045 Y143.39 E.01639
G1 X163.39 Y169.045 E1.11484
G1 X162.857 Y169.045 E.01639
G1 X189.045 Y142.857 E1.13802
G1 X189.045 Y142.324 E.01639
G1 X162.324 Y169.045 E1.16119
G1 X161.79 Y169.045 E.01639
G1 X189.045 Y141.79 E1.18436
G1 X189.045 Y141.257 E.01639
G1 X161.257 Y169.045 E1.20754
G1 X160.724 Y169.045 E.01639
G1 X189.045 Y140.724 E1.23071
G1 X189.045 Y140.191 E.01639
G1 X160.191 Y169.045 E1.25388
G1 X159.657 Y169.045 E.01639
G1 X189.045 Y139.657 E1.27706
G1 X189.045 Y139.124 E.01639
G1 X159.124 Y169.045 E1.30023
G1 X158.591 Y169.045 E.01639
G1 X189.045 Y138.591 E1.3234
G1 X189.045 Y138.057 E.01639
G1 X158.057 Y169.045 E1.34658
G1 X157.524 Y169.045 E.01639
G1 X189.045 Y137.524 E1.36975
G1 X189.045 Y136.991 E.01639
G1 X156.991 Y169.045 E1.39292
G1 X156.458 Y169.045 E.01639
G1 X189.045 Y136.458 E1.41609
G1 X189.045 Y135.924 E.01639
G1 X155.924 Y169.045 E1.43927
G1 X155.391 Y169.045 E.01639
G1 X189.045 Y135.391 E1.46244
G1 X189.045 Y134.858 E.01639
G1 X154.858 Y169.045 E1.48561
G1 X154.325 Y169.045 E.01639
G1 X189.045 Y134.325 E1.50879
G1 X189.045 Y133.791 E.01639
G1 X153.791 Y169.045 E1.53196
G1 X153.258 Y169.045 E.01639
G1 X189.045 Y133.258 E1.55513
G1 X189.045 Y132.725 E.01639
G1 X152.725 Y169.045 E1.57831
G1 X152.191 Y169.045 E.01639
G1 X189.045 Y132.192 E1.60148
G1 X189.045 Y131.658 E.01639
G1 X151.658 Y169.045 E1.62465
G1 X151.125 Y169.045 E.01639
G1 X189.045 Y131.125 E1.64783
G1 X189.045 Y130.592 E.01639
G1 X150.592 Y169.045 E1.671
G1 X150.058 Y169.045 E.01639
G1 X189.045 Y130.058 E1.69417
G1 X189.045 Y129.525 E.01639
G1 X149.525 Y169.045 E1.71735
G1 X148.992 Y169.045 E.01639
G1 X189.045 Y128.992 E1.74052
G1 X189.045 Y128.459 E.01639
G1 X148.459 Y169.045 E1.76369
G1 X147.925 Y169.045 E.01639
G1 X189.045 Y127.925 E1.78686
G1 X189.045 Y127.392 E.01639
G1 X147.392 Y169.045 E1.81004
G1 X146.859 Y169.045 E.01639
G1 X189.045 Y126.859 E1.83321
G1 X189.045 Y126.326 E.01639
G1 X146.326 Y169.045 E1.85638
G1 X145.792 Y169.045 E.01639
G1 X189.045 Y125.792 E1.87956
G1 X189.045 Y125.259 E.01639
G1 X145.259 Y169.045 E1.90273
G1 X144.726 Y169.045 E.01639
G1 X189.045 Y124.726 E1.9259
G1 X189.045 Y124.192 E.01639
G1 X144.192 Y169.045 E1.94908
G1 X143.659 Y169.045 E.01639
G1 X189.045 Y123.659 E1.97225
G1 X189.045 Y123.126 E.01639
G1 X143.126 Y169.045 E1.99542
G1 X142.593 Y169.045 E.01639
G1 X189.045 Y122.593 E2.0186
G1 X189.045 Y122.059 E.01639
G1 X142.059 Y169.045 E2.04177
G1 X141.526 Y169.045 E.01639
G1 X189.045 Y121.526 E2.06494
G1 X189.045 Y120.993 E.01639
G1 X140.993 Y169.045 E2.08812
G1 X140.46 Y169.045 E.01639
G1 X189.045 Y120.46 E2.11129
G1 X189.045 Y119.926 E.01639
G1 X139.926 Y169.045 E2.13446
G1 X139.393 Y169.045 E.01639
G1 X189.045 Y119.393 E2.15763
G1 X189.045 Y118.86 E.01639
G1 X138.86 Y169.045 E2.18081
G1 X138.326 Y169.045 E.01639
G1 X189.045 Y118.326 E2.20398
G1 X189.045 Y117.793 E.01639
G1 X137.793 Y169.045 E2.22715
G1 X137.26 Y169.045 E.01639
G1 X189.045 Y117.26 E2.25033
G1 X189.045 Y116.727 E.01639
G1 X136.727 Y169.045 E2.2735
G1 X136.193 Y169.045 E.01639
G1 X189.045 Y116.193 E2.29667
G1 X189.045 Y115.66 E.01639
G1 X135.66 Y169.045 E2.31985
G1 X135.127 Y169.045 E.01639
G1 X189.045 Y115.127 E2.34302
G1 X189.045 Y114.594 E.01639
G1 X134.594 Y169.045 E2.36619
G1 X134.06 Y169.045 E.01639
G1 X189.045 Y114.06 E2.38937
G1 X189.045 Y113.527 E.01639
G1 X133.527 Y169.045 E2.41254
G1 X132.994 Y169.045 E.01639
G1 X189.045 Y112.994 E2.43571
G1 X189.045 Y112.461 E.01639
G1 X132.46 Y169.045 E2.45889
G1 X131.927 Y169.045 E.01639
G1 X189.045 Y111.927 E2.48206
G1 X189.045 Y111.394 E.01639
G1 X131.394 Y169.045 E2.50523
G1 X130.861 Y169.045 E.01639
G1 X189.045 Y110.861 E2.52841
G1 X189.045 Y110.327 E.01639
G1 X130.327 Y169.045 E2.55158
G1 X129.794 Y169.045 E.01639
G1 X189.045 Y109.794 E2.57475
G1 X189.045 Y109.261 E.01639
G1 X129.261 Y169.045 E2.59792
G1 X128.728 Y169.045 E.01639
G1 X189.045 Y108.728 E2.6211
G1 X189.045 Y108.194 E.01639
G1 X128.194 Y169.045 E2.64427
G1 X127.661 Y169.045 E.01639
G1 X189.045 Y107.661 E2.66744
G1 X189.045 Y107.128 E.01639
G1 X127.128 Y169.045 E2.69062
G1 X126.595 Y169.045 E.01639
G1 X189.045 Y106.595 E2.71379
G1 X189.045 Y106.061 E.01639
G1 X126.061 Y169.045 E2.73696
G1 X125.528 Y169.045 E.01639
G1 X189.045 Y105.528 E2.76014
G1 X189.045 Y104.995 E.01639
G1 X124.995 Y169.045 E2.78331
G1 X124.461 Y169.045 E.01639
G1 X189.045 Y104.461 E2.80648
G1 X189.045 Y103.928 E.01639
G1 X123.928 Y169.045 E2.82966
G1 X123.395 Y169.045 E.01639
G1 X189.045 Y103.395 E2.85283
G1 X189.045 Y102.862 E.01639
G1 X122.862 Y169.045 E2.876
G1 X122.328 Y169.045 E.01639
G1 X189.045 Y102.328 E2.89918
G1 X189.045 Y101.795 E.01639
G1 X121.795 Y169.045 E2.92235
G1 X121.262 Y169.045 E.01639
G1 X189.045 Y101.262 E2.94552
G1 X189.045 Y100.729 E.01639
G1 X120.729 Y169.045 E2.96869
G1 X120.195 Y169.045 E.01639
G1 X189.045 Y100.195 E2.99187
G1 X189.045 Y99.662 E.01639
G1 X119.662 Y169.045 E3.01504
G1 X119.129 Y169.045 E.01639
G1 X189.045 Y99.129 E3.03821
G1 X189.045 Y98.595 E.01639
G1 X118.595 Y169.045 E3.06139
G1 X118.062 Y169.045 E.01639
G1 X189.045 Y98.062 E3.08456
G1 X189.045 Y97.529 E.01639
G1 X117.529 Y169.045 E3.10773
G1 X116.996 Y169.045 E.01639
G1 X189.045 Y96.996 E3.13091
G1 X189.045 Y96.462 E.01639
G1 X116.462 Y169.045 E3.15408
G1 X115.929 Y169.045 E.01639
G1 X189.045 Y95.929 E3.17725
G1 X189.045 Y95.396 E.01639
G1 X115.396 Y169.045 E3.20043
G1 X114.863 Y169.045 E.01639
G1 X189.045 Y94.863 E3.2236
G1 X189.045 Y94.329 E.01639
G1 X114.329 Y169.045 E3.24677
G1 X113.796 Y169.045 E.01639
G1 X189.045 Y93.796 E3.26995
G1 X189.045 Y93.263 E.01639
G1 X113.263 Y169.045 E3.29312
G1 X112.729 Y169.045 E.01639
G1 X189.045 Y92.73 E3.31629
G1 X189.045 Y92.196 E.01639
G1 X112.196 Y169.045 E3.33946
G1 X111.663 Y169.045 E.01639
G1 X189.045 Y91.663 E3.36264
G1 X189.045 Y91.13 E.01639
G1 X111.13 Y169.045 E3.38581
G1 X110.596 Y169.045 E.01639
G1 X189.045 Y90.596 E3.40898
G1 X189.045 Y90.063 E.01639
G1 X110.063 Y169.045 E3.43216
G1 X109.53 Y169.045 E.01639
G1 X189.045 Y89.53 E3.45533
G1 X189.045 Y88.997 E.01639
G1 X108.997 Y169.045 E3.4785
G1 X108.463 Y169.045 E.01639
G1 X189.045 Y88.463 E3.50168
G1 X189.045 Y87.93 E.01639
G1 X107.93 Y169.045 E3.52485
G1 X107.397 Y169.045 E.01639
G1 X189.045 Y87.397 E3.54802
G1 X189.045 Y86.864 E.01639
G1 X106.864 Y169.045 E3.5712
G1 X106.33 Y169.045 E.01639
G1 X189.045 Y86.33 E3.59437
G1 X189.045 Y85.797 E.01639
G1 X105.797 Y169.045 E3.61754
G1 X105.264 Y169.045 E.01639
G1 X189.045 Y85.264 E3.64072
G1 X189.045 Y84.73 E.01639
G1 X104.73 Y169.045 E3.66389
G1 X104.197 Y169.045 E.01639
G1 X189.045 Y84.197 E3.68706
G1 X189.045 Y83.664 E.01639
G1 X103.664 Y169.045 E3.71024
G1 X103.131 Y169.045 E.01639
G1 X189.045 Y83.131 E3.73341
G1 X189.045 Y82.597 E.01639
G1 X102.597 Y169.045 E3.75658
G1 X102.064 Y169.045 E.01639
G1 X189.045 Y82.064 E3.77975
G1 X189.045 Y81.531 E.01639
G1 X101.531 Y169.045 E3.80293
G1 X100.998 Y169.045 E.01639
G1 X189.045 Y80.998 E3.8261
G1 X189.045 Y80.464 E.01639
G1 X100.464 Y169.045 E3.84927
G1 X99.931 Y169.045 E.01639
G1 X189.045 Y79.931 E3.87245
G1 X189.045 Y79.398 E.01639
G1 X99.398 Y169.045 E3.89562
G1 X98.864 Y169.045 E.01639
G1 X189.045 Y78.864 E3.91879
G1 X189.045 Y78.331 E.01639
G1 X98.331 Y169.045 E3.94197
G1 X97.798 Y169.045 E.01639
G1 X189.045 Y77.798 E3.96514
G1 X189.045 Y77.265 E.01639
G1 X97.265 Y169.045 E3.98831
G1 X96.731 Y169.045 E.01639
G1 X189.045 Y76.731 E4.01149
G1 X189.045 Y76.198 E.01639
G1 X96.198 Y169.045 E4.03466
G1 X95.665 Y169.045 E.01639
G1 X189.045 Y75.665 E4.05783
G1 X189.045 Y75.132 E.01639
G1 X95.132 Y169.045 E4.08101
G1 X94.598 Y169.045 E.01639
G1 X189.045 Y74.598 E4.10418
G1 X189.045 Y74.065 E.01639
G1 X94.065 Y169.045 E4.12735
G1 X93.532 Y169.045 E.01639
G1 X189.045 Y73.532 E4.15052
G1 X189.045 Y72.999 E.01639
G1 X92.998 Y169.045 E4.1737
G1 X92.465 Y169.045 E.01639
G1 X189.045 Y72.465 E4.19687
G1 X189.045 Y71.932 E.01639
G1 X91.932 Y169.045 E4.22004
G1 X91.399 Y169.045 E.01639
G1 X189.045 Y71.399 E4.24322
G1 X189.045 Y70.865 E.01639
G1 X90.865 Y169.045 E4.26639
G1 X90.332 Y169.045 E.01639
G1 X189.045 Y70.332 E4.28956
G1 X189.045 Y69.799 E.01639
G1 X89.799 Y169.045 E4.31274
G1 X89.266 Y169.045 E.01639
G1 X189.045 Y69.266 E4.33591
G1 X189.045 Y68.732 E.01639
G1 X88.732 Y169.045 E4.35908
G1 X88.199 Y169.045 E.01639
G1 X189.045 Y68.199 E4.38226
G1 X189.045 Y67.666 E.01639
G1 X87.666 Y169.045 E4.40543
G1 X87.133 Y169.045 E.01639
G1 X189.045 Y67.133 E4.4286
G1 X189.045 Y66.599 E.01639
G1 X86.599 Y169.045 E4.45178
G1 X86.066 Y169.045 E.01639
G1 X189.045 Y66.066 E4.47495
G1 X189.045 Y65.533 E.01639
G1 X85.533 Y169.045 E4.49812
G1 X84.999 Y169.045 E.01639
G1 X189.045 Y64.999 E4.52129
G1 X189.045 Y64.466 E.01639
G1 X84.466 Y169.045 E4.54447
G1 X83.933 Y169.045 E.01639
G1 X189.045 Y63.933 E4.56764
G1 X189.045 Y63.4 E.01639
G1 X83.4 Y169.045 E4.59081
G1 X82.866 Y169.045 E.01639
G1 X189.045 Y62.866 E4.61399
G1 X189.045 Y62.333 E.01639
G1 X82.333 Y169.045 E4.63716
G1 X81.8 Y169.045 E.01639
G1 X189.045 Y61.8 E4.66033
G1 X189.045 Y61.267 E.01639
G1 X81.267 Y169.045 E4.68351
G1 X80.733 Y169.045 E.01639
G1 X189.045 Y60.733 E4.70668
G1 X189.045 Y60.2 E.01639
G1 X80.2 Y169.045 E4.72985
G1 X79.667 Y169.045 E.01639
G1 X189.045 Y59.667 E4.75303
G1 X189.045 Y59.133 E.01639
G1 X79.133 Y169.045 E4.7762
G1 X78.6 Y169.045 E.01639
G1 X189.045 Y58.6 E4.79937
G1 X189.045 Y58.067 E.01639
G1 X78.067 Y169.045 E4.82255
G1 X77.534 Y169.045 E.01639
G1 X189.045 Y57.534 E4.84572
G1 X189.045 Y57 E.01639
G1 X77 Y169.045 E4.86889
G1 X76.467 Y169.045 E.01639
G1 X189.045 Y56.467 E4.89207
G1 X189.045 Y55.934 E.01639
G1 X75.934 Y169.045 E4.91524
G1 X75.401 Y169.045 E.01639
G1 X189.045 Y55.401 E4.93841
G1 X189.045 Y54.867 E.01639
G1 X74.867 Y169.045 E4.96158
G1 X74.334 Y169.045 E.01639
G1 X189.045 Y54.334 E4.98476
G1 X189.045 Y53.801 E.01639
G1 X73.801 Y169.045 E5.00793
G1 X73.267 Y169.045 E.01639
G1 X189.045 Y53.268 E5.0311
G1 X189.045 Y52.734 E.01639
G1 X72.734 Y169.045 E5.05428
G1 X72.201 Y169.045 E.01639
G1 X189.045 Y52.201 E5.07745
G1 X189.045 Y51.668 E.01639
G1 X71.668 Y169.045 E5.10062
G1 X71.134 Y169.045 E.01639
G1 X189.045 Y51.134 E5.1238
G1 X189.045 Y50.955 E.00553
G1 X188.692 Y50.955 E.01086
G1 X70.601 Y169.045 E5.13161
G1 X70.068 Y169.045 E.01639
G1 X188.159 Y50.955 E5.13161
G1 X187.626 Y50.955 E.01639
G1 X69.535 Y169.045 E5.13161
G1 X69.001 Y169.045 E.01639
G1 X187.092 Y50.955 E5.13161
G1 X186.559 Y50.955 E.01639
G1 X68.468 Y169.045 E5.13161
G1 X67.935 Y169.045 E.01639
G1 X186.026 Y50.955 E5.13161
G1 X185.492 Y50.955 E.01639
G1 X67.402 Y169.045 E5.13161
G1 X66.868 Y169.045 E.01639
G1 X184.959 Y50.955 E5.13161
G1 X184.426 Y50.955 E.01639
G1 X66.335 Y169.045 E5.13161
G1 X65.802 Y169.045 E.01639
G1 X183.893 Y50.955 E5.13161
G1 X183.359 Y50.955 E.01639
G1 X65.268 Y169.045 E5.13161
G1 X64.735 Y169.045 E.01639
G1 X182.826 Y50.955 E5.13161
G1 X182.293 Y50.955 E.01639
G1 X64.202 Y169.045 E5.13161
G1 X63.669 Y169.045 E.01639
G1 X181.76 Y50.955 E5.13161
G1 X181.226 Y50.955 E.01639
G1 X63.135 Y169.045 E5.13161
G1 X62.602 Y169.045 E.01639
G1 X180.693 Y50.955 E5.13161
G1 X180.16 Y50.955 E.01639
G1 X62.069 Y169.045 E5.13161
G1 X61.536 Y169.045 E.01639
G1 X179.626 Y50.955 E5.13161
G1 X179.093 Y50.955 E.01639
G1 X61.002 Y169.045 E5.13161
G1 X60.469 Y169.045 E.01639
G1 X178.56 Y50.955 E5.13161
G1 X178.027 Y50.955 E.01639
G1 X59.936 Y169.045 E5.13161
G1 X59.402 Y169.045 E.01639
G1 X177.493 Y50.955 E5.13161
G1 X176.96 Y50.955 E.01639
G1 X58.869 Y169.045 E5.13161
G1 X58.336 Y169.045 E.01639
G1 X176.427 Y50.955 E5.13161
G1 X175.894 Y50.955 E.01639
G1 X57.803 Y169.045 E5.13161
G1 X57.269 Y169.045 E.01639
G1 X175.36 Y50.955 E5.13161
G1 X174.827 Y50.955 E.01639
G1 X56.736 Y169.045 E5.13161
G1 X56.203 Y169.045 E.01639
G1 X174.294 Y50.955 E5.13161
G1 X173.76 Y50.955 E.01639
G1 X55.67 Y169.045 E5.13161
G1 X55.136 Y169.045 E.01639
G1 X173.227 Y50.955 E5.13161
G1 X172.694 Y50.955 E.01639
G1 X54.603 Y169.045 E5.13161
G1 X54.07 Y169.045 E.01639
G1 X172.161 Y50.955 E5.13161
G1 X171.627 Y50.955 E.01639
G1 X53.536 Y169.045 E5.13161
G1 X53.003 Y169.045 E.01639
G1 X171.094 Y50.955 E5.13161
G1 X170.561 Y50.955 E.01639
G1 X52.47 Y169.045 E5.13161
G1 X51.937 Y169.045 E.01639
G1 X170.028 Y50.955 E5.13161
G1 X169.494 Y50.955 E.01639
G1 X51.403 Y169.045 E5.13161
G1 X50.87 Y169.045 E.01639
G1 X168.961 Y50.955 E5.13161
G1 X168.428 Y50.955 E.01639
G1 X50.337 Y169.045 E5.13161
G1 X49.804 Y169.045 E.01639
G1 X167.895 Y50.955 E5.13161
G1 X167.361 Y50.955 E.01639
G1 X49.27 Y169.045 E5.13161
G1 X48.737 Y169.045 E.01639
G1 X166.828 Y50.955 E5.13161
G1 X166.295 Y50.955 E.01639
G1 X48.204 Y169.045 E5.13161
G1 X47.671 Y169.045 E.01639
G1 X165.761 Y50.955 E5.13161
G1 X165.228 Y50.955 E.01639
G1 X47.137 Y169.045 E5.13161
G1 X46.604 Y169.045 E.01639
G1 X164.695 Y50.955 E5.13161
G1 X164.162 Y50.955 E.01639
G1 X46.071 Y169.045 E5.13161
G1 X45.537 Y169.045 E.01639
G1 X163.628 Y50.955 E5.13161
G1 X163.095 Y50.955 E.01639
G1 X45.004 Y169.045 E5.13161
G1 X44.471 Y169.045 E.01639
G1 X162.562 Y50.955 E5.13161
G1 X162.029 Y50.955 E.01639
G1 X43.938 Y169.045 E5.13161
G1 X43.404 Y169.045 E.01639
G1 X161.495 Y50.955 E5.13161
G1 X160.962 Y50.955 E.01639
G1 X42.871 Y169.045 E5.13161
G1 X42.338 Y169.045 E.01639
G1 X160.429 Y50.955 E5.13161
G1 X159.895 Y50.955 E.01639
G1 X41.805 Y169.045 E5.13161
G1 X41.271 Y169.045 E.01639
G1 X159.362 Y50.955 E5.13161
G1 X158.829 Y50.955 E.01639
G1 X40.738 Y169.045 E5.13161
G1 X40.205 Y169.045 E.01639
G1 X158.296 Y50.955 E5.13161
G1 X157.762 Y50.955 E.01639
G1 X39.671 Y169.045 E5.13161
G1 X39.138 Y169.045 E.01639
G1 X157.229 Y50.955 E5.13161
G1 X156.696 Y50.955 E.01639
G1 X38.605 Y169.045 E5.13161
G1 X38.072 Y169.045 E.01639
G1 X156.163 Y50.955 E5.13161
G1 X155.629 Y50.955 E.01639
G1 X37.538 Y169.045 E5.13161
G1 X37.005 Y169.045 E.01639
G1 X155.096 Y50.955 E5.13161
G1 X154.563 Y50.955 E.01639
G1 X36.472 Y169.045 E5.13161
G1 X35.939 Y169.045 E.01639
G1 X154.029 Y50.955 E5.13161
G1 X153.496 Y50.955 E.01639
G1 X35.405 Y169.045 E5.13161
G1 X34.872 Y169.045 E.01639
G1 X152.963 Y50.955 E5.13161
G1 X152.43 Y50.955 E.01639
G1 X34.339 Y169.045 E5.13161
G1 X33.805 Y169.045 E.01639
G1 X151.896 Y50.955 E5.13161
G1 X151.363 Y50.955 E.01639
G1 X33.272 Y169.045 E5.13161
G1 X32.739 Y169.045 E.01639
G1 X150.83 Y50.955 E5.13161
G1 X150.297 Y50.955 E.01639
G1 X32.206 Y169.045 E5.13161
G1 X31.672 Y169.045 E.01639
G1 X149.763 Y50.955 E5.13161
G1 X149.23 Y50.955 E.01639
G1 X31.139 Y169.045 E5.13161
G1 X30.955 Y169.045 E.00567
G1 X30.955 Y168.697 E.01071
G1 X148.697 Y50.955 E5.11646
G1 X148.164 Y50.955 E.01639
G1 X30.955 Y168.163 E5.09329
G1 X30.955 Y167.63 E.01639
G1 X147.63 Y50.955 E5.07011
G1 X147.097 Y50.955 E.01639
G1 X30.955 Y167.097 E5.04694
G1 X30.955 Y166.564 E.01639
G1 X146.564 Y50.955 E5.02377
G1 X146.03 Y50.955 E.01639
G1 X30.955 Y166.03 E5.0006
G1 X30.955 Y165.497 E.01639
G1 X145.497 Y50.955 E4.97742
G1 X144.964 Y50.955 E.01639
G1 X30.955 Y164.964 E4.95425
G1 X30.955 Y164.431 E.01639
G1 X144.431 Y50.955 E4.93108
G1 X143.897 Y50.955 E.01639
G1 X30.955 Y163.897 E4.9079
G1 X30.955 Y163.364 E.01639
G1 X143.364 Y50.955 E4.88473
G1 X142.831 Y50.955 E.01639
G1 X30.955 Y162.831 E4.86156
G1 X30.955 Y162.298 E.01639
G1 X142.298 Y50.955 E4.83838
G1 X141.764 Y50.955 E.01639
G1 X30.955 Y161.764 E4.81521
G1 X30.955 Y161.231 E.01639
G1 X141.231 Y50.955 E4.79204
G1 X140.698 Y50.955 E.01639
G1 X30.955 Y160.698 E4.76886
G1 X30.955 Y160.164 E.01639
G1 X140.164 Y50.955 E4.74569
G1 X139.631 Y50.955 E.01639
G1 X30.955 Y159.631 E4.72252
G1 X30.955 Y159.098 E.01639
G1 X139.098 Y50.955 E4.69934
G1 X138.565 Y50.955 E.01639
G1 X30.955 Y158.565 E4.67617
G1 X30.955 Y158.031 E.01639
G1 X138.031 Y50.955 E4.653
G1 X137.498 Y50.955 E.01639
G1 X30.955 Y157.498 E4.62983
G1 X30.955 Y156.965 E.01639
G1 X136.965 Y50.955 E4.60665
G1 X136.432 Y50.955 E.01639
G1 X30.955 Y156.432 E4.58348
G1 X30.955 Y155.898 E.01639
G1 X135.898 Y50.955 E4.56031
G1 X135.365 Y50.955 E.01639
G1 X30.955 Y155.365 E4.53713
G1 X30.955 Y154.832 E.01639
G1 X134.832 Y50.955 E4.51396
G1 X134.298 Y50.955 E.01639
G1 X30.955 Y154.298 E4.49079
G1 X30.955 Y153.765 E.01639
G1 X133.765 Y50.955 E4.46761
G1 X133.232 Y50.955 E.01639
G1 X30.955 Y153.232 E4.44444
G1 X30.955 Y152.699 E.01639
G1 X132.699 Y50.955 E4.42127
G1 X132.165 Y50.955 E.01639
G1 X30.955 Y152.165 E4.39809
G1 X30.955 Y151.632 E.01639
G1 X131.632 Y50.955 E4.37492
G1 X131.099 Y50.955 E.01639
G1 X30.955 Y151.099 E4.35175
G1 X30.955 Y150.566 E.01639
G1 X130.566 Y50.955 E4.32857
G1 X130.032 Y50.955 E.01639
G1 X30.955 Y150.032 E4.3054
G1 X30.955 Y149.499 E.01639
G1 X129.499 Y50.955 E4.28223
G1 X128.966 Y50.955 E.01639
G1 X30.955 Y148.966 E4.25906
G1 X30.955 Y148.432 E.01639
G1 X128.433 Y50.955 E4.23588
G1 X127.899 Y50.955 E.01639
G1 X30.955 Y147.899 E4.21271
G1 X30.955 Y147.366 E.01639
G1 X127.366 Y50.955 E4.18954
G1 X126.833 Y50.955 E.01639
G1 X30.955 Y146.833 E4.16636
G1 X30.955 Y146.299 E.01639
G1 X126.299 Y50.955 E4.14319
G1 X125.766 Y50.955 E.01639
G1 X30.955 Y145.766 E4.12002
G1 X30.955 Y145.233 E.01639
G1 X125.233 Y50.955 E4.09684
G1 X124.7 Y50.955 E.01639
G1 X30.955 Y144.7 E4.07367
G1 X30.955 Y144.166 E.01639
G1 X124.166 Y50.955 E4.0505
G1 X123.633 Y50.955 E.01639
G1 X30.955 Y143.633 E4.02732
G1 X30.955 Y143.1 E.01639
G1 X123.1 Y50.955 E4.00415
G1 X122.567 Y50.955 E.01639
G1 X30.955 Y142.567 E3.98098
G1 X30.955 Y142.033 E.01639
G1 X122.033 Y50.955 E3.9578
G1 X121.5 Y50.955 E.01639
G1 X30.955 Y141.5 E3.93463
G1 X30.955 Y140.967 E.01639
G1 X120.967 Y50.955 E3.91146
G1 X120.433 Y50.955 E.01639
G1 X30.955 Y140.433 E3.88828
G1 X30.955 Y139.9 E.01639
G1 X119.9 Y50.955 E3.86511
G1 X119.367 Y50.955 E.01639
G1 X30.955 Y139.367 E3.84194
G1 X30.955 Y138.834 E.01639
G1 X118.834 Y50.955 E3.81877
G1 X118.3 Y50.955 E.01639
G1 X30.955 Y138.3 E3.79559
G1 X30.955 Y137.767 E.01639
G1 X117.767 Y50.955 E3.77242
G1 X117.234 Y50.955 E.01639
G1 X30.955 Y137.234 E3.74925
G1 X30.955 Y136.701 E.01639
G1 X116.701 Y50.955 E3.72607
G1 X116.167 Y50.955 E.01639
G1 X30.955 Y136.167 E3.7029
G1 X30.955 Y135.634 E.01639
G1 X115.634 Y50.955 E3.67973
G1 X115.101 Y50.955 E.01639
G1 X30.955 Y135.101 E3.65655
G1 X30.955 Y134.567 E.01639
G1 X114.567 Y50.955 E3.63338
G1 X114.034 Y50.955 E.01639
G1 X30.955 Y134.034 E3.61021
G1 X30.955 Y133.501 E.01639
G1 X113.501 Y50.955 E3.58703
G1 X112.968 Y50.955 E.01639
G1 X30.955 Y132.968 E3.56386
G1 X30.955 Y132.434 E.01639
G1 X112.434 Y50.955 E3.54069
G1 X111.901 Y50.955 E.01639
G1 X30.955 Y131.901 E3.51751
G1 X30.955 Y131.368 E.01639
G1 X111.368 Y50.955 E3.49434
G1 X110.835 Y50.955 E.01639
G1 X30.955 Y130.835 E3.47117
G1 X30.955 Y130.301 E.01639
G1 X110.301 Y50.955 E3.448
G1 X109.768 Y50.955 E.01639
G1 X30.955 Y129.768 E3.42482
G1 X30.955 Y129.235 E.01639
G1 X109.235 Y50.955 E3.40165
G1 X108.702 Y50.955 E.01639
G1 X30.955 Y128.701 E3.37848
G1 X30.955 Y128.168 E.01639
G1 X108.168 Y50.955 E3.3553
G1 X107.635 Y50.955 E.01639
G1 X30.955 Y127.635 E3.33213
G1 X30.955 Y127.102 E.01639
G1 X107.102 Y50.955 E3.30896
G1 X106.568 Y50.955 E.01639
G1 X30.955 Y126.568 E3.28578
G1 X30.955 Y126.035 E.01639
G1 X106.035 Y50.955 E3.26261
G1 X105.502 Y50.955 E.01639
G1 X30.955 Y125.502 E3.23944
G1 X30.955 Y124.969 E.01639
G1 X104.969 Y50.955 E3.21626
G1 X104.435 Y50.955 E.01639
G1 X30.955 Y124.435 E3.19309
G1 X30.955 Y123.902 E.01639
G1 X103.902 Y50.955 E3.16992
G1 X103.369 Y50.955 E.01639
G1 X30.955 Y123.369 E3.14674
G1 X30.955 Y122.836 E.01639
G1 X102.836 Y50.955 E3.12357
G1 X102.302 Y50.955 E.01639
G1 X30.955 Y122.302 E3.1004
G1 X30.955 Y121.769 E.01639
G1 X101.769 Y50.955 E3.07723
G1 X101.236 Y50.955 E.01639
G1 X30.955 Y121.236 E3.05405
G1 X30.955 Y120.702 E.01639
G1 X100.702 Y50.955 E3.03088
G1 X100.169 Y50.955 E.01639
G1 X30.955 Y120.169 E3.00771
G1 X30.955 Y119.636 E.01639
G1 X99.636 Y50.955 E2.98453
G1 X99.103 Y50.955 E.01639
G1 X30.955 Y119.103 E2.96136
G1 X30.955 Y118.569 E.01639
G1 X98.569 Y50.955 E2.93819
G1 X98.036 Y50.955 E.01639
G1 X30.955 Y118.036 E2.91501
G1 X30.955 Y117.503 E.01639
G1 X97.503 Y50.955 E2.89184
G1 X96.97 Y50.955 E.01639
G1 X30.955 Y116.97 E2.86867
G1 X30.955 Y116.436 E.01639
G1 X96.436 Y50.955 E2.84549
G1 X95.903 Y50.955 E.01639
G1 X30.955 Y115.903 E2.82232
G1 X30.955 Y115.37 E.01639
G1 X95.37 Y50.955 E2.79915
G1 X94.836 Y50.955 E.01639
G1 X30.955 Y114.836 E2.77597
G1 X30.955 Y114.303 E.01639
G1 X94.303 Y50.955 E2.7528
G1 X93.77 Y50.955 E.01639
G1 X30.955 Y113.77 E2.72963
G1 X30.955 Y113.237 E.01639
G1 X93.237 Y50.955 E2.70645
G1 X92.703 Y50.955 E.01639
G1 X30.955 Y112.703 E2.68328
G1 X30.955 Y112.17 E.01639
G1 X92.17 Y50.955 E2.66011
G1 X91.637 Y50.955 E.01639
G1 X30.955 Y111.637 E2.63694
G1 X30.955 Y111.104 E.01639
G1 X91.104 Y50.955 E2.61376
G1 X90.57 Y50.955 E.01639
G1 X30.955 Y110.57 E2.59059
G1 X30.955 Y110.037 E.01639
G1 X90.037 Y50.955 E2.56742
G1 X89.504 Y50.955 E.01639
G1 X30.955 Y109.504 E2.54424
G1 X30.955 Y108.97 E.01639
G1 X88.971 Y50.955 E2.52107
G1 X88.437 Y50.955 E.01639
G1 X30.955 Y108.437 E2.4979
G1 X30.955 Y107.904 E.01639
G1 X87.904 Y50.955 E2.47472
G1 X87.371 Y50.955 E.01639
G1 X30.955 Y107.371 E2.45155
G1 X30.955 Y106.837 E.01639
G1 X86.837 Y50.955 E2.42838
G1 X86.304 Y50.955 E.01639
G1 X30.955 Y106.304 E2.4052
G1 X30.955 Y105.771 E.01639
G1 X85.771 Y50.955 E2.38203
G1 X85.238 Y50.955 E.01639
G1 X30.955 Y105.238 E2.35886
G1 X30.955 Y104.704 E.01639
G1 X84.704 Y50.955 E2.33568
G1 X84.171 Y50.955 E.01639
G1 X30.955 Y104.171 E2.31251
G1 X30.955 Y103.638 E.01639
G1 X83.638 Y50.955 E2.28934
G1 X83.105 Y50.955 E.01639
G1 X30.955 Y103.105 E2.26617
G1 X30.955 Y102.571 E.01639
G1 X82.571 Y50.955 E2.24299
G1 X82.038 Y50.955 E.01639
G1 X30.955 Y102.038 E2.21982
G1 X30.955 Y101.505 E.01639
G1 X81.505 Y50.955 E2.19665
G1 X80.971 Y50.955 E.01639
G1 X30.955 Y100.971 E2.17347
G1 X30.955 Y100.438 E.01639
G1 X80.438 Y50.955 E2.1503
G1 X79.905 Y50.955 E.01639
G1 X30.955 Y99.905 E2.12713
G1 X30.955 Y99.372 E.01639
G1 X79.372 Y50.955 E2.10395
G1 X78.838 Y50.955 E.01639
G1 X30.955 Y98.838 E2.08078
G1 X30.955 Y98.305 E.01639
G1 X78.305 Y50.955 E2.05761
G1 X77.772 Y50.955 E.01639
G1 X30.955 Y97.772 E2.03443
G1 X30.955 Y97.239 E.01639
G1 X77.239 Y50.955 E2.01126
G1 X76.705 Y50.955 E.01639
G1 X30.955 Y96.705 E1.98809
G1 X30.955 Y96.172 E.01639
G1 X76.172 Y50.955 E1.96491
G1 X75.639 Y50.955 E.01639
G1 X30.955 Y95.639 E1.94174
G1 X30.955 Y95.105 E.01639
G1 X75.105 Y50.955 E1.91857
G1 X74.572 Y50.955 E.01639
G1 X30.955 Y94.572 E1.8954
G1 X30.955 Y94.039 E.01639
G1 X74.039 Y50.955 E1.87222
G1 X73.506 Y50.955 E.01639
G1 X30.955 Y93.506 E1.84905
G1 X30.955 Y92.972 E.01639
G1 X72.972 Y50.955 E1.82588
G1 X72.439 Y50.955 E.01639
G1 X30.955 Y92.439 E1.8027
G1 X30.955 Y91.906 E.01639
G1 X71.906 Y50.955 E1.77953
G1 X71.373 Y50.955 E.01639
G1 X30.955 Y91.373 E1.75636
G1 X30.955 Y90.839 E.01639
G1 X70.839 Y50.955 E1.73318
G1 X70.306 Y50.955 E.01639
G1 X30.955 Y90.306 E1.71001
G1 X30.955 Y89.773 E.01639
G1 X69.773 Y50.955 E1.68684
G1 X69.24 Y50.955 E.01639
G1 X30.955 Y89.239 E1.66366
G1 X30.955 Y88.706 E.01639
G1 X68.706 Y50.955 E1.64049
G1 X68.173 Y50.955 E.01639
G1 X30.955 Y88.173 E1.61732
G1 X30.955 Y87.64 E.01639
G1 X67.64 Y50.955 E1.59414
G1 X67.106 Y50.955 E.01639
G1 X30.955 Y87.106 E1.57097
G1 X30.955 Y86.573 E.01639
G1 X66.573 Y50.955 E1.5478
G1 X66.04 Y50.955 E.01639
G1 X30.955 Y86.04 E1.52462
G1 X30.955 Y85.507 E.01639
G1 X65.507 Y50.955 E1.50145
G1 X64.973 Y50.955 E.01639
G1 X30.955 Y84.973 E1.47828
G1 X30.955 Y84.44 E.01639
G1 X64.44 Y50.955 E1.45511
G1 X63.907 Y50.955 E.01639
G1 X30.955 Y83.907 E1.43193
G1 X30.955 Y83.374 E.01639
G1 X63.374 Y50.955 E1.40876
G1 X62.84 Y50.955 E.01639
G1 X30.955 Y82.84 E1.38559
G1 X30.955 Y82.307 E.01639
G1 X62.307 Y50.955 E1.36241
G1 X61.774 Y50.955 E.01639
G1 X30.955 Y81.774 E1.33924
G1 X30.955 Y81.24 E.01639
G1 X61.24 Y50.955 E1.31607
G1 X60.707 Y50.955 E.01639
G1 X30.955 Y80.707 E1.29289
G1 X30.955 Y80.174 E.01639
G1 X60.174 Y50.955 E1.26972
G1 X59.641 Y50.955 E.01639
G1 X30.955 Y79.641 E1.24655
G1 X30.955 Y79.107 E.01639
G1 X59.107 Y50.955 E1.22337
G1 X58.574 Y50.955 E.01639
G1 X30.955 Y78.574 E1.2002
G1 X30.955 Y78.041 E.01639
G1 X58.041 Y50.955 E1.17703
G1 X57.508 Y50.955 E.01639
G1 X30.955 Y77.508 E1.15385
G1 X30.955 Y76.974 E.01639
G1 X56.974 Y50.955 E1.13068
G1 X56.441 Y50.955 E.01639
G1 X30.955 Y76.441 E1.10751
G1 X30.955 Y75.908 E.01639
G1 X55.908 Y50.955 E1.08434
G1 X55.374 Y50.955 E.01639
G1 X30.955 Y75.374 E1.06116
G1 X30.955 Y74.841 E.01639
G1 X54.841 Y50.955 E1.03799
G1 X54.308 Y50.955 E.01639
G1 X30.955 Y74.308 E1.01482
G1 X30.955 Y73.775 E.01639
G1 X53.775 Y50.955 E.99164
G1 X53.241 Y50.955 E.01639
G1 X30.955 Y73.241 E.96847
G1 X30.955 Y72.708 E.01639
G1 X52.708 Y50.955 E.9453
G1 X52.175 Y50.955 E.01639
G1 X30.955 Y72.175 E.92212
G1 X30.955 Y71.642 E.01639
G1 X51.642 Y50.955 E.89895
G1 X51.108 Y50.955 E.01639
G1 X30.955 Y71.108 E.87578
G1 X30.955 Y70.575 E.01639
G1 X50.575 Y50.955 E.8526
G1 X50.042 Y50.955 E.01639
G1 X30.955 Y70.042 E.82943
G1 X30.955 Y69.509 E.01639
G1 X49.509 Y50.955 E.80626
G1 X48.975 Y50.955 E.01639
G1 X30.955 Y68.975 E.78308
G1 X30.955 Y68.442 E.01639
G1 X48.442 Y50.955 E.75991
G1 X47.909 Y50.955 E.01639
G1 X30.955 Y67.909 E.73674
G1 X30.955 Y67.375 E.01639
G1 X47.375 Y50.955 E.71357
G1 X46.842 Y50.955 E.01639
G1 X30.955 Y66.842 E.69039
G1 X30.955 Y66.309 E.01639
G1 X46.309 Y50.955 E.66722
G1 X45.776 Y50.955 E.01639
G1 X30.955 Y65.776 E.64405
G1 X30.955 Y65.242 E.01639
G1 X45.242 Y50.955 E.62087
G1 X44.709 Y50.955 E.01639
G1 X30.955 Y64.709 E.5977
G1 X30.955 Y64.176 E.01639
G1 X44.176 Y50.955 E.57453
G1 X43.643 Y50.955 E.01639
G1 X30.955 Y63.643 E.55135
G1 X30.955 Y63.109 E.01639
G1 X43.109 Y50.955 E.52818
G1 X42.576 Y50.955 E.01639
G1 X30.955 Y62.576 E.50501
G1 X30.955 Y62.043 E.01639
G1 X42.043 Y50.955 E.48183
G1 X41.509 Y50.955 E.01639
G1 X30.955 Y61.509 E.45866
G1 X30.955 Y60.976 E.01639
G1 X40.976 Y50.955 E.43549
G1 X40.443 Y50.955 E.01639
G1 X30.955 Y60.443 E.41231
G1 X30.955 Y59.91 E.01639
G1 X39.91 Y50.955 E.38914
G1 X39.376 Y50.955 E.01639
G1 X30.955 Y59.376 E.36597
G1 X30.955 Y58.843 E.01639
G1 X38.843 Y50.955 E.34279
G1 X38.31 Y50.955 E.01639
G1 X30.955 Y58.31 E.31962
G1 X30.955 Y57.777 E.01639
G1 X37.777 Y50.955 E.29645
G1 X37.243 Y50.955 E.01639
G1 X30.955 Y57.243 E.27328
G1 X30.955 Y56.71 E.01639
G1 X36.71 Y50.955 E.2501
G1 X36.177 Y50.955 E.01639
G1 X30.955 Y56.177 E.22693
G1 X30.955 Y55.643 E.01639
G1 X35.643 Y50.955 E.20376
G1 X35.11 Y50.955 E.01639
G1 X30.955 Y55.11 E.18058
G1 X30.955 Y54.577 E.01639
G1 X34.577 Y50.955 E.15741
G1 X34.044 Y50.955 E.01639
G1 X30.955 Y54.044 E.13424
G1 X30.955 Y53.51 E.01639
G1 X33.51 Y50.955 E.11106
G1 X32.977 Y50.955 E.01639
G1 X30.955 Y52.977 E.08789
G1 X30.955 Y52.444 E.01639
G1 X32.444 Y50.955 E.06472
G1 X31.911 Y50.955 E.01639
G1 X30.785 Y52.08 E.04892
G1 X187.715 Y168.984 F9000
;WIDTH:0.419999
G1 F10800
G1 X188.984 Y168.984 E.039
G1 X188.984 Y167.715 E.039
G1 X187.743 Y168.956 E.05393
G1 X188.636 Y168.573 F9000
;WIDTH:0.409376
G1 F10800
G1 X188.567 Y168.613 E.00237
G1 X188.638 Y168.647 E.00238
; stop printing object Object_1 id:94613208297312 copy 0
;LAYER_CHANGE
;Z:0.6
;HEIGHT:0.2
;BEFORE_LAYER_CHANGE
;0.6
G92 E0

G1 E-1.16469 F2400
;WIPE_START
G1 F10800
G1 X188.567 Y168.613 E-.01768
G1 X188.636 Y168.573 E-.01763
;WIPE_END
;_SET_FAN_SPEED_CHANGING_LAYER
; printing object Object_1 id:94613208297312 copy 0
G1 F9000
G1 X187.682 Y168.12 Z0.657143
G1 X187.442 Y167.091 Z0.714286
G1 X188.096 Y166.262 Z0.771429
G1 X189.152 Y166.257 Z0.828571
G1 X189.814 Y167.079 Z0.885714
G1 X189.585 Y168.11 Z0.942857
G1 X188.636 Y168.573 Z1
G1 X30.624 Y169.376 Z1
G1 Z.6
G1 E1.2 F1800
M204 P2000
;TYPE:Inner wall
;WIDTH:0.449999
G1 F5400
G1 X30.624 Y50.624 E3.93925
G1 X189.376 Y50.624 E5.26612
G1 X189.376 Y169.376 E3.93925
G1 X30.664 Y169.376 E5.26479
M204 T1000
G1 X30.21 Y169.79 F9000
M204 P1000
;TYPE:Outer wall
;WIDTH:0.419999
G1 F3600
G1 X30.21 Y50.21 E3.67435
G1 X189.79 Y50.21 E4.90344
G1 X189.79 Y169.79 E3.67435
G1 X30.25 Y169.79 E4.90221
M204 T2500
G1 X31.05 Y168.931 F9000
M204 P2500
;TYPE:Internal solid infill
;WIDTH:0.439958
G1 F10800
G1 X30.976 Y168.974 E.00278
G1 X31.055 Y169.009 E.0028
G1 X187.715 Y51.016 F9000
;WIDTH:0.419999
G1 F10800
G1 X188.984 Y52.285 E.05516
G1 X188.984 Y51.016 E.039
G1 X187.755 Y51.016 E.03777
G1 X188.636 Y51.348 F9000
;WIDTH:0.409376
G1 F10800
G1 X188.567 Y51.387 E.00237
G1 X188.638 Y51.422 E.00238
G1 X189.215 Y52.782 F9000
;WIDTH:0.419999
G1 F10800
G1 X187.387 Y50.955 E.07943
G1 X186.854 Y50.955 E.01639
G1 X189.045 Y53.146 E.09523
G1 X189.045 Y53.679 E.01639
G1 X186.321 Y50.955 E.1184
G1 X185.788 Y50.955 E.01639
G1 X189.045 Y54.212 E.14157
G1 X189.045 Y54.746 E.01639
G1 X185.254 Y50.955 E.16475
G1 X184.721 Y50.955 E.01639
G1 X189.045 Y55.279 E.18792
G1 X189.045 Y55.812 E.01639
G1 X184.188 Y50.955 E.21109
G1 X183.654 Y50.955 E.01639
G1 X189.045 Y56.346 E.23426
G1 X189.045 Y56.879 E.01639
G1 X183.121 Y50.955 E.25744
G1 X182.588 Y50.955 E.01639
G1 X189.045 Y57.412 E.28061
G1 X189.045 Y57.945 E.01639
G1 X182.055 Y50.955 E.30378
G1 X181.521 Y50.955 E.01639
G1 X189.045 Y58.479 E.32696
G1 X189.045 Y59.012 E.01639
G1 X180.988 Y50.955 E.35013
G1 X180.455 Y50.955 E.01639
G1 X189.045 Y59.545 E.3733
G1 X189.045 Y60.078 E.01639
G1 X179.922 Y50.955 E.39648
G1 X179.388 Y50.955 E.01639
G1 X189.045 Y60.612 E.41965
G1 X189.045 Y61.145 E.01639
G1 X178.855 Y50.955 E.44282
G1 X178.322 Y50.955 E.01639
G1 X189.045 Y61.678 E.466
G1 X189.045 Y62.212 E.01639
G1 X177.788 Y50.955 E.48917
G1 X177.255 Y50.955 E.01639
G1 X189.045 Y62.745 E.51234
G1 X189.045 Y63.278 E.01639
G1 X176.722 Y50.955 E.53552
G1 X176.189 Y50.955 E.01639
G1 X189.045 Y63.811 E.55869
G1 X189.045 Y64.345 E.01639
G1 X175.655 Y50.955 E.58186
G1 X175.122 Y50.955 E.01639
G1 X189.045 Y64.878 E.60503
G1 X189.045 Y65.411 E.01639
G1 X174.589 Y50.955 E.62821
G1 X174.056 Y50.955 E.01639
G1 X189.045 Y65.944 E.65138
G1 X189.045 Y66.478 E.01639
G1 X173.522 Y50.955 E.67455
G1 X172.989 Y50.955 E.01639
G1 X189.045 Y67.011 E.69773
G1 X189.045 Y67.544 E.01639
G1 X172.456 Y50.955 E.7209
G1 X171.922 Y50.955 E.01639
G1 X189.045 Y68.078 E.74407
G1 X189.045 Y68.611 E.01639
G1 X171.389 Y50.955 E.76725
G1 X170.856 Y50.955 E.01639
G1 X189.045 Y69.144 E.79042
G1 X189.045 Y69.677 E.01639
G1 X170.323 Y50.955 E.81359
G1 X169.789 Y50.955 E.01639
G1 X189.045 Y70.211 E.83677
G1 X189.045 Y70.744 E.01639
G1 X169.256 Y50.955 E.85994
G1 X168.723 Y50.955 E.01639
G1 X189.045 Y71.277 E.88311
G1 X189.045 Y71.81 E.01639
G1 X168.19 Y50.955 E.90629
G1 X167.656 Y50.955 E.01639
G1 X189.045 Y72.344 E.92946
G1 X189.045 Y72.877 E.01639
G1 X167.123 Y50.955 E.95263
G1 X166.59 Y50.955 E.01639
G1 X189.045 Y73.41 E.97581
G1 X189.045 Y73.943 E.01639
G1 X166.057 Y50.955 E.99898
G1 X165.523 Y50.955 E.01639
G1 X189.045 Y74.477 E1.02215
G1 X189.045 Y75.01 E.01639
G1 X164.99 Y50.955 E1.04532
G1 X164.457 Y50.955 E.01639
G1 X189.045 Y75.543 E1.0685
G1 X189.045 Y76.077 E.01639
G1 X163.923 Y50.955 E1.09167
G1 X163.39 Y50.955 E.01639
G1 X189.045 Y76.61 E1.11484
G1 X189.045 Y77.143 E.01639
G1 X162.857 Y50.955 E1.13802
G1 X162.324 Y50.955 E.01639
G1 X189.045 Y77.676 E1.16119
G1 X189.045 Y78.21 E.01639
G1 X161.79 Y50.955 E1.18436
G1 X161.257 Y50.955 E.01639
G1 X189.045 Y78.743 E1.20754
G1 X189.045 Y79.276 E.01639
G1 X160.724 Y50.955 E1.23071
G1 X160.191 Y50.955 E.01639
G1 X189.045 Y79.809 E1.25388
G1 X189.045 Y80.343 E.01639
G1 X159.657 Y50.955 E1.27706
G1 X159.124 Y50.955 E.01639
G1 X189.045 Y80.876 E1.30023
G1 X189.045 Y81.409 E.01639
G1 X158.591 Y50.955 E1.3234
G1 X158.057 Y50.955 E.01639
G1 X189.045 Y81.943 E1.34658
G1 X189.045 Y82.476 E.01639
G1 X157.524 Y50.955 E1.36975
G1 X156.991 Y50.955 E.01639
G1 X189.045 Y83.009 E1.39292
G1 X189.045 Y83.542 E.01639
G1 X156.458 Y50.955 E1.41609
G1 X155.924 Y50.955 E.01639
G1 X189.045 Y84.076 E1.43927
G1 X189.045 Y84.609 E.01639
G1 X155.391 Y50.955 E1.46244
G1 X154.858 Y50.955 E.01639
G1 X189.045 Y85.142 E1.48561
G1 X189.045 Y85.675 E.01639
G1 X154.325 Y50.955 E1.50879
G1 X153.791 Y50.955 E.01639
G1 X189.045 Y86.209 E1.53196
G1 X189.045 Y86.742 E.01639
G1 X153.258 Y50.955 E1.55513
G1 X152.725 Y50.955 E.01639
G1 X189.045 Y87.275 E1.57831
G1 X189.045 Y87.809 E.01639
G1 X152.192 Y50.955 E1.60148
G1 X151.658 Y50.955 E.01639
G1 X189.045 Y88.342 E1.62465
G1 X189.045 Y88.875 E.01639
G1 X151.125 Y50.955 E1.64783
G1 X150.592 Y50.955 E.01639
G1 X189.045 Y89.408 E1.671
G1 X189.045 Y89.942 E.01639
G1 X150.058 Y50.955 E1.69417
G1 X149.525 Y50.955 E.01639
G1 X189.045 Y90.475 E1.71735
G1 X189.045 Y91.008 E.01639
G1 X148.992 Y50.955 E1.74052
G1 X148.459 Y50.955 E.01639
G1 X189.045 Y91.541 E1.76369
G1 X189.045 Y92.075 E.01639
G1 X147.925 Y50.955 E1.78686
G1 X147.392 Y50.955 E.01639
G1 X189.045 Y92.608 E1.81004
G1 X189.045 Y93.141 E.01639
G1 X146.859 Y50.955 E1.83321
G1 X146.326 Y50.955 E.01639
G1 X189.045 Y93.674 E1.85638
G1 X189.045 Y94.208 E.01639
G1 X145.792 Y50.955 E1.87956
G1 X145.259 Y50.955 E.01639
G1 X189.045 Y94.741 E1.90273
G1 X189.045 Y95.274 E.01639
G1 X144.726 Y50.955 E1.9259
G1 X144.192 Y50.955 E.01639
G1 X189.045 Y95.808 E1.94908
G1 X189.045 Y96.341 E.01639
G1 X143.659 Y50.955 E1.97225
G1 X143.126 Y50.955 E.01639
G1 X189.045 Y96.874 E1.99542
G1 X189.045 Y97.407 E.01639
G1 X142.593 Y50.955 E2.0186
G1 X142.059 Y50.955 E.01639
G1 X189.045 Y97.941 E2.04177
G1 X189.045 Y98.474 E.01639
G1 X141.526 Y50.955 E2.06494
G1 X140.993 Y50.955 E.01639
G1 X189.045 Y99.007 E2.08812
G1 X189.045 Y99.54 E.01639
G1 X140.46 Y50.955 E2.11129
G1 X139.926 Y50.955 E.01639
G1 X189.045 Y100.074 E2.13446
G1 X189.045 Y100.607 E.01639
G1 X139.393 Y50.955 E2.15764
G1 X138.86 Y50.955 E.01639
G1 X189.045 Y101.14 E2.18081
G1 X189.045 Y101.674 E.01639
G1 X138.326 Y50.955 E2.20398
G1 X137.793 Y50.955 E.01639
G1 X189.045 Y102.207 E2.22715
G1 X189.045 Y102.74 E.01639
G1 X137.26 Y50.955 E2.25033
G1 X136.727 Y50.955 E.01639
G1 X189.045 Y103.273 E2.2735
G1 X189.045 Y103.807 E.01639
G1 X136.193 Y50.955 E2.29667
G1 X135.66 Y50.955 E.01639
G1 X189.045 Y104.34 E2.31985
G1 X189.045 Y104.873 E.01639
G1 X135.127 Y50.955 E2.34302
G1 X134.594 Y50.955 E.01639
G1 X189.045 Y105.406 E2.36619
G1 X189.045 Y105.94 E.01639
G1 X134.06 Y50.955 E2.38937
G1 X133.527 Y50.955 E.01639
G1 X189.045 Y106.473 E2.41254
G1 X189.045 Y107.006 E.01639
G1 X132.994 Y50.955 E2.43571
G1 X132.461 Y50.955 E.01639
G1 X189.045 Y107.54 E2.45889
G1 X189.045 Y108.073 E.01639
G1 X131.927 Y50.955 E2.48206
G1 X131.394 Y50.955 E.01639
G1 X189.045 Y108.606 E2.50523
G1 X189.045 Y109.139 E.01639
G1 X130.861 Y50.955 E2.52841
G1 X130.327 Y50.955 E.01639
G1 X189.045 Y109.673 E2.55158
G1 X189.045 Y110.206 E.01639
G1 X129.794 Y50.955 E2.57475
G1 X129.261 Y50.955 E.01639
G1 X189.045 Y110.739 E2.59792
G1 X189.045 Y111.272 E.01639
G1 X128.728 Y50.955 E2.6211
G1 X128.194 Y50.955 E.01639
G1 X189.045 Y111.806 E2.64427
G1 X189.045 Y112.339 E.01639
G1 X127.661 Y50.955 E2.66744
G1 X127.128 Y50.955 E.01639
G1 X189.045 Y112.872 E2.69062
G1 X189.045 Y113.405 E.01639
G1 X126.595 Y50.955 E2.71379
G1 X126.061 Y50.955 E.01639
G1 X189.045 Y113.939 E2.73696
G1 X189.045 Y114.472 E.01639
G1 X125.528 Y50.955 E2.76014
G1 X124.995 Y50.955 E.01639
G1 X189.045 Y115.005 E2.78331
G1 X189.045 Y115.539 E.01639
G1 X124.461 Y50.955 E2.80648
G1 X123.928 Y50.955 E.01639
G1 X189.045 Y116.072 E2.82966
G1 X189.045 Y116.605 E.01639
G1 X123.395 Y50.955 E2.85283
G1 X122.862 Y50.955 E.01639
G1 X189.045 Y117.138 E2.876
G1 X189.045 Y117.672 E.01639
G1 X122.328 Y50.955 E2.89918
G1 X121.795 Y50.955 E.01639
G1 X189.045 Y118.205 E2.92235
G1 X189.045 Y118.738 E.01639
G1 X121.262 Y50.955 E2.94552
G1 X120.729 Y50.955 E.01639
G1 X189.045 Y119.271 E2.96869
G1 X189.045 Y119.805 E.01639
G1 X120.195 Y50.955 E2.99187
G1 X119.662 Y50.955 E.01639
G1 X189.045 Y120.338 E3.01504
G1 X189.045 Y120.871 E.01639
G1 X119.129 Y50.955 E3.03821
G1 X118.595 Y50.955 E.01639
G1 X189.045 Y121.405 E3.06139
G1 X189.045 Y121.938 E.01639
G1 X118.062 Y50.955 E3.08456
G1 X117.529 Y50.955 E.01639
G1 X189.045 Y122.471 E3.10773
G1 X189.045 Y123.004 E.01639
G1 X116.996 Y50.955 E3.13091
G1 X116.462 Y50.955 E.01639
G1 X189.045 Y123.538 E3.15408
G1 X189.045 Y124.071 E.01639
G1 X115.929 Y50.955 E3.17725
G1 X115.396 Y50.955 E.01639
G1 X189.045 Y124.604 E3.20043
G1 X189.045 Y125.137 E.01639
G1 X114.863 Y50.955 E3.2236
G1 X114.329 Y50.955 E.01639
G1 X189.045 Y125.671 E3.24677
G1 X189.045 Y126.204 E.01639
G1 X113.796 Y50.955 E3.26995
G1 X113.263 Y50.955 E.01639
G1 X189.045 Y126.737 E3.29312
G1 X189.045 Y127.271 E.01639
G1 X112.73 Y50.955 E3.31629
G1 X112.196 Y50.955 E.01639
G1 X189.045 Y127.804 E3.33947
G1 X189.045 Y128.337 E.01639
G1 X111.663 Y50.955 E3.36264
G1 X111.13 Y50.955 E.01639
G1 X189.045 Y128.87 E3.38581
G1 X189.045 Y129.404 E.01639
G1 X110.596 Y50.955 E3.40898
G1 X110.063 Y50.955 E.01639
G1 X189.045 Y129.937 E3.43216
G1 X189.045 Y130.47 E.01639
G1 X109.53 Y50.955 E3.45533
G1 X108.997 Y50.955 E.01639
G1 X189.045 Y131.003 E3.4785
G1 X189.045 Y131.537 E.01639
G1 X108.463 Y50.955 E3.50168
G1 X107.93 Y50.955 E.01639
G1 X189.045 Y132.07 E3.52485
G1 X189.045 Y132.603 E.01639
G1 X107.397 Y50.955 E3.54802
G1 X106.864 Y50.955 E.01639
G1 X189.045 Y133.136 E3.5712
G1 X189.045 Y133.67 E.01639
G1 X106.33 Y50.955 E3.59437
G1 X105.797 Y50.955 E.01639
G1 X189.045 Y134.203 E3.61754
G1 X189.045 Y134.736 E.01639
G1 X105.264 Y50.955 E3.64072
G1 X104.73 Y50.955 E.01639
G1 X189.045 Y135.27 E3.66389
G1 X189.045 Y135.803 E.01639
G1 X104.197 Y50.955 E3.68706
G1 X103.664 Y50.955 E.01639
G1 X189.045 Y136.336 E3.71024
G1 X189.045 Y136.869 E.01639
G1 X103.131 Y50.955 E3.73341
G1 X102.597 Y50.955 E.01639
G1 X189.045 Y137.403 E3.75658
G1 X189.045 Y137.936 E.01639
G1 X102.064 Y50.955 E3.77975
G1 X101.531 Y50.955 E.01639
G1 X189.045 Y138.469 E3.80293
G1 X189.045 Y139.002 E.01639
G1 X100.998 Y50.955 E3.8261
G1 X100.464 Y50.955 E.01639
G1 X189.045 Y139.536 E3.84927
G1 X189.045 Y140.069 E.01639
G1 X99.931 Y50.955 E3.87245
G1 X99.398 Y50.955 E.01639
G1 X189.045 Y140.602 E3.89562
G1 X189.045 Y141.136 E.01639
G1 X98.864 Y50.955 E3.91879
G1 X98.331 Y50.955 E.01639
G1 X189.045 Y141.669 E3.94197
G1 X189.045 Y142.202 E.01639
G1 X97.798 Y50.955 E3.96514
G1 X97.265 Y50.955 E.01639
G1 X189.045 Y142.735 E3.98831
G1 X189.045 Y143.269 E.01639
G1 X96.731 Y50.955 E4.01149
G1 X96.198 Y50.955 E.01639
G1 X189.045 Y143.802 E4.03466
G1 X189.045 Y144.335 E.01639
G1 X95.665 Y50.955 E4.05783
G1 X95.132 Y50.955 E.01639
G1 X189.045 Y144.868 E4.08101
G1 X189.045 Y145.402 E.01639
G1 X94.598 Y50.955 E4.10418
G1 X94.065 Y50.955 E.01639
G1 X189.045 Y145.935 E4.12735
G1 X189.045 Y146.468 E.01639
G1 X93.532 Y50.955 E4.15052
G1 X92.999 Y50.955 E.01639
G1 X189.045 Y147.001 E4.1737
G1 X189.045 Y147.535 E.01639
G1 X92.465 Y50.955 E4.19687
G1 X91.932 Y50.955 E.01639
G1 X189.045 Y148.068 E4.22004
G1 X189.045 Y148.601 E.01639
G1 X91.399 Y50.955 E4.24322
G1 X90.865 Y50.955 E.01639
G1 X189.045 Y149.135 E4.26639
G1 X189.045 Y149.668 E.01639
G1 X90.332 Y50.955 E4.28956
G1 X89.799 Y50.955 E.01639
G1 X189.045 Y150.201 E4.31274
G1 X189.045 Y150.734 E.01639
G1 X89.266 Y50.955 E4.33591
G1 X88.732 Y50.955 E.01639
G1 X189.045 Y151.268 E4.35908
G1 X189.045 Y151.801 E.01639
G1 X88.199 Y50.955 E4.38226
G1 X87.666 Y50.955 E.01639
G1 X189.045 Y152.334 E4.40543
G1 X189.045 Y152.867 E.01639
G1 X87.133 Y50.955 E4.4286
G1 X86.599 Y50.955 E.01639
G1 X189.045 Y153.401 E4.45178
G1 X189.045 Y153.934 E.01639
G1 X86.066 Y50.955 E4.47495
G1 X85.533 Y50.955 E.01639
G1 X189.045 Y154.467 E4.49812
G1 X189.045 Y155.001 E.01639
G1 X84.999 Y50.955 E4.52129
G1 X84.466 Y50.955 E.01639
G1 X189.045 Y155.534 E4.54447
G1 X189.045 Y156.067 E.01639
G1 X83.933 Y50.955 E4.56764
G1 X83.4 Y50.955 E.01639
G1 X189.045 Y156.6 E4.59081
G1 X189.045 Y157.134 E.01639
G1 X82.866 Y50.955 E4.61399
G1 X82.333 Y50.955 E.01639
G1 X189.045 Y157.667 E4.63716
G1 X189.045 Y158.2 E.01639
G1 X81.8 Y50.955 E4.66033
G1 X81.267 Y50.955 E.01639
G1 X189.045 Y158.733 E4.68351
G1 X189.045 Y159.267 E.01639
G1 X80.733 Y50.955 E4.70668
G1 X80.2 Y50.955 E.01639
G1 X189.045 Y159.8 E4.72985
G1 X189.045 Y160.333 E.01639
G1 X79.667 Y50.955 E4.75303
G1 X79.133 Y50.955 E.01639
G1 X189.045 Y160.867 E4.7762
G1 X189.045 Y161.4 E.01639
G1 X78.6 Y50.955 E4.79937
G1 X78.067 Y50.955 E.01639
G1 X189.045 Y161.933 E4.82255
G1 X189.045 Y162.466 E.01639
G1 X77.534 Y50.955 E4.84572
G1 X77 Y50.955 E.01639
G1 X189.045 Y163 E4.86889
G1 X189.045 Y163.533 E.01639
G1 X76.467 Y50.955 E4.89207
G1 X75.934 Y50.955 E.01639
G1 X189.045 Y164.066 E4.91524
G1 X189.045 Y164.599 E.01639
G1 X75.401 Y50.955 E4.93841
G1 X74.867 Y50.955 E.01639
G1 X189.045 Y165.133 E4.96158
G1 X189.045 Y165.666 E.01639
G1 X74.334 Y50.955 E4.98476
G1 X73.801 Y50.955 E.01639
G1 X189.045 Y166.199 E5.00793
G1 X189.045 Y166.732 E.01639
G1 X73.268 Y50.955 E5.0311
G1 X72.734 Y50.955 E.01639
G1 X189.045 Y167.266 E5.05428
G1 X189.045 Y167.799 E.01639
G1 X72.201 Y50.955 E5.07745
G1 X71.668 Y50.955 E.01639
G1 X189.045 Y168.332 E5.10062
G1 X189.045 Y168.866 E.01639
G1 X71.134 Y50.955 E5.1238
G1 X70.601 Y50.955 E.01639
G1 X188.692 Y169.045 E5.13161
G1 X188.159 Y169.045 E.01639
G1 X70.068 Y50.955 E5.13161
G1 X69.535 Y50.955 E.01639
G1 X187.626 Y169.045 E5.13161
G1 X187.092 Y169.045 E.01639
G1 X69.001 Y50.955 E5.13161
G1 X68.468 Y50.955 E.01639
G1 X186.559 Y169.045 E5.13161
G1 X186.026 Y169.045 E.01639
G1 X67.935 Y50.955 E5.13161
G1 X67.402 Y50.955 E.01639
G1 X185.492 Y169.045 E5.13161
G1 X184.959 Y169.045 E.01639
G1 X66.868 Y50.955 E5.13161
G1 X66.335 Y50.955 E.01639
G1 X184.426 Y169.045 E5.13161
G1 X183.893 Y169.045 E.01639
G1 X65.802 Y50.955 E5.13161
G1 X65.268 Y50.955 E.01639
G1 X183.359 Y169.045 E5.13161
G1 X182.826 Y169.045 E.01639
G1 X64.735 Y50.955 E5.13161
G1 X64.202 Y50.955 E.01639
G1 X182.293 Y169.045 E5.13161
G1 X181.76 Y169.045 E.01639
G1 X63.669 Y50.955 E5.13161
G1 X63.135 Y50.955 E.01639
G1 X181.226 Y169.045 E5.13161
G1 X180.693 Y169.045 E.01639
G1 X62.602 Y50.955 E5.13161
G1 X62.069 Y50.955 E.01639
G1 X180.16 Y169.045 E5.13161
G1 X179.626 Y169.045 E.01639
G1 X61.536 Y50.955 E5.13161
G1 X61.002 Y50.955 E.01639
G1 X179.093 Y169.045 E5.13161
G1 X178.56 Y169.045 E.01639
G1 X60.469 Y50.955 E5.13161
G1 X59.936 Y50.955 E.01639
G1 X178.027 Y169.045 E5.13161
G1 X177.493 Y169.045 E.01639
G1 X59.402 Y50.955 E5.13161
G1 X58.869 Y50.955 E.01639
G1 X176.96 Y169.045 E5.13161
G1 X176.427 Y169.045 E.01639
G1 X58.336 Y50.955 E5.13161
G1 X57.803 Y50.955 E.01639
G1 X175.894 Y169.045 E5.13161
G1 X175.36 Y169.045 E.01639
G1 X57.269 Y50.955 E5.13161
G1 X56.736 Y50.955 E.01639
G1 X174.827 Y169.045 E5.13161
G1 X174.294 Y169.045 E.01639
G1 X56.203 Y50.955 E5.13161
G1 X55.67 Y50.955 E.01639
G1 X173.76 Y169.045 E5.13161
G1 X173.227 Y169.045 E.01639
G1 X55.136 Y50.955 E5.13161
G1 X54.603 Y50.955 E.01639
G1 X172.694 Y169.045 E5.13161
G1 X172.161 Y169.045 E.01639
G1 X54.07 Y50.955 E5.13161
G1 X53.537 Y50.955 E.01639
G1 X171.627 Y169.045 E5.13161
G1 X171.094 Y169.045 E.01639
G1 X53.003 Y50.955 E5.13161
G1 X52.47 Y50.955 E.01639
G1 X170.561 Y169.045 E5.13161
G1 X170.028 Y169.045 E.01639
G1 X51.937 Y50.955 E5.13161
G1 X51.403 Y50.955 E.01639
G1 X169.494 Y169.045 E5.13161
G1 X168.961 Y169.045 E.01639
G1 X50.87 Y50.955 E5.13161
G1 X50.337 Y50.955 E.01639
G1 X168.428 Y169.045 E5.13161
G1 X167.895 Y169.045 E.01639
G1 X49.804 Y50.955 E5.13161
G1 X49.27 Y50.955 E.01639
G1 X167.361 Y169.045 E5.13161
G1 X166.828 Y169.045 E.01639
G1 X48.737 Y50.955 E5.13161
G1 X48.204 Y50.955 E.01639
G1 X166.295 Y169.045 E5.13161
G1 X165.761 Y169.045 E.01639
G1 X47.671 Y50.955 E5.13161
G1 X47.137 Y50.955 E.01639
G1 X165.228 Y169.045 E5.13161
G1 X164.695 Y169.045 E.01639
G1 X46.604 Y50.955 E5.13161
G1 X46.071 Y50.955 E.01639
G1 X164.162 Y169.045 E5.13161
G1 X163.628 Y169.045 E.01639
G1 X45.537 Y50.955 E5.13161
G1 X45.004 Y50.955 E.01639
G1 X163.095 Y169.045 E5.13161
G1 X162.562 Y169.045 E.01639
G1 X44.471 Y50.955 E5.13161
G1 X43.938 Y50.955 E.01639
G1 X162.029 Y169.045 E5.13161
G1 X161.495 Y169.045 E.01639
G1 X43.404 Y50.955 E5.13161
G1 X42.871 Y50.955 E.01639
G1 X160.962 Y169.045 E5.13161
G1 X160.429 Y169.045 E.01639
G1 X42.338 Y50.955 E5.13161
G1 X41.805 Y50.955 E.01639
G1 X159.895 Y169.045 E5.13161
G1 X159.362 Y169.045 E.01639
G1 X41.271 Y50.955 E5.13161
G1 X40.738 Y50.955 E.01639
G1 X158.829 Y169.045 E5.13161
G1 X158.296 Y169.045 E.01639
G1 X40.205 Y50.955 E5.13161
G1 X39.671 Y50.955 E.01639
G1 X157.762 Y169.045 E5.13161
G1 X157.229 Y169.045 E.01639
G1 X39.138 Y50.955 E5.13161
G1 X38.605 Y50.955 E.01639
G1 X156.696 Y169.045 E5.13161
G1 X156.163 Y169.045 E.01639
G1 X38.072 Y50.955 E5.13161
G1 X37.538 Y50.955 E.01639
G1 X155.629 Y169.045 E5.13161
G1 X155.096 Y169.045 E.01639
G1 X37.005 Y50.955 E5.13161
G1 X36.472 Y50.955 E.01639
G1 X154.563 Y169.045 E5.13161
G1 X154.029 Y169.045 E.01639
G1 X35.939 Y50.955 E5.13161
G1 X35.405 Y50.955 E.01639
G1 X153.496 Y169.045 E5.13161
G1 X152.963 Y169.045 E.01639
G1 X34.872 Y50.955 E5.13161
G1 X34.339 Y50.955 E.01639
G1 X152.43 Y169.045 E5.13161
G1 X151.896 Y169.045 E.01639
G1 X33.806 Y50.955 E5.13161
G1 X33.272 Y50.955 E.01639
G1 X151.363 Y169.045 E5.13161
G1 X150.83 Y169.045 E.01639
G1 X32.739 Y50.955 E5.13161
G1 X32.206 Y50.955 E.01639
G1 X150.297 Y169.045 E5.13161
G1 X149.763 Y169.045 E.01639
G1 X31.672 Y50.955 E5.13161
G1 X31.139 Y50.955 E.01639
G1 X149.23 Y169.045 E5.13161
G1 X148.697 Y169.045 E.01639
G1 X30.955 Y51.303 E5.11646
G1 X30.955 Y51.836 E.01639
G1 X148.164 Y169.045 E5.09329
G1 X147.63 Y169.045 E.01639
G1 X30.955 Y52.37 E5.07012
G1 X30.955 Y52.903 E.01639
G1 X147.097 Y169.045 E5.04694
G1 X146.564 Y169.045 E.01639
G1 X30.955 Y53.436 E5.02377
G1 X30.955 Y53.97 E.01639
G1 X146.03 Y169.045 E5.0006
G1 X145.497 Y169.045 E.01639
G1 X30.955 Y54.503 E4.97742
G1 X30.955 Y55.036 E.01639
G1 X144.964 Y169.045 E4.95425
G1 X144.431 Y169.045 E.01639
G1 X30.955 Y55.569 E4.93108
G1 X30.955 Y56.103 E.01639
G1 X143.897 Y169.045 E4.9079
G1 X143.364 Y169.045 E.01639
G1 X30.955 Y56.636 E4.88473
G1 X30.955 Y57.169 E.01639
G1 X142.831 Y169.045 E4.86156
G1 X142.298 Y169.045 E.01639
G1 X30.955 Y57.702 E4.83838
G1 X30.955 Y58.236 E.01639
G1 X141.764 Y169.045 E4.81521
G1 X141.231 Y169.045 E.01639
G1 X30.955 Y58.769 E4.79204
G1 X30.955 Y59.302 E.01639
G1 X140.698 Y169.045 E4.76886
G1 X140.164 Y169.045 E.01639
G1 X30.955 Y59.836 E4.74569
G1 X30.955 Y60.369 E.01639
G1 X139.631 Y169.045 E4.72252
G1 X139.098 Y169.045 E.01639
G1 X30.955 Y60.902 E4.69934
G1 X30.955 Y61.435 E.01639
G1 X138.565 Y169.045 E4.67617
G1 X138.031 Y169.045 E.01639
G1 X30.955 Y61.969 E4.653
G1 X30.955 Y62.502 E.01639
G1 X137.498 Y169.045 E4.62983
G1 X136.965 Y169.045 E.01639
G1 X30.955 Y63.035 E4.60665
G1 X30.955 Y63.568 E.01639
G1 X136.432 Y169.045 E4.58348
G1 X135.898 Y169.045 E.01639
G1 X30.955 Y64.102 E4.56031
G1 X30.955 Y64.635 E.01639
G1 X135.365 Y169.045 E4.53713
G1 X134.832 Y169.045 E.01639
G1 X30.955 Y65.168 E4.51396
G1 X30.955 Y65.702 E.01639
G1 X134.298 Y169.045 E4.49079
G1 X133.765 Y169.045 E.01639
G1 X30.955 Y66.235 E4.46761
G1 X30.955 Y66.768 E.01639
G1 X133.232 Y169.045 E4.44444
G1 X132.699 Y169.045 E.01639
G1 X30.955 Y67.301 E4.42127
G1 X30.955 Y67.835 E.01639
G1 X132.165 Y169.045 E4.39809
G1 X131.632 Y169.045 E.01639
G1 X30.955 Y68.368 E4.37492
G1 X30.955 Y68.901 E.01639
G1 X131.099 Y169.045 E4.35175
G1 X130.566 Y169.045 E.01639
G1 X30.955 Y69.434 E4.32857
G1 X30.955 Y69.968 E.01639
G1 X130.032 Y169.045 E4.3054
G1 X129.499 Y169.045 E.01639
G1 X30.955 Y70.501 E4.28223
G1 X30.955 Y71.034 E.01639
G1 X128.966 Y169.045 E4.25906
G1 X128.433 Y169.045 E.01639
G1 X30.955 Y71.567 E4.23588
G1 X30.955 Y72.101 E.01639
G1 X127.899 Y169.045 E4.21271
G1 X127.366 Y169.045 E.01639
G1 X30.955 Y72.634 E4.18954
G1 X30.955 Y73.167 E.01639
G1 X126.833 Y169.045 E4.16636
G1 X126.299 Y169.045 E.01639
G1 X30.955 Y73.701 E4.14319
G1 X30.955 Y74.234 E.01639
G1 X125.766 Y169.045 E4.12002
G1 X125.233 Y169.045 E.01639
G1 X30.955 Y74.767 E4.09684
G1 X30.955 Y75.3 E.01639
G1 X124.7 Y169.045 E4.07367
G1 X124.166 Y169.045 E.01639
G1 X30.955 Y75.834 E4.0505
G1 X30.955 Y76.367 E.01639
G1 X123.633 Y169.045 E4.02732
G1 X123.1 Y169.045 E.01639
G1 X30.955 Y76.9 E4.00415
G1 X30.955 Y77.433 E.01639
G1 X122.567 Y169.045 E3.98098
G1 X122.033 Y169.045 E.01639
G1 X30.955 Y77.967 E3.9578
G1 X30.955 Y78.5 E.01639
G1 X121.5 Y169.045 E3.93463
G1 X120.967 Y169.045 E.01639
G1 X30.955 Y79.033 E3.91146
G1 X30.955 Y79.567 E.01639
G1 X120.433 Y169.045 E3.88829
G1 X119.9 Y169.045 E.01639
G1 X30.955 Y80.1 E3.86511
G1 X30.955 Y80.633 E.01639
G1 X119.367 Y169.045 E3.84194
G1 X118.834 Y169.045 E.01639
G1 X30.955 Y81.166 E3.81877
G1 X30.955 Y81.7 E.01639
G1 X118.3 Y169.045 E3.79559
G1 X117.767 Y169.045 E.01639
G1 X30.955 Y82.233 E3.77242
G1 X30.955 Y82.766 E.01639
G1 X117.234 Y169.045 E3.74925
G1 X116.701 Y169.045 E.01639
G1 X30.955 Y83.299 E3.72607
G1 X30.955 Y83.833 E.01639
G1 X116.167 Y169.045 E3.7029
G1 X115.634 Y169.045 E.01639
G1 X30.955 Y84.366 E3.67973
G1 X30.955 Y84.899 E.01639
G1 X115.101 Y169.045 E3.65655
G1 X114.567 Y169.045 E.01639
G1 X30.955 Y85.433 E3.63338
G1 X30.955 Y85.966 E.01639
G1 X114.034 Y169.045 E3.61021
G1 X113.501 Y169.045 E.01639
G1 X30.955 Y86.499 E3.58703
G1 X30.955 Y87.032 E.01639
G1 X112.968 Y169.045 E3.56386
G1 X112.434 Y169.045 E.01639
G1 X30.955 Y87.566 E3.54069
G1 X30.955 Y88.099 E.01639
G1 X111.901 Y169.045 E3.51751
G1 X111.368 Y169.045 E.01639
G1 X30.955 Y88.632 E3.49434
G1 X30.955 Y89.165 E.01639
G1 X110.835 Y169.045 E3.47117
G1 X110.301 Y169.045 E.01639
G1 X30.955 Y89.699 E3.448
G1 X30.955 Y90.232 E.01639
G1 X109.768 Y169.045 E3.42482
G1 X109.235 Y169.045 E.01639
G1 X30.955 Y90.765 E3.40165
G1 X30.955 Y91.298 E.01639
G1 X108.702 Y169.045 E3.37848
G1 X108.168 Y169.045 E.01639
G1 X30.955 Y91.832 E3.3553
G1 X30.955 Y92.365 E.01639
G1 X107.635 Y169.045 E3.33213
G1 X107.102 Y169.045 E.01639
G1 X30.955 Y92.898 E3.30896
G1 X30.955 Y93.432 E.01639
G1 X106.568 Y169.045 E3.28578
G1 X106.035 Y169.045 E.01639
G1 X30.955 Y93.965 E3.26261
G1 X30.955 Y94.498 E.01639
G1 X105.502 Y169.045 E3.23944
G1 X104.969 Y169.045 E.01639
G1 X30.955 Y95.031 E3.21626
G1 X30.955 Y95.565 E.01639
G1 X104.435 Y169.045 E3.19309
G1 X103.902 Y169.045 E.01639
G1 X30.955 Y96.098 E3.16992
G1 X30.955 Y96.631 E.01639
G1 X103.369 Y169.045 E3.14674
G1 X102.836 Y169.045 E.01639
G1 X30.955 Y97.164 E3.12357
G1 X30.955 Y97.698 E.01639
G1 X102.302 Y169.045 E3.1004
G1 X101.769 Y169.045 E.01639
G1 X30.955 Y98.231 E3.07723
G1 X30.955 Y98.764 E.01639
G1 X101.236 Y169.045 E3.05405
G1 X100.702 Y169.045 E.01639
G1 X30.955 Y99.298 E3.03088
G1 X30.955 Y99.831 E.01639
G1 X100.169 Y169.045 E3.00771
G1 X99.636 Y169.045 E.01639
G1 X30.955 Y100.364 E2.98453
G1 X30.955 Y100.897 E.01639
G1 X99.103 Y169.045 E2.96136
G1 X98.569 Y169.045 E.01639
G1 X30.955 Y101.431 E2.93819
G1 X30.955 Y101.964 E.01639
G1 X98.036 Y169.045 E2.91501
G1 X97.503 Y169.045 E.01639
G1 X30.955 Y102.497 E2.89184
G1 X30.955 Y103.03 E.01639
G1 X96.97 Y169.045 E2.86867
G1 X96.436 Y169.045 E.01639
G1 X30.955 Y103.564 E2.84549
G1 X30.955 Y104.097 E.01639
G1 X95.903 Y169.045 E2.82232
G1 X95.37 Y169.045 E.01639
G1 X30.955 Y104.63 E2.79915
G1 X30.955 Y105.164 E.01639
G1 X94.836 Y169.045 E2.77597
G1 X94.303 Y169.045 E.01639
G1 X30.955 Y105.697 E2.7528
G1 X30.955 Y106.23 E.01639
G1 X93.77 Y169.045 E2.72963
G1 X93.237 Y169.045 E.01639
G1 X30.955 Y106.763 E2.70646
G1 X30.955 Y107.297 E.01639
G1 X92.703 Y169.045 E2.68328
G1 X92.17 Y169.045 E.01639
G1 X30.955 Y107.83 E2.66011
G1 X30.955 Y108.363 E.01639
G1 X91.637 Y169.045 E2.63694
G1 X91.104 Y169.045 E.01639
G1 X30.955 Y108.896 E2.61376
G1 X30.955 Y109.43 E.01639
G1 X90.57 Y169.045 E2.59059
G1 X90.037 Y169.045 E.01639
G1 X30.955 Y109.963 E2.56742
G1 X30.955 Y110.496 E.01639
G1 X89.504 Y169.045 E2.54424
G1 X88.971 Y169.045 E.01639
G1 X30.955 Y111.029 E2.52107
G1 X30.955 Y111.563 E.01639
G1 X88.437 Y169.045 E2.4979
G1 X87.904 Y169.045 E.01639
G1 X30.955 Y112.096 E2.47472
G1 X30.955 Y112.629 E.01639
G1 X87.371 Y169.045 E2.45155
G1 X86.837 Y169.045 E.01639
G1 X30.955 Y113.163 E2.42838
G1 X30.955 Y113.696 E.01639
G1 X86.304 Y169.045 E2.4052
G1 X85.771 Y169.045 E.01639
G1 X30.955 Y114.229 E2.38203
G1 X30.955 Y114.762 E.01639
G1 X85.238 Y169.045 E2.35886
G1 X84.704 Y169.045 E.01639
G1 X30.955 Y115.296 E2.33568
G1 X30.955 Y115.829 E.01639
G1 X84.171 Y169.045 E2.31251
G1 X83.638 Y169.045 E.01639
G1 X30.955 Y116.362 E2.28934
G1 X30.955 Y116.895 E.01639
G1 X83.105 Y169.045 E2.26617
G1 X82.571 Y169.045 E.01639
G1 X30.955 Y117.429 E2.24299
G1 X30.955 Y117.962 E.01639
G1 X82.038 Y169.045 E2.21982
G1 X81.505 Y169.045 E.01639
G1 X30.955 Y118.495 E2.19665
G1 X30.955 Y119.029 E.01639
G1 X80.971 Y169.045 E2.17347
G1 X80.438 Y169.045 E.01639
G1 X30.955 Y119.562 E2.1503
G1 X30.955 Y120.095 E.01639
G1 X79.905 Y169.045 E2.12713
G1 X79.372 Y169.045 E.01639
G1 X30.955 Y120.628 E2.10395
G1 X30.955 Y121.162 E.01639
G1 X78.838 Y169.045 E2.08078
G1 X78.305 Y169.045 E.01639
G1 X30.955 Y121.695 E2.05761
G1 X30.955 Y122.228 E.01639
G1 X77.772 Y169.045 E2.03443
G1 X77.239 Y169.045 E.01639
G1 X30.955 Y122.761 E2.01126
G1 X30.955 Y123.295 E.01639
G1 X76.705 Y169.045 E1.98809
G1 X76.172 Y169.045 E.01639
G1 X30.955 Y123.828 E1.96491
G1 X30.955 Y124.361 E.01639
G1 X75.639 Y169.045 E1.94174
G1 X75.105 Y169.045 E.01639
G1 X30.955 Y124.895 E1.91857
G1 X30.955 Y125.428 E.01639
G1 X74.572 Y169.045 E1.8954
G1 X74.039 Y169.045 E.01639
G1 X30.955 Y125.961 E1.87222
G1 X30.955 Y126.494 E.01639
G1 X73.506 Y169.045 E1.84905
G1 X72.972 Y169.045 E.01639
G1 X30.955 Y127.028 E1.82588
G1 X30.955 Y127.561 E.01639
G1 X72.439 Y169.045 E1.8027
G1 X71.906 Y169.045 E.01639
G1 X30.955 Y128.094 E1.77953
G1 X30.955 Y128.627 E.01639
G1 X71.373 Y169.045 E1.75636
G1 X70.839 Y169.045 E.01639
G1 X30.955 Y129.161 E1.73318
G1 X30.955 Y129.694 E.01639
G1 X70.306 Y169.045 E1.71001
G1 X69.773 Y169.045 E.01639
G1 X30.955 Y130.227 E1.68684
G1 X30.955 Y130.76 E.01639
G1 X69.24 Y169.045 E1.66366
G1 X68.706 Y169.045 E.01639
G1 X30.955 Y131.294 E1.64049
G1 X30.955 Y131.827 E.01639
G1 X68.173 Y169.045 E1.61732
G1 X67.64 Y169.045 E.01639
G1 X30.955 Y132.36 E1.59414
G1 X30.955 Y132.894 E.01639
G1 X67.106 Y169.045 E1.57097
G1 X66.573 Y169.045 E.01639
G1 X30.955 Y133.427 E1.5478
G1 X30.955 Y133.96 E.01639
G1 X66.04 Y169.045 E1.52463
G1 X65.507 Y169.045 E.01639
G1 X30.955 Y134.493 E1.50145
G1 X30.955 Y135.027 E.01639
G1 X64.973 Y169.045 E1.47828
G1 X64.44 Y169.045 E.01639
G1 X30.955 Y135.56 E1.45511
G1 X30.955 Y136.093 E.01639
G1 X63.907 Y169.045 E1.43193
G1 X63.374 Y169.045 E.01639
G1 X30.955 Y136.626 E1.40876
G1 X30.955 Y137.16 E.01639
G1 X62.84 Y169.045 E1.38559
G1 X62.307 Y169.045 E.01639
G1 X30.955 Y137.693 E1.36241
G1 X30.955 Y138.226 E.01639
G1 X61.774 Y169.045 E1.33924
G1 X61.24 Y169.045 E.01639
G1 X30.955 Y138.76 E1.31607
G1 X30.955 Y139.293 E.01639
G1 X60.707 Y169.045 E1.29289
G1 X60.174 Y169.045 E.01639
G1 X30.955 Y139.826 E1.26972
G1 X30.955 Y140.359 E.01639
G1 X59.641 Y169.045 E1.24655
G1 X59.107 Y169.045 E.01639
G1 X30.955 Y140.893 E1.22337
G1 X30.955 Y141.426 E.01639
G1 X58.574 Y169.045 E1.2002
G1 X58.041 Y169.045 E.01639
G1 X30.955 Y141.959 E1.17703
G1 X30.955 Y142.492 E.01639
G1 X57.508 Y169.045 E1.15385
G1 X56.974 Y169.045 E.01639
G1 X30.955 Y143.026 E1.13068
G1 X30.955 Y143.559 E.01639
G1 X56.441 Y169.045 E1.10751
G1 X55.908 Y169.045 E.01639
G1 X30.955 Y144.092 E1.08434
G1 X30.955 Y144.626 E.01639
G1 X55.374 Y169.045 E1.06116
G1 X54.841 Y169.045 E.01639
G1 X30.955 Y145.159 E1.03799
G1 X30.955 Y145.692 E.01639
G1 X54.308 Y169.045 E1.01482
G1 X53.775 Y169.045 E.01639
G1 X30.955 Y146.225 E.99164
G1 X30.955 Y146.759 E.01639
G1 X53.241 Y169.045 E.96847
G1 X52.708 Y169.045 E.01639
G1 X30.955 Y147.292 E.9453
G1 X30.955 Y147.825 E.01639
G1 X52.175 Y169.045 E.92212
G1 X51.642 Y169.045 E.01639
G1 X30.955 Y148.358 E.89895
G1 X30.955 Y148.892 E.01639
G1 X51.108 Y169.045 E.87578
G1 X50.575 Y169.045 E.01639
G1 X30.955 Y149.425 E.8526
G1 X30.955 Y149.958 E.01639
G1 X50.042 Y169.045 E.82943
G1 X49.509 Y169.045 E.01639
G1 X30.955 Y150.491 E.80626
G1 X30.955 Y151.025 E.01639
G1 X48.975 Y169.045 E.78308
G1 X48.442 Y169.045 E.01639
G1 X30.955 Y151.558 E.75991
G1 X30.955 Y152.091 E.01639
G1 X47.909 Y169.045 E.73674
G1 X47.375 Y169.045 E.01639
G1 X30.955 Y152.625 E.71357
G1 X30.955 Y153.158 E.01639
G1 X46.842 Y169.045 E.69039
G1 X46.309 Y169.045 E.01639
G1 X30.955 Y153.691 E.66722
G1 X30.955 Y154.224 E.01639
G1 X45.776 Y169.045 E.64405
G1 X45.242 Y169.045 E.01639
G1 X30.955 Y154.758 E.62087
G1 X30.955 Y155.291 E.01639
G1 X44.709 Y169.045 E.5977
G1 X44.176 Y169.045 E.01639
G1 X30.955 Y155.824 E.57453
G1 X30.955 Y156.357 E.01639
G1 X43.643 Y169.045 E.55135
G1 X43.109 Y169.045 E.01639
G1 X30.955 Y156.891 E.52818
G1 X30.955 Y157.424 E.01639
G1 X42.576 Y169.045 E.50501
G1 X42.043 Y169.045 E.01639
G1 X30.955 Y157.957 E.48183
G1 X30.955 Y158.491 E.01639
G1 X41.509 Y169.045 E.45866
G1 X40.976 Y169.045 E.01639
G1 X30.955 Y159.024 E.43549
G1 X30.955 Y159.557 E.01639
G1 X40.443 Y169.045 E.41231
G1 X39.91 Y169.045 E.01639
G1 X30.955 Y160.09 E.38914
G1 X30.955 Y160.624 E.01639
G1 X39.376 Y169.045 E.36597
G1 X38.843 Y169.045 E.01639
G1 X30.955 Y161.157 E.3428
G1 X30.955 Y161.69 E.01639
G1 X38.31 Y169.045 E.31962
G1 X37.777 Y169.045 E.01639
G1 X30.955 Y162.223 E.29645
G1 X30.955 Y162.757 E.01639
G1 X37.243 Y169.045 E.27328
G1 X36.71 Y169.045 E.01639
G1 X30.955 Y163.29 E.2501
G1 X30.955 Y163.823 E.01639
G1 X36.177 Y169.045 E.22693
G1 X35.643 Y169.045 E.01639
G1 X30.955 Y164.357 E.20376
G1 X30.955 Y164.89 E.01639
G1 X35.11 Y169.045 E.18058
G1 X34.577 Y169.045 E.01639
G1 X30.955 Y165.423 E.15741
G1 X30.955 Y165.956 E.01639
G1 X34.044 Y169.045 E.13424
G1 X33.51 Y169.045 E.01639
G1 X30.955 Y166.49 E.11106
G1 X30.955 Y167.023 E.01639
G1 X32.977 Y169.045 E.08789
G1 X32.444 Y169.045 E.01639
G1 X30.955 Y167.556 E.06472
G1 X30.955 Y168.089 E.01639
G1 X32.08 Y169.215 E.04892
; stop printing object Object_1 id:94613208297312 copy 0
;LAYER_CHANGE
;Z:0.8
;HEIGHT:0.2
;BEFORE_LAYER_CHANGE
;0.8
G92 E0

G1 E-.97778 F2400
;WIPE_START
G1 F10800
G1 X31.373 Y168.508 E-.22222
;WIPE_END
;_SET_FAN_SPEED_CHANGING_LAYER
; printing object Object_1 id:94613208297312 copy 0
G1 F9000
G1 X30.4046 Y168.929 Z0.857143
G1 X29.4717 Y168.434 Z0.914286
G1 X29.2769 Y167.396 Z0.971429
G1 X29.967 Y166.597 Z1.02857
G1 X31.0222 Y166.638 Z1.08571
G1 X31.648 Y167.488 Z1.14286
G1 X31.3732 Y168.508 Z1.2
G1 X30.624 Y169.376 Z1.2
G1 Z.8
G1 E1.2 F1800
M204 P2000
;TYPE:Inner wall
;WIDTH:0.449999
G1 F5400
G1 X30.624 Y50.624 E3.93925
G1 X189.376 Y50.624 E5.26612
G1 X189.376 Y169.376 E3.93925
G1 X30.664 Y169.376 E5.26479
M204 T1000
G1 X30.21 Y169.79 F9000
M204 P1000
;TYPE:Outer wall
;WIDTH:0.419999
G1 F3600
G1 X30.21 Y50.21 E3.67435
G1 X189.79 Y50.21 E4.90344
G1 X189.79 Y169.79 E3.67435
G1 X30.25 Y169.79 E4.90221
M204 T2500
G1 E-.84 F2400
;WIPE_START
G1 F3600
G1 X30.25 Y168.79 E-.36
;WIPE_END
G1 F9000
G1 X30.7143 Y167.842 Z0.857143
G1 X31.7455 Y167.614 Z0.914286
G1 X32.5666 Y168.278 Z0.971429
G1 X32.5594 Y169.334 Z1.02857
G1 X31.7293 Y169.987 Z1.08571
G1 X30.7014 Y169.745 Z1.14286
G1 X30.2497 Y168.79 Z1.2
G1 X31.05 Y50.983 Z1.2
G1 Z.8
G1 E1.2 F1800
M204 P2500
;TYPE:Internal solid infill
;WIDTH:0.439956
G1 F10800
G1 X30.976 Y51.026 E.00278
G1 X31.055 Y51.06 E.0028
G1 X187.218 Y169.215 F9000
;WIDTH:0.419999
G1 F10800
G1 X189.045 Y167.387 E.07943
G1 X189.045 Y166.854 E.01639
G1 X186.854 Y169.045 E.09523
G1 X186.321 Y169.045 E.01639
G1 X189.045 Y166.321 E.1184
G1 X189.045 Y165.788 E.01639
G1 X185.788 Y169.045 E.14157
G1 X185.254 Y169.045 E.01639
G1 X189.045 Y165.254 E.16475
G1 X189.045 Y164.721 E.01639
G1 X184.721 Y169.045 E.18792
G1 X184.188 Y169.045 E.01639
G1 X189.045 Y164.188 E.21109
G1 X189.045 Y163.654 E.01639
G1 X183.654 Y169.045 E.23426
G1 X183.121 Y169.045 E.01639
G1 X189.045 Y163.121 E.25744
G1 X189.045 Y162.588 E.01639
G1 X182.588 Y169.045 E.28061
G1 X182.055 Y169.045 E.01639
G1 X189.045 Y162.055 E.30378
G1 X189.045 Y161.521 E.01639
G1 X181.521 Y169.045 E.32696
G1 X180.988 Y169.045 E.01639
G1 X189.045 Y160.988 E.35013
G1 X189.045 Y160.455 E.01639
G1 X180.455 Y169.045 E.3733
G1 X179.922 Y169.045 E.01639
G1 X189.045 Y159.922 E.39648
G1 X189.045 Y159.388 E.01639
G1 X179.388 Y169.045 E.41965
G1 X178.855 Y169.045 E.01639
G1 X189.045 Y158.855 E.44282
G1 X189.045 Y158.322 E.01639
G1 X178.322 Y169.045 E.466
G1 X177.788 Y169.045 E.01639
G1 X189.045 Y157.788 E.48917
G1 X189.045 Y157.255 E.01639
G1 X177.255 Y169.045 E.51234
G1 X176.722 Y169.045 E.01639
G1 X189.045 Y156.722 E.53552
G1 X189.045 Y156.189 E.01639
G1 X176.189 Y169.045 E.55869
G1 X175.655 Y169.045 E.01639
G1 X189.045 Y155.655 E.58186
G1 X189.045 Y155.122 E.01639
G1 X175.122 Y169.045 E.60503
G1 X174.589 Y169.045 E.01639
G1 X189.045 Y154.589 E.62821
G1 X189.045 Y154.056 E.01639
G1 X174.056 Y169.045 E.65138
G1 X173.522 Y169.045 E.01639
G1 X189.045 Y153.522 E.67455
G1 X189.045 Y152.989 E.01639
G1 X172.989 Y169.045 E.69773
G1 X172.456 Y169.045 E.01639
G1 X189.045 Y152.456 E.7209
G1 X189.045 Y151.923 E.01639
G1 X171.922 Y169.045 E.74407
G1 X171.389 Y169.045 E.01639
G1 X189.045 Y151.389 E.76725
G1 X189.045 Y150.856 E.01639
G1 X170.856 Y169.045 E.79042
G1 X170.323 Y169.045 E.01639
G1 X189.045 Y150.323 E.81359
G1 X189.045 Y149.789 E.01639
G1 X169.789 Y169.045 E.83677
G1 X169.256 Y169.045 E.01639
G1 X189.045 Y149.256 E.85994
G1 X189.045 Y148.723 E.01639
G1 X168.723 Y169.045 E.88311
G1 X168.19 Y169.045 E.01639
G1 X189.045 Y148.19 E.90629
G1 X189.045 Y147.656 E.01639
G1 X167.656 Y169.045 E.92946
G1 X167.123 Y169.045 E.01639
G1 X189.045 Y147.123 E.95263
G1 X189.045 Y146.59 E.01639
G1 X166.59 Y169.045 E.97581
G1 X166.057 Y169.045 E.01639
G1 X189.045 Y146.057 E.99898
G1 X189.045 Y145.523 E.01639
G1 X165.523 Y169.045 E1.02215
G1 X164.99 Y169.045 E.01639
G1 X189.045 Y144.99 E1.04532
G1 X189.045 Y144.457 E.01639
G1 X164.457 Y169.045 E1.0685
G1 X163.923 Y169.045 E.01639
G1 X189.045 Y143.923 E1.09167
G1 X189.045 Y143.39 E.01639
G1 X163.39 Y169.045 E1.11484
G1 X162.857 Y169.045 E.01639
G1 X189.045 Y142.857 E1.13802
G1 X189.045 Y142.324 E.01639
G1 X162.324 Y169.045 E1.16119
G1 X161.79 Y169.045 E.01639
G1 X189.045 Y141.79 E1.18436
G1 X189.045 Y141.257 E.01639
G1 X161.257 Y169.045 E1.20754
G1 X160.724 Y169.045 E.01639
G1 X189.045 Y140.724 E1.23071
G1 X189.045 Y140.191 E.01639
G1 X160.191 Y169.045 E1.25388
G1 X159.657 Y169.045 E.01639
G1 X189.045 Y139.657 E1.27706
G1 X189.045 Y139.124 E.01639
G1 X159.124 Y169.045 E1.30023
G1 X158.591 Y169.045 E.01639
G1 X189.045 Y138.591 E1.3234
G1 X189.045 Y138.057 E.01639
G1 X158.057 Y169.045 E1.34658
G1 X157.524 Y169.045 E.01639
G1 X189.045 Y137.524 E1.36975
G1 X189.045 Y136.991 E.01639
G1 X156.991 Y169.045 E1.39292
G1 X156.458 Y169.045 E.01639
G1 X189.045 Y136.458 E1.41609
G1 X189.045 Y135.924 E.01639
G1 X155.924 Y169.045 E1.43927
G1 X155.391 Y169.045 E.01639
G1 X189.045 Y135.391 E1.46244
G1 X189.045 Y134.858 E.01639
G1 X154.858 Y169.045 E1.48561
G1 X154.325 Y169.045 E.01639
G1 X189.045 Y134.325 E1.50879
G1 X189.045 Y133.791 E.01639
G1 X153.791 Y169.045 E1.53196
G1 X153.258 Y169.045 E.01639
G1 X189.045 Y133.258 E1.55513
G1 X189.045 Y132.725 E.01639
G1 X152.725 Y169.045 E1.57831
G1 X152.191 Y169.045 E.01639
G1 X189.045 Y132.192 E1.60148
G1 X189.045 Y131.658 E.01639
G1 X151.658 Y169.045 E1.62465
G1 X151.125 Y169.045 E.01639
G1 X189.045 Y131.125 E1.64783
G1 X189.045 Y130.592 E.01639
G1 X150.592 Y169.045 E1.671
G1 X150.058 Y169.045 E.01639
G1 X189.045 Y130.058 E1.69417
G1 X189.045 Y129.525 E.01639
G1 X149.525 Y169.045 E1.71735
G1 X148.992 Y169.045 E.01639
G1 X189.045 Y128.992 E1.74052
G1 X189.045 Y128.459 E.01639
G1 X148.459 Y169.045 E1.76369
G1 X147.925 Y169.045 E.01639
G1 X189.045 Y127.925 E1.78686
G1 X189.045 Y127.392 E.01639
G1 X147.392 Y169.045 E1.81004
G1 X146.859 Y169.045 E.01639
G1 X189.045 Y126.859 E1.83321
G1 X189.045 Y126.326 E.01639
G1 X146.326 Y169.045 E1.85638
G1 X145.792 Y169.045 E.01639
G1 X189.045 Y125.792 E1.87956
G1 X189.045 Y125.259 E.01639
G1 X145.259 Y169.045 E1.90273
G1 X144.726 Y169.045 E.01639
G1 X189.045 Y124.726 E1.9259
G1 X189.045 Y124.192 E.01639
G1 X144.192 Y169.045 E1.94908
G1 X143.659 Y169.045 E.01639
G1 X189.045 Y123.659 E1.97225
G1 X189.045 Y123.126 E.01639
G1 X143.126 Y169.045 E1.99542
G1 X142.593 Y169.045 E.01639
G1 X189.045 Y122.593 E2.0186
G1 X189.045 Y122.059 E.01639
G1 X142.059 Y169.045 E2.04177
G1 X141.526 Y169.045 E.01639
G1 X189.045 Y121.526 E2.06494
G1 X189.045 Y120.993 E.01639
G1 X140.993 Y169.045 E2.08812
G1 X140.46 Y169.045 E.01639
G1 X189.045 Y120.46 E2.11129
G1 X189.045 Y119.926 E.01639
G1 X139.926 Y169.045 E2.13446
G1 X139.393 Y169.045 E.01639
G1 X189.045 Y119.393 E2.15763
G1 X189.045 Y118.86 E.01639
G1 X138.86 Y169.045 E2.18081
G1 X138.326 Y169.045 E.01639
G1 X189.045 Y118.326 E2.20398
G1 X189.045 Y117.793 E.01639
G1 X137.793 Y169.045 E2.22715
G1 X137.26 Y169.045 E.01639
G1 X189.045 Y117.26 E2.25033
G1 X189.045 Y116.727 E.01639
G1 X136.727 Y169.045 E2.2735
G1 X136.193 Y169.045 E.01639
G1 X189.045 Y116.193 E2.29667
G1 X189.045 Y115.66 E.01639
G1 X135.66 Y169.045 E2.31985
G1 X135.127 Y169.045 E.01639
G1 X189.045 Y115.127 E2.34302
G1 X189.045 Y114.594 E.01639
G1 X134.594 Y169.045 E2.36619
G1 X134.06 Y169.045 E.01639
G1 X189.045 Y114.06 E2.38937
G1 X189.045 Y113.527 E.01639
G1 X133.527 Y169.045 E2.41254
G1 X132.994 Y169.045 E.01639
G1 X189.045 Y112.994 E2.43571
G1 X189.045 Y112.461 E.01639
G1 X132.46 Y169.045 E2.45889
G1 X131.927 Y169.045 E.01639
G1 X189.045 Y111.927 E2.48206
G1 X189.045 Y111.394 E.01639
G1 X131.394 Y169.045 E2.50523
G1 X130.861 Y169.045 E.01639
G1 X189.045 Y110.861 E2.52841
G1 X189.045 Y110.327 E.01639
G1 X130.327 Y169.045 E2.55158
G1 X129.794 Y169.045 E.01639
G1 X189.045 Y109.794 E2.57475
G1 X189.045 Y109.261 E.01639
G1 X129.261 Y169.045 E2.59792
G1 X128.728 Y169.045 E.01639
G1 X189.045 Y108.728 E2.6211
G1 X189.045 Y108.194 E.01639
G1 X128.194 Y169.045 E2.64427
G1 X127.661 Y169.045 E.01639
G1 X189.045 Y107.661 E2.66744
G1 X189.045 Y107.128 E.01639
G1 X127.128 Y169.045 E2.69062
G1 X126.595 Y169.045 E.01639
G1 X189.045 Y106.595 E2.71379
G1 X189.045 Y106.061 E.01639
G1 X126.061 Y169.045 E2.73696
G1 X125.528 Y169.045 E.01639
G1 X189.045 Y105.528 E2.76014
G1 X189.045 Y104.995 E.01639
G1 X124.995 Y169.045 E2.78331
G1 X124.461 Y169.045 E.01639
G1 X189.045 Y104.461 E2.80648
G1 X189.045 Y103.928 E.01639
G1 X123.928 Y169.045 E2.82966
G1 X123.395 Y169.045 E.01639
G1 X189.045 Y103.395 E2.85283
G1 X189.045 Y102.862 E.01639
G1 X122.862 Y169.045 E2.876
G1 X122.328 Y169.045 E.01639
G1 X189.045 Y102.328 E2.89918
G1 X189.045 Y101.795 E.01639
G1 X121.795 Y169.045 E2.92235
G1 X121.262 Y169.045 E.01639
G1 X189.045 Y101.262 E2.94552
G1 X189.045 Y100.729 E.01639
G1 X120.729 Y169.045 E2.96869
G1 X120.195 Y169.045 E.01639
G1 X189.045 Y100.195 E2.99187
G1 X189.045 Y99.662 E.01639
G1 X119.662 Y169.045 E3.01504
G1 X119.129 Y169.045 E.01639
G1 X189.045 Y99.129 E3.03821
G1 X189.045 Y98.595 E.01639
G1 X118.595 Y169.045 E3.06139
G1 X118.062 Y169.045 E.01639
G1 X189.045 Y98.062 E3.08456
G1 X189.045 Y97.529 E.01639
G1 X117.529 Y169.045 E3.10773
G1 X116.996 Y169.045 E.01639
G1 X189.045 Y96.996 E3.13091
G1 X189.045 Y96.462 E.01639
G1 X116.462 Y169.045 E3.15408
G1 X115.929 Y169.045 E.01639
G1 X189.045 Y95.929 E3.17725
G1 X189.045 Y95.396 E.01639
G1 X115.396 Y169.045 E3.20043
G1 X114.863 Y169.045 E.01639
G1 X189.045 Y94.863 E3.2236
G1 X189.045 Y94.329 E.01639
G1 X114.329 Y169.045 E3.24677
G1 X113.796 Y169.045 E.01639
G1 X189.045 Y93.796 E3.26995
G1 X189.045 Y93.263 E.01639
G1 X113.263 Y169.045 E3.29312
G1 X112.729 Y169.045 E.01639
G1 X189.045 Y92.73 E3.31629
G1 X189.045 Y92.196 E.01639
G1 X112.196 Y169.045 E3.33946
G1 X111.663 Y169.045 E.01639
G1 X189.045 Y91.663 E3.36264
G1 X189.045 Y91.13 E.01639
G1 X111.13 Y169.045 E3.38581
G1 X110.596 Y169.045 E.01639
G1 X189.045 Y90.596 E3.40898
G1 X189.045 Y90.063 E.01639
G1 X110.063 Y169.045 E3.43216
G1 X109.53 Y169.045 E.01639
G1 X189.045 Y89.53 E3.45533
G1 X189.045 Y88.997 E.01639
G1 X108.997 Y169.045 E3.4785
G1 X108.463 Y169.045 E.01639
G1 X189.045 Y88.463 E3.50168
G1 X189.045 Y87.93 E.01639
G1 X107.93 Y169.045 E3.52485
G1 X107.397 Y169.045 E.01639
G1 X189.045 Y87.397 E3.54802
G1 X189.045 Y86.864 E.01639
G1 X106.864 Y169.045 E3.5712
G1 X106.33 Y169.045 E.01639
G1 X189.045 Y86.33 E3.59437
G1 X189.045 Y85.797 E.01639
G1 X105.797 Y169.045 E3.61754
G1 X105.264 Y169.045 E.01639
G1 X189.045 Y85.264 E3.64072
G1 X189.045 Y84.73 E.01639
G1 X104.73 Y169.045 E3.66389
G1 X104.197 Y169.045 E.01639
G1 X189.045 Y84.197 E3.68706
G1 X189.045 Y83.664 E.01639
G1 X103.664 Y169.045 E3.71024
G1 X103.131 Y169.045 E.01639
G1 X189.045 Y83.131 E3.73341
G1 X189.045 Y82.597 E.01639
G1 X102.597 Y169.045 E3.75658
G1 X102.064 Y169.045 E.01639
G1 X189.045 Y82.064 E3.77975
G1 X189.045 Y81.531 E.01639
G1 X101.531 Y169.045 E3.80293
G1 X100.998 Y169.045 E.01639
G1 X189.045 Y80.998 E3.8261
G1 X189.045 Y80.464 E.01639
G1 X100.464 Y169.045 E3.84927
G1 X99.931 Y169.045 E.01639
G1 X189.045 Y79.931 E3.87245
G1 X189.045 Y79.398 E.01639
G1 X99.398 Y169.045 E3.89562
G1 X98.864 Y169.045 E.01639
G1 X189.045 Y78.864 E3.91879
G1 X189.045 Y78.331 E.01639
G1 X98.331 Y169.045 E3.94197
G1 X97.798 Y169.045 E.01639
G1 X189.045 Y77.798 E3.96514
G1 X189.045 Y77.265 E.01639
G1 X97.265 Y169.045 E3.98831
G1 X96.731 Y169.045 E.01639
G1 X189.045 Y76.731 E4.01149
G1 X189.045 Y76.198 E.01639
G1 X96.198 Y169.045 E4.03466
G1 X95.665 Y169.045 E.01639
G1 X189.045 Y75.665 E4.05783
G1 X189.045 Y75.132 E.01639
G1 X95.132 Y169.045 E4.08101
G1 X94.598 Y169.045 E.01639
G1 X189.045 Y74.598 E4.10418
G1 X189.045 Y74.065 E.01639
G1 X94.065 Y169.045 E4.12735
G1 X93.532 Y169.045 E.01639
G1 X189.045 Y73.532 E4.15052
G1 X189.045 Y72.999 E.01639
G1 X92.998 Y169.045 E4.1737
G1 X92.465 Y169.045 E.01639
G1 X189.045 Y72.465 E4.19687
G1 X189.045 Y71.932 E.01639
G1 X91.932 Y169.045 E4.22004
G1 X91.399 Y169.045 E.01639
G1 X189.045 Y71.399 E4.24322
G1 X189.045 Y70.865 E.01639
G1 X90.865 Y169.045 E4.26639
G1 X90.332 Y169.045 E.01639
G1 X189.045 Y70.332 E4.28956
G1 X189.045 Y69.799 E.01639
G1 X89.799 Y169.045 E4.31274
G1 X89.266 Y169.045 E.01639
G1 X189.045 Y69.266 E4.33591
G1 X189.045 Y68.732 E.01639
G1 X88.732 Y169.045 E4.35908
G1 X88.199 Y169.045 E.01639
G1 X189.045 Y68.199 E4.38226
G1 X189.045 Y67.666 E.01639
G1 X87.666 Y169.045 E4.40543
G1 X87.133 Y169.045 E.01639
G1 X189.045 Y67.133 E4.4286
G1 X189.045 Y66.599 E.01639
G1 X86.599 Y169.045 E4.45178
G1 X86.066 Y169.045 E.01639
G1 X189.045 Y66.066 E4.47495
G1 X189.045 Y65.533 E.01639
G1 X85.533 Y169.045 E4.49812
G1 X84.999 Y169.045 E.01639
G1 X189.045 Y64.999 E4.52129
G1 X189.045 Y64.466 E.01639
G1 X84.466 Y169.045 E4.54447
G1 X83.933 Y169.045 E.01639
G1 X189.045 Y63.933 E4.56764
G1 X189.045 Y63.4 E.01639
G1 X83.4 Y169.045 E4.59081
G1 X82.866 Y169.045 E.01639
G1 X189.045 Y62.866 E4.61399
G1 X189.045 Y62.333 E.01639
G1 X82.333 Y169.045 E4.63716
G1 X81.8 Y169.045 E.01639
G1 X189.045 Y61.8 E4.66033
G1 X189.045 Y61.267 E.01639
G1 X81.267 Y169.045 E4.68351
G1 X80.733 Y169.045 E.01639
G1 X189.045 Y60.733 E4.70668
G1 X189.045 Y60.2 E.01639
G1 X80.2 Y169.045 E4.72985
G1 X79.667 Y169.045 E.01639
G1 X189.045 Y59.667 E4.75303
G1 X189.045 Y59.133 E.01639
G1 X79.133 Y169.045 E4.7762
G1 X78.6 Y169.045 E.01639
G1 X189.045 Y58.6 E4.79937
G1 X189.045 Y58.067 E.01639
G1 X78.067 Y169.045 E4.82255
G1 X77.534 Y169.045 E.01639
G1 X189.045 Y57.534 E4.84572
G1 X189.045 Y57 E.01639
G1 X77 Y169.045 E4.86889
G1 X76.467 Y169.045 E.01639
G1 X189.045 Y56.467 E4.89207
G1 X189.045 Y55.934 E.01639
G1 X75.934 Y169.045 E4.91524
G1 X75.401 Y169.045 E.01639
G1 X189.045 Y55.401 E4.93841
G1 X189.045 Y54.867 E.01639
G1 X74.867 Y169.045 E4.96158
G1 X74.334 Y169.045 E.01639
G1 X189.045 Y54.334 E4.98476
G1 X189.045 Y53.801 E.01639
G1 X73.801 Y169.045 E5.00793
G1 X73.267 Y169.045 E.01639
G1 X189.045 Y53.268 E5.0311
G1 X189.045 Y52.734 E.01639
G1 X72.734 Y169.045 E5.05428
G1 X72.201 Y169.045 E.01639
G1 X189.045 Y52.201 E5.07745
G1 X189.045 Y51.668 E.01639
G1 X71.668 Y169.045 E5.10062
G1 X71.134 Y169.045 E.01639
G1 X189.045 Y51.134 E5.1238
G1 X189.045 Y50.955 E.00553
G1 X188.692 Y50.955 E.01086
G1 X70.601 Y169.045 E5.13161
G1 X70.068 Y169.045 E.01639
G1 X188.159 Y50.955 E5.13161
G1 X187.626 Y50.955 E.01639
G1 X69.535 Y169.045 E5.13161
G1 X69.001 Y169.045 E.01639
G1 X187.092 Y50.955 E5.13161
G1 X186.559 Y50.955 E.01639
G1 X68.468 Y169.045 E5.13161
G1 X67.935 Y169.045 E.01639
G1 X186.026 Y50.955 E5.13161
G1 X185.492 Y50.955 E.01639
G1 X67.402 Y169.045 E5.13161
G1 X66.868 Y169.045 E.01639
G1 X184.959 Y50.955 E5.13161
G1 X184.426 Y50.955 E.01639
G1 X66.335 Y169.045 E5.13161
G1 X65.802 Y169.045 E.01639
G1 X183.893 Y50.955 E5.13161
G1 X183.359 Y50.955 E.01639
G1 X65.268 Y169.045 E5.13161
G1 X64.735 Y169.045 E.01639
G1 X182.826 Y50.955 E5.13161
G1 X182.293 Y50.955 E.01639
G1 X64.202 Y169.045 E5.13161
G1 X63.669 Y169.045 E.01639
G1 X181.76 Y50.955 E5.13161
G1 X181.226 Y50.955 E.01639
G1 X63.135 Y169.045 E5.13161
G1 X62.602 Y169.045 E.01639
G1 X180.693 Y50.955 E5.13161
G1 X180.16 Y50.955 E.01639
G1 X62.069 Y169.045 E5.13161
G1 X61.536 Y169.045 E.01639
G1 X179.626 Y50.955 E5.13161
G1 X179.093 Y50.955 E.01639
G1 X61.002 Y169.045 E5.13161
G1 X60.469 Y169.045 E.01639
G1 X178.56 Y50.955 E5.13161
G1 X178.027 Y50.955 E.01639
G1 X59.936 Y169.045 E5.13161
G1 X59.402 Y169.045 E.01639
G1 X177.493 Y50.955 E5.13161
G1 X176.96 Y50.955 E.01639
G1 X58.869 Y169.045 E5.13161
G1 X58.336 Y169.045 E.01639
G1 X176.427 Y50.955 E5.13161
G1 X175.894 Y50.955 E.01639
G1 X57.803 Y169.045 E5.13161
G1 X57.269 Y169.045 E.01639
G1 X175.36 Y50.955 E5.13161
G1 X174.827 Y50.955 E.01639
G1 X56.736 Y169.045 E5.13161
G1 X56.203 Y169.045 E.01639
G1 X174.294 Y50.955 E5.13161
G1 X173.76 Y50.955 E.01639
G1 X55.67 Y169.045 E5.13161
G1 X55.136 Y169.045 E.01639
G1 X173.227 Y50.955 E5.13161
G1 X172.694 Y50.955 E.01639
G1 X54.603 Y169.045 E5.13161
G1 X54.07 Y169.045 E.01639
G1 X172.161 Y50.955 E5.13161
G1 X171.627 Y50.955 E.01639
G1 X53.536 Y169.045 E5.13161
G1 X53.003 Y169.045 E.01639
G1 X171.094 Y50.955 E5.13161
G1 X170.561 Y50.955 E.01639
G1 X52.47 Y169.045 E5.13161
G1 X51.937 Y169.045 E.01639
G1 X170.028 Y50.955 E5.13161
G1 X169.494 Y50.955 E.01639
G1 X51.403 Y169.045 E5.13161
G1 X50.87 Y169.045 E.01639
G1 X168.961 Y50.955 E5.13161
G1 X168.428 Y50.955 E.01639
G1 X50.337 Y169.045 E5.13161
G1 X49.804 Y169.045 E.01639
G1 X167.895 Y50.955 E5.13161
G1 X167.361 Y50.955 E.01639
G1 X49.27 Y169.045 E5.13161
G1 X48.737 Y169.045 E.01639
G1 X166.828 Y50.955 E5.13161
G1 X166.295 Y50.955 E.01639
G1 X48.204 Y169.045 E5.13161
G1 X47.671 Y169.045 E.01639
G1 X165.761 Y50.955 E5.13161
G1 X165.228 Y50.955 E.01639
G1 X47.137 Y169.045 E5.13161
G1 X46.604 Y169.045 E.01639
G1 X164.695 Y50.955 E5.13161
G1 X164.162 Y50.955 E.01639
G1 X46.071 Y169.045 E5.13161
G1 X45.537 Y169.045 E.01639
G1 X163.628 Y50.955 E5.13161
G1 X163.095 Y50.955 E.01639
G1 X45.004 Y169.045 E5.13161
G1 X44.471 Y169.045 E.01639
G1 X162.562 Y50.955 E5.13161
G1 X162.029 Y50.955 E.01639
G1 X43.938 Y169.045 E5.13161
G1 X43.404 Y169.045 E.01639
G1 X161.495 Y50.955 E5.13161
G1 X160.962 Y50.955 E.01639
G1 X42.871 Y169.045 E5.13161
G1 X42.338 Y169.045 E.01639
G1 X160.429 Y50.955 E5.13161
G1 X159.895 Y50.955 E.01639
G1 X41.805 Y169.045 E5.13161
G1 X41.271 Y169.045 E.01639
G1 X159.362 Y50.955 E5.13161
G1 X158.829 Y50.955 E.01639
G1 X40.738 Y169.045 E5.13161
G1 X40.205 Y169.045 E.01639
G1 X158.296 Y50.955 E5.13161
G1 X157.762 Y50.955 E.01639
G1 X39.671 Y169.045 E5.13161
G1 X39.138 Y169.045 E.01639
G1 X157.229 Y50.955 E5.13161
G1 X156.696 Y50.955 E.01639
G1 X38.605 Y169.045 E5.13161
G1 X38.072 Y169.045 E.01639
G1 X156.163 Y50.955 E5.13161
G1 X155.629 Y50.955 E.01639
G1 X37.538 Y169.045 E5.13161
G1 X37.005 Y169.045 E.01639
G1 X155.096 Y50.955 E5.13161
G1 X154.563 Y50.955 E.01639
G1 X36.472 Y169.045 E5.13161
G1 X35.939 Y169.045 E.01639
G1 X154.029 Y50.955 E5.13161
G1 X153.496 Y50.955 E.01639
G1 X35.405 Y169.045 E5.13161
G1 X34.872 Y169.045 E.01639
G1 X152.963 Y50.955 E5.13161
G1 X152.43 Y50.955 E.01639
G1 X34.339 Y169.045 E5.13161
G1 X33.805 Y169.045 E.01639
G1 X151.896 Y50.955 E5.13161
G1 X151.363 Y50.955 E.01639
G1 X33.272 Y169.045 E5.13161
G1 X32.739 Y169.045 E.01639
G1 X150.83 Y50.955 E5.13161
G1 X150.297 Y50.955 E.01639
G1 X32.206 Y169.045 E5.13161
G1 X31.672 Y169.045 E.01639
G1 X149.763 Y50.955 E5.13161
G1 X149.23 Y50.955 E.01639
G1 X31.139 Y169.045 E5.13161
G1 X30.955 Y169.045 E.00567
G1 X30.955 Y168.697 E.01071
G1 X148.697 Y50.955 E5.11646
G1 X148.164 Y50.955 E.01639
G1 X30.955 Y168.163 E5.09329
G1 X30.955 Y167.63 E.01639
G1 X147.63 Y50.955 E5.07011
G1 X147.097 Y50.955 E.01639
G1 X30.955 Y167.097 E5.04694
G1 X30.955 Y166.564 E.01639
G1 X146.564 Y50.955 E5.02377
G1 X146.03 Y50.955 E.01639
G1 X30.955 Y166.03 E5.0006
G1 X30.955 Y165.497 E.01639
G1 X145.497 Y50.955 E4.97742
G1 X144.964 Y50.955 E.01639
G1 X30.955 Y164.964 E4.95425
G1 X30.955 Y164.431 E.01639
G1 X144.431 Y50.955 E4.93108
G1 X143.897 Y50.955 E.01639
G1 X30.955 Y163.897 E4.9079
G1 X30.955 Y163.364 E.01639
G1 X143.364 Y50.955 E4.88473
G1 X142.831 Y50.955 E.01639
G1 X30.955 Y162.831 E4.86156
G1 X30.955 Y162.298 E.01639
G1 X142.298 Y50.955 E4.83838
G1 X141.764 Y50.955 E.01639
G1 X30.955 Y161.764 E4.81521
G1 X30.955 Y161.231 E.01639
G1 X141.231 Y50.955 E4.79204
G1 X140.698 Y50.955 E.01639
G1 X30.955 Y160.698 E4.76886
G1 X30.955 Y160.164 E.01639
G1 X140.164 Y50.955 E4.74569
G1 X139.631 Y50.955 E.01639
G1 X30.955 Y159.631 E4.72252
G1 X30.955 Y159.098 E.01639
G1 X139.098 Y50.955 E4.69934
G1 X138.565 Y50.955 E.01639
G1 X30.955 Y158.565 E4.67617
G1 X30.955 Y158.031 E.01639
G1 X138.031 Y50.955 E4.653
G1 X137.498 Y50.955 E.01639
G1 X30.955 Y157.498 E4.62983
G1 X30.955 Y156.965 E.01639
G1 X136.965 Y50.955 E4.60665
G1 X136.432 Y50.955 E.01639
G1 X30.955 Y156.432 E4.58348
G1 X30.955 Y155.898 E.01639
G1 X135.898 Y50.955 E4.56031
G1 X135.365 Y50.955 E.01639
G1 X30.955 Y155.365 E4.53713
G1 X30.955 Y154.832 E.01639
G1 X134.832 Y50.955 E4.51396
G1 X134.298 Y50.955 E.01639
G1 X30.955 Y154.298 E4.49079
G1 X30.955 Y153.765 E.01639
G1 X133.765 Y50.955 E4.46761
G1 X133.232 Y50.955 E.01639
G1 X30.955 Y153.232 E4.44444
G1 X30.955 Y152.699 E.01639
G1 X132.699 Y50.955 E4.42127
G1 X132.165 Y50.955 E.01639
G1 X30.955 Y152.165 E4.39809
G1 X30.955 Y151.632 E.01639
G1 X131.632 Y50.955 E4.37492
G1 X131.099 Y50.955 E.01639
G1 X30.955 Y151.099 E4.35175
G1 X30.955 Y150.566 E.01639
G1 X130.566 Y50.955 E4.32857
G1 X130.032 Y50.955 E.01639
G1 X30.955 Y150.032 E4.3054
G1 X30.955 Y149.499 E.01639
G1 X129.499 Y50.955 E4.28223
G1 X128.966 Y50.955 E.01639
G1 X30.955 Y148.966 E4.25906
G1 X30.955 Y148.432 E.01639
G1 X128.433 Y50.955 E4.23588
G1 X127.899 Y50.955 E.01639
G1 X30.955 Y147.899 E4.21271
G1 X30.955 Y147.366 E.01639
G1 X127.366 Y50.955 E4.18954
G1 X126.833 Y50.955 E.01639
G1 X30.955 Y146.833 E4.16636
G1 X30.955 Y146.299 E.01639
G1 X126.299 Y50.955 E4.14319
G1 X125.766 Y50.955 E.01639
G1 X30.955 Y145.766 E4.12002
G1 X30.955 Y145.233 E.01639
G1 X125.233 Y50.955 E4.09684
G1 X124.7 Y50.955 E.01639
G1 X30.955 Y144.7 E4.07367
G1 X30.955 Y144.166 E.01639
G1 X124.166 Y50.955 E4.0505
G1 X123.633 Y50.955 E.01639
G1 X30.955 Y143.633 E4.02732
G1 X30.955 Y143.1 E.01639
G1 X123.1 Y50.955 E4.00415
G1 X122.567 Y50.955 E.01639
G1 X30.955 Y142.567 E3.98098
G1 X30.955 Y142.033 E.01639
G1 X122.033 Y50.955 E3.9578
G1 X121.5 Y50.955 E.01639
G1 X30.955 Y141.5 E3.93463
G1 X30.955 Y140.967 E.01639
G1 X120.967 Y50.955 E3.91146
G1 X120.433 Y50.955 E.01639
G1 X30.955 Y140.433 E3.88828
G1 X30.955 Y139.9 E.01639
G1 X119.9 Y50.955 E3.86511
G1 X119.367 Y50.955 E.01639
G1 X30.955 Y139.367 E3.84194
G1 X30.955 Y138.834 E.01639
G1 X118.834 Y50.955 E3.81877
G1 X118.3 Y50.955 E.01639
G1 X30.955 Y138.3 E3.79559
G1 X30.955 Y137.767 E.01639
G1 X117.767 Y50.955 E3.77242
G1 X117.234 Y50.955 E.01639
G1 X30.955 Y137.234 E3.74925
G1 X30.955 Y136.701 E.01639
G1 X116.701 Y50.955 E3.72607
G1 X116.167 Y50.955 E.01639
G1 X30.955 Y136.167 E3.7029
G1 X30.955 Y135.634 E.01639
G1 X115.634 Y50.955 E3.67973
G1 X115.101 Y50.955 E.01639
G1 X30.955 Y135.101 E3.65655
G1 X30.955 Y134.567 E.01639
G1 X114.567 Y50.955 E3.63338
G1 X114.034 Y50.955 E.01639
G1 X30.955 Y134.034 E3.61021
G1 X30.955 Y133.501 E.01639
G1 X113.501 Y50.955 E3.58703
G1 X112.968 Y50.955 E.01639
G1 X30.955 Y132.968 E3.56386
G1 X30.955 Y132.434 E.01639
G1 X112.434 Y50.955 E3.54069
G1 X111.901 Y50.955 E.01639
G1 X30.955 Y131.901 E3.51751
G1 X30.955 Y131.368 E.01639
G1 X111.368 Y50.955 E3.49434
G1 X110.835 Y50.955 E.01639
G1 X30.955 Y130.835 E3.47117
G1 X30.955 Y130.301 E.01639
G1 X110.301 Y50.955 E3.448
G1 X109.768 Y50.955 E.01639
G1 X30.955 Y129.768 E3.42482
G1 X30.955 Y129.235 E.01639
G1 X109.235 Y50.955 E3.40165
G1 X108.702 Y50.955 E.01639
G1 X30.955 Y128.701 E3.37848
G1 X30.955 Y128.168 E.01639
G1 X108.168 Y50.955 E3.3553
G1 X107.635 Y50.955 E.01639
G1 X30.955 Y127.635 E3.33213
G1 X30.955 Y127.102 E.01639
G1 X107.102 Y50.955 E3.30896
G1 X106.568 Y50.955 E.01639
G1 X30.955 Y126.568 E3.28578
G1 X30.955 Y126.035 E.01639
G1 X106.035 Y50.955 E3.26261
G1 X105.502 Y50.955 E.01639
G1 X30.955 Y125.502 E3.23944
G1 X30.955 Y124.969 E.01639
G1 X104.969 Y50.955 E3.21626
G1 X104.435 Y50.955 E.01639
G1 X30.955 Y124.435 E3.19309
G1 X30.955 Y123.902 E.01639
G1 X103.902 Y50.955 E3.16992
G1 X103.369 Y50.955 E.01639
G1 X30.955 Y123.369 E3.14674
G1 X30.955 Y122.836 E.01639
G1 X102.836 Y50.955 E3.12357
G1 X102.302 Y50.955 E.01639
G1 X30.955 Y122.302 E3.1004
G1 X30.955 Y121.769 E.01639
G1 X101.769 Y50.955 E3.07723
G1 X101.236 Y50.955 E.01639
G1 X30.955 Y121.236 E3.05405
G1 X30.955 Y120.702 E.01639
G1 X100.702 Y50.955 E3.03088
G1 X100.169 Y50.955 E.01639
G1 X30.955 Y120.169 E3.00771
G1 X30.955 Y119.636 E.01639
G1 X99.636 Y50.955 E2.98453
G1 X99.103 Y50.955 E.01639
G1 X30.955 Y119.103 E2.96136
G1 X30.955 Y118.569 E.01639
G1 X98.569 Y50.955 E2.93819
G1 X98.036 Y50.955 E.01639
G1 X30.955 Y118.036 E2.91501
G1 X30.955 Y117.503 E.01639
G1 X97.503 Y50.955 E2.89184
G1 X96.97 Y50.955 E.01639
G1 X30.955 Y116.97 E2.86867
G1 X30.955 Y116.436 E.01639
G1 X96.436 Y50.955 E2.84549
G1 X95.903 Y50.955 E.01639
G1 X30.955 Y115.903 E2.82232
G1 X30.955 Y115.37 E.01639
G1 X95.37 Y50.955 E2.79915
G1 X94.836 Y50.955 E.01639
G1 X30.955 Y114.836 E2.77597
G1 X30.955 Y114.303 E.01639
G1 X94.303 Y50.955 E2.7528
G1 X93.77 Y50.955 E.01639
G1 X30.955 Y113.77 E2.72963
G1 X30.955 Y113.237 E.01639
G1 X93.237 Y50.955 E2.70645
G1 X92.703 Y50.955 E.01639
G1 X30.955 Y112.703 E2.68328
G1 X30.955 Y112.17 E.01639
G1 X92.17 Y50.955 E2.66011
G1 X91.637 Y50.955 E.01639
G1 X30.955 Y111.637 E2.63694
G1 X30.955 Y111.104 E.01639
G1 X91.104 Y50.955 E2.61376
G1 X90.57 Y50.955 E.01639
G1 X30.955 Y110.57 E2.59059
G1 X30.955 Y110.037 E.01639
G1 X90.037 Y50.955 E2.56742
G1 X89.504 Y50.955 E.01639
G1 X30.955 Y109.504 E2.54424
G1 X30.955 Y108.97 E.01639
G1 X88.971 Y50.955 E2.52107
G1 X88.437 Y50.955 E.01639
G1 X30.955 Y108.437 E2.4979
G1 X30.955 Y107.904 E.01639
G1 X87.904 Y50.955 E2.47472
G1 X87.371 Y50.955 E.01639
G1 X30.955 Y107.371 E2.45155
G1 X30.955 Y106.837 E.01639
G1 X86.837 Y50.955 E2.42838
G1 X86.304 Y50.955 E.01639
G1 X30.955 Y106.304 E2.4052
G1 X30.955 Y105.771 E.01639
G1 X85.771 Y50.955 E2.38203
G1 X85.238 Y50.955 E.01639
G1 X30.955 Y105.238 E2.35886
G1 X30.955 Y104.704 E.01639
G1 X84.704 Y50.955 E2.33568
G1 X84.171 Y50.955 E.01639
G1 X30.955 Y104.171 E2.31251
G1 X30.955 Y103.638 E.01639
G1 X83.638 Y50.955 E2.28934
G1 X83.105 Y50.955 E.01639
G1 X30.955 Y103.105 E2.26617
G1 X30.955 Y102.571 E.01639
G1 X82.571 Y50.955 E2.24299
G1 X82.038 Y50.955 E.01639
G1 X30.955 Y102.038 E2.21982
G1 X30.955 Y101.505 E.01639
G1 X81.505 Y50.955 E2.19665
G1 X80.971 Y50.955 E.01639
G1 X30.955 Y100.971 E2.17347
G1 X30.955 Y100.438 E.01639
G1 X80.438 Y50.955 E2.1503
G1 X79.905 Y50.955 E.01639
G1 X30.955 Y99.905 E2.12713
G1 X30.955 Y99.372 E.01639
G1 X79.372 Y50.955 E2.10395
G1 X78.838 Y50.955 E.01639
G1 X30.955 Y98.838 E2.08078
G1 X30.955 Y98.305 E.01639
G1 X78.305 Y50.955 E2.05761
G1 X77.772 Y50.955 E.01639
G1 X30.955 Y97.772 E2.03443
G1 X30.955 Y97.239 E.01639
G1 X77.239 Y50.955 E2.01126
G1 X76.705 Y50.955 E.01639
G1 X30.955 Y96.705 E1.98809
G1 X30.955 Y96.172 E.01639
G1 X76.172 Y50.955 E1.96491
G1 X75.639 Y50.955 E.01639
G1 X30.955 Y95.639 E1.94174
G1 X30.955 Y95.105 E.01639
G1 X75.105 Y50.955 E1.91857
G1 X74.572 Y50.955 E.01639
G1 X30.955 Y94.572 E1.8954
G1 X30.955 Y94.039 E.01639
G1 X74.039 Y50.955 E1.87222
G1 X73.506 Y50.955 E.01639
G1 X30.955 Y93.506 E1.84905
G1 X30.955 Y92.972 E.01639
G1 X72.972 Y50.955 E1.82588
G1 X72.439 Y50.955 E.01639
G1 X30.955 Y92.439 E1.8027
G1 X30.955 Y91.906 E.01639
G1 X71.906 Y50.955 E1.77953
G1 X71.373 Y50.955 E.01639
G1 X30.955 Y91.373 E1.75636
G1 X30.955 Y90.839 E.01639
G1 X70.839 Y50.955 E1.73318
G1 X70.306 Y50.955 E.01639
G1 X30.955 Y90.306 E1.71001
G1 X30.955 Y89.773 E.01639
G1 X69.773 Y50.955 E1.68684
G1 X69.24 Y50.955 E.01639
G1 X30.955 Y89.239 E1.66366
G1 X30.955 Y88.706 E.01639
G1 X68.706 Y50.955 E1.64049
G1 X68.173 Y50.955 E.01639
G1 X30.955 Y88.173 E1.61732
G1 X30.955 Y87.64 E.01639
G1 X67.64 Y50.955 E1.59414
G1 X67.106 Y50.955 E.01639
G1 X30.955 Y87.106 E1.57097
G1 X30.955 Y86.573 E.01639
G1 X66.573 Y50.955 E1.5478
G1 X66.04 Y50.955 E.01639
G1 X30.955 Y86.04 E1.52462
G1 X30.955 Y85.507 E.01639
G1 X65.507 Y50.955 E1.50145
G1 X64.973 Y50.955 E.01639
G1 X30.955 Y84.973 E1.47828
G1 X30.955 Y84.44 E.01639
G1 X64.44 Y50.955 E1.45511
G1 X63.907 Y50.955 E.01639
G1 X30.955 Y83.907 E1.43193
G1 X30.955 Y83.374 E.01639
G1 X63.374 Y50.955 E1.40876
G1 X62.84 Y50.955 E.01639
G1 X30.955 Y82.84 E1.38559
G1 X30.955 Y82.307 E.01639
G1 X62.307 Y50.955 E1.36241
G1 X61.774 Y50.955 E.01639
G1 X30.955 Y81.774 E1.33924
G1 X30.955 Y81.24 E.01639
G1 X61.24 Y50.955 E1.31607
G1 X60.707 Y50.955 E.01639
G1 X30.955 Y80.707 E1.29289
G1 X30.955 Y80.174 E.01639
G1 X60.174 Y50.955 E1.26972
G1 X59.641 Y50.955 E.01639
G1 X30.955 Y79.641 E1.24655
G1 X30.955 Y79.107 E.01639
G1 X59.107 Y50.955 E1.22337
G1 X58.574 Y50.955 E.01639
G1 X30.955 Y78.574 E1.2002
G1 X30.955 Y78.041 E.01639
G1 X58.041 Y50.955 E1.17703
G1 X57.508 Y50.955 E.01639
G1 X30.955 Y77.508 E1.15385
G1 X30.955 Y76.974 E.01639
G1 X56.974 Y50.955 E1.13068
G1 X56.441 Y50.955 E.01639
G1 X30.955 Y76.441 E1.10751
G1 X30.955 Y75.908 E.01639
G1 X55.908 Y50.955 E1.08434
G1 X55.374 Y50.955 E.01639
G1 X30.955 Y75.374 E1.06116
G1 X30.955 Y74.841 E.01639
G1 X54.841 Y50.955 E1.03799
G1 X54.308 Y50.955 E.01639
G1 X30.955 Y74.308 E1.01482
G1 X30.955 Y73.775 E.01639
G1 X53.775 Y50.955 E.99164
G1 X53.241 Y50.955 E.01639
G1 X30.955 Y73.241 E.96847
G1 X30.955 Y72.708 E.01639
G1 X52.708 Y50.955 E.9453
G1 X52.175 Y50.955 E.01639
G1 X30.955 Y72.175 E.92212
G1 X30.955 Y71.642 E.01639
G1 X51.642 Y50.955 E.89895
G1 X51.108 Y50.955 E.01639
G1 X30.955 Y71.108 E.87578
G1 X30.955 Y70.575 E.01639
G1 X50.575 Y50.955 E.8526
G1 X50.042 Y50.955 E.01639
G1 X30.955 Y70.042 E.82943
G1 X30.955 Y69.509 E.01639
G1 X49.509 Y50.955 E.80626
G1 X48.975 Y50.955 E.01639
G1 X30.955 Y68.975 E.78308
G1 X30.955 Y68.442 E.01639
G1 X48.442 Y50.955 E.75991
G1 X47.909 Y50.955 E.01639
G1 X30.955 Y67.909 E.73674
G1 X30.955 Y67.375 E.01639
G1 X47.375 Y50.955 E.71357
G1 X46.842 Y50.955 E.01639
G1 X30.955 Y66.842 E.69039
G1 X30.955 Y66.309 E.01639
G1 X46.309 Y50.955 E.66722
G1 X45.776 Y50.955 E.01639
G1 X30.955 Y65.776 E.64405
G1 X30.955 Y65.242 E.01639
G1 X45.242 Y50.955 E.62087
G1 X44.709 Y50.955 E.01639
G1 X30.955 Y64.709 E.5977
G1 X30.955 Y64.176 E.01639
G1 X44.176 Y50.955 E.57453
G1 X43.643 Y50.955 E.01639
G1 X30.955 Y63.643 E.55135
G1 X30.955 Y63.109 E.01639
G1 X43.109 Y50.955 E.52818
G1 X42.576 Y50.955 E.01639
G1 X30.955 Y62.576 E.50501
G1 X30.955 Y62.043 E.01639
G1 X42.043 Y50.955 E.48183
G1 X41.509 Y50.955 E.01639
G1 X30.955 Y61.509 E.45866
G1 X30.955 Y60.976 E.01639
G1 X40.976 Y50.955 E.43549
G1 X40.443 Y50.955 E.01639
G1 X30.955 Y60.443 E.41231
G1 X30.955 Y59.91 E.01639
G1 X39.91 Y50.955 E.38914
G1 X39.376 Y50.955 E.01639
G1 X30.955 Y59.376 E.36597
G1 X30.955 Y58.843 E.01639
G1 X38.843 Y50.955 E.34279
G1 X38.31 Y50.955 E.01639
G1 X30.955 Y58.31 E.31962
G1 X30.955 Y57.777 E.01639
G1 X37.777 Y50.955 E.29645
G1 X37.243 Y50.955 E.01639
G1 X30.955 Y57.243 E.27328
G1 X30.955 Y56.71 E.01639
G1 X36.71 Y50.955 E.2501
G1 X36.177 Y50.955 E.01639
G1 X30.955 Y56.177 E.22693
G1 X30.955 Y55.643 E.01639
G1 X35.643 Y50.955 E.20376
G1 X35.11 Y50.955 E.01639
G1 X30.955 Y55.11 E.18058
G1 X30.955 Y54.577 E.01639
G1 X34.577 Y50.955 E.15741
G1 X34.044 Y50.955 E.01639
G1 X30.955 Y54.044 E.13424
G1 X30.955 Y53.51 E.01639
G1 X33.51 Y50.955 E.11106
G1 X32.977 Y50.955 E.01639
G1 X30.955 Y52.977 E.08789
G1 X30.955 Y52.444 E.01639
G1 X32.444 Y50.955 E.06472
G1 X31.911 Y50.955 E.01639
G1 X30.785 Y52.08 E.04892
G1 X187.715 Y168.984 F9000
;WIDTH:0.419999
G1 F10800
G1 X188.984 Y168.984 E.039
G1 X188.984 Y167.715 E.039
G1 X187.743 Y168.956 E.05393
G1 X188.636 Y168.573 F9000
;WIDTH:0.409376
G1 F10800
G1 X188.567 Y168.613 E.00237
G1 X188.638 Y168.647 E.00238
; stop printing object Object_1 id:94613208297312 copy 0
;LAYER_CHANGE
;Z:1
;HEIGHT:0.2
;BEFORE_LAYER_CHANGE
;1
G92 E0

G1 E-1.16469 F2400
;WIPE_START
G1 F10800
G1 X188.567 Y168.613 E-.01768
G1 X188.636 Y168.573 E-.01763
;WIPE_END
;_SET_FAN_SPEED_CHANGING_LAYER
; printing object Object_1 id:94613208297312 copy 0
G1 F9000
G1 X187.682 Y168.12 Z1.05714
G1 X187.442 Y167.091 Z1.11429
G1 X188.096 Y166.262 Z1.17143
G1 X189.152 Y166.257 Z1.22857
G1 X189.814 Y167.079 Z1.28571
G1 X189.585 Y168.11 Z1.34286
G1 X188.636 Y168.573 Z1.4
G1 X30.624 Y169.376 Z1.4
G1 Z1
G1 E1.2 F1800
M204 P2000
;TYPE:Inner wall
;WIDTH:0.449999
G1 F5400
G1 X30.624 Y50.624 E3.93925
G1 X189.376 Y50.624 E5.26612
G1 X189.376 Y169.376 E3.93925
G1 X30.664 Y169.376 E5.26479
M204 T1000
G1 X30.21 Y169.79 F9000
M204 P1000
;TYPE:Outer wall
;WIDTH:0.419999
G1 F3600
G1 X30.21 Y50.21 E3.67435
G1 X189.79 Y50.21 E4.90344
G1 X189.79 Y169.79 E3.67435
G1 X30.25 Y169.79 E4.90221
M204 T2500
G1 E-.84 F2400
;WIPE_START
G1 F3600
G1 X30.25 Y168.79 E-.36
;WIPE_END
G1 F9000
G1 X31.188 Y169.274 Z1.05714
G1 X31.3944 Y170.31 Z1.11429
G1 X30.7133 Y171.117 Z1.17143
G1 X29.6576 Y171.088 Z1.22857
G1 X29.0224 Y170.244 Z1.28571
G1 X29.2858 Y169.222 Z1.34286
G1 X30.2497 Y168.79 Z1.4
G1 X38.906 Y169.03 Z1.4
G1 Z1
G1 E1.2 F1800
M204 P2500
;TYPE:Sparse infill
;WIDTH:0.45
G1 F10800
G1 X40.535 Y169.03 E.05401
G1 X39.931 Y168.427 E.02833
G1 X35.786 Y168.427 E.1375
G1 X36.39 Y169.03 E.02833
G1 X32.245 Y169.03 E.1375
G1 X30.97 Y167.755 E.05982
G1 X30.97 Y163.61 E.1375
G1 X31.573 Y164.214 E.02833
G1 X31.573 Y160.069 E.1375
G1 X30.97 Y159.465 E.02833
G1 X30.97 Y155.32 E.1375
G1 X31.573 Y155.924 E.02833
G1 X31.573 Y154.296 E.05401
G1 X30.97 Y152.804 F9000
G1 F10800
G1 X30.97 Y151.175 E.05401
G1 X31.573 Y151.779 E.02833
G1 X31.573 Y147.634 E.1375
G1 X30.97 Y147.03 E.02833
G1 X30.97 Y145.402 E.05401
G1 X31.573 Y145.117 F9000
G1 F10800
G1 X31.573 Y143.489 E.05401
G1 X30.97 Y142.885 E.02833
G1 X30.97 Y138.74 E.1375
G1 X31.573 Y139.344 E.02833
G1 X31.573 Y135.199 E.1375
G1 X30.97 Y134.595 E.02833
G1 X30.97 Y130.45 E.1375
G1 X31.573 Y131.054 E.02833
G1 X31.573 Y126.909 E.1375
G1 X30.97 Y126.305 E.02833
G1 X30.97 Y122.16 E.1375
G1 X31.573 Y122.764 E.02833
G1 X31.573 Y118.619 E.1375
G1 X30.97 Y118.015 E.02833
G1 X30.97 Y113.87 E.1375
G1 X31.573 Y114.474 E.02833
G1 X31.573 Y110.329 E.1375
G1 X30.97 Y109.725 E.02833
G1 X30.97 Y105.58 E.1375
G1 X31.573 Y106.184 E.02833
G1 X31.573 Y102.039 E.1375
G1 X30.97 Y101.435 E.02833
G1 X30.97 Y97.29 E.1375
G1 X31.573 Y97.894 E.02833
G1 X31.573 Y96.266 E.05401
G1 X30.97 Y94.773 F9000
G1 F10800
G1 X30.97 Y93.145 E.05401
G1 X31.573 Y93.749 E.02833
G1 X31.573 Y89.604 E.1375
G1 X30.97 Y89 E.02833
G1 X30.97 Y84.855 E.1375
G1 X31.573 Y85.459 E.02833
G1 X31.573 Y81.314 E.1375
G1 X30.97 Y80.71 E.02833
G1 X30.97 Y76.565 E.1375
G1 X31.573 Y77.169 E.02833
G1 X31.573 Y73.024 E.1375
G1 X30.97 Y72.42 E.02833
G1 X30.97 Y68.275 E.1375
G1 X31.573 Y68.879 E.02833
G1 X31.573 Y67.25 E.05401
G1 X30.97 Y65.758 F9000
G1 F10800
G1 X30.97 Y64.13 E.05401
G1 X31.573 Y64.734 E.02833
G1 X31.573 Y60.589 E.1375
G1 X30.97 Y59.985 E.02833
G1 X30.97 Y58.356 E.05401
G1 X31.573 Y58.072 F9000
G1 F10800
G1 X31.573 Y56.444 E.05401
G1 X30.97 Y55.84 E.02833
G1 X30.97 Y51.695 E.1375
G1 X31.643 Y52.368 E.03158
G1 X31.821 Y51.937 E.01548
G1 X31.919 Y51.83 E.00482
G1 X32.344 Y51.609 E.01587
G1 X32.422 Y51.586 E.00269
G1 X32.579 Y51.573 E.00522
G1 X34.993 Y51.573 E.0801
G1 X34.389 Y50.97 E.02833
G1 X38.534 Y50.97 E.1375
G1 X39.138 Y51.573 E.02833
G1 X43.283 Y51.573 E.1375
G1 X42.68 Y50.97 E.02833
G1 X46.825 Y50.97 E.1375
G1 X47.428 Y51.573 E.02833
G1 X51.573 Y51.573 E.1375
G1 X50.97 Y50.97 E.02833
G1 X55.115 Y50.97 E.1375
G1 X55.719 Y51.573 E.02833
G1 X59.864 Y51.573 E.1375
G1 X59.26 Y50.97 E.02833
G1 X63.405 Y50.97 E.1375
G1 X64.009 Y51.573 E.02833
G1 X68.154 Y51.573 E.1375
G1 X67.55 Y50.97 E.02833
G1 X71.695 Y50.97 E.1375
G1 X72.299 Y51.573 E.02833
G1 X70.67 Y51.573 E.05401
G1 X74.211 Y50.97 F9000
G1 F10800
G1 X75.84 Y50.97 E.05401
G1 X76.444 Y51.573 E.02833
G1 X80.589 Y51.573 E.1375
G1 X79.985 Y50.97 E.02833
G1 X81.613 Y50.97 E.05401
G1 X83.105 Y51.573 F9000
G1 F10800
G1 X84.734 Y51.573 E.05401
G1 X84.13 Y50.97 E.02833
G1 X88.275 Y50.97 E.1375
G1 X88.879 Y51.573 E.02833
G1 X87.25 Y51.573 E.05401
G1 X94.048 Y50.97 F9000
G1 F10800
G1 X92.42 Y50.97 E.05401
G1 X93.024 Y51.573 E.02833
G1 X97.169 Y51.573 E.1375
G1 X96.565 Y50.97 E.02833
G1 X100.71 Y50.97 E.1375
G1 X101.314 Y51.573 E.02833
G1 X99.685 Y51.573 E.05401
G1 X106.483 Y50.97 F9000
G1 F10800
G1 X104.855 Y50.97 E.05401
G1 X105.459 Y51.573 E.02833
G1 X109.604 Y51.573 E.1375
G1 X109 Y50.97 E.02833
G1 X113.145 Y50.97 E.1375
G1 X113.749 Y51.573 E.02833
G1 X117.894 Y51.573 E.1375
G1 X117.29 Y50.97 E.02833
G1 X121.435 Y50.97 E.1375
G1 X122.039 Y51.573 E.02833
G1 X126.184 Y51.573 E.1375
G1 X125.58 Y50.97 E.02833
G1 X129.725 Y50.97 E.1375
G1 X130.329 Y51.573 E.02833
G1 X134.474 Y51.573 E.1375
G1 X133.87 Y50.97 E.02833
G1 X138.015 Y50.97 E.1375
G1 X138.619 Y51.573 E.02833
G1 X142.764 Y51.573 E.1375
G1 X142.16 Y50.97 E.02833
G1 X146.305 Y50.97 E.1375
G1 X146.909 Y51.573 E.02833
G1 X145.281 Y51.573 E.05401
G1 X152.078 Y50.97 F9000
G1 F10800
G1 X150.45 Y50.97 E.05401
G1 X151.054 Y51.573 E.02833
G1 X155.199 Y51.573 E.1375
G1 X154.595 Y50.97 E.02833
G1 X158.74 Y50.97 E.1375
G1 X159.344 Y51.573 E.02833
G1 X163.489 Y51.573 E.1375
G1 X162.885 Y50.97 E.02833
G1 X167.03 Y50.97 E.1375
G1 X167.634 Y51.573 E.02833
G1 X171.779 Y51.573 E.1375
G1 X171.175 Y50.97 E.02833
G1 X175.32 Y50.97 E.1375
G1 X175.924 Y51.573 E.02833
G1 X180.069 Y51.573 E.1375
G1 X179.465 Y50.97 E.02833
G1 X183.61 Y50.97 E.1375
G1 X184.214 Y51.573 E.02833
G1 X187.423 Y51.573 E.10646
G1 X187.503 Y51.589 E.00269
G1 X188.063 Y51.821 E.02011
G1 X188.179 Y51.937 E.00543
G1 X188.411 Y52.497 E.02011
G1 X188.427 Y52.577 E.00269
G1 X188.427 Y55.786 E.10646
G1 X189.03 Y56.39 E.02833
G1 X189.03 Y60.535 E.1375
G1 X188.427 Y59.931 E.02833
G1 X188.427 Y64.076 E.1375
G1 X189.03 Y64.68 E.02833
G1 X189.03 Y68.825 E.1375
G1 X188.427 Y68.221 E.02833
G1 X188.427 Y72.366 E.1375
G1 X189.03 Y72.97 E.02833
G1 X189.03 Y77.115 E.1375
G1 X188.427 Y76.511 E.02833
G1 X188.427 Y74.883 E.05401
G1 X189.03 Y82.888 F9000
G1 F10800
G1 X189.03 Y81.26 E.05401
G1 X188.427 Y80.656 E.02833
G1 X188.427 Y84.801 E.1375
G1 X189.03 Y85.405 E.02833
G1 X189.03 Y89.55 E.1375
G1 X188.427 Y88.946 E.02833
G1 X188.427 Y93.091 E.1375
G1 X189.03 Y93.695 E.02833
G1 X189.03 Y97.84 E.1375
G1 X188.427 Y97.236 E.02833
G1 X188.427 Y101.381 E.1375
G1 X189.03 Y101.985 E.02833
G1 X189.03 Y106.13 E.1375
G1 X188.427 Y105.526 E.02833
G1 X188.427 Y103.898 E.05401
G1 X189.03 Y111.903 F9000
G1 F10800
G1 X189.03 Y110.275 E.05401
G1 X188.427 Y109.671 E.02833
G1 X188.427 Y113.816 E.1375
G1 X189.03 Y114.42 E.02833
G1 X189.03 Y118.565 E.1375
G1 X188.427 Y117.961 E.02833
G1 X188.427 Y122.106 E.1375
G1 X189.03 Y122.71 E.02833
G1 X189.03 Y126.855 E.1375
G1 X188.427 Y126.251 E.02833
G1 X188.427 Y130.396 E.1375
G1 X189.03 Y131 E.02833
G1 X189.03 Y135.145 E.1375
G1 X188.427 Y134.541 E.02833
G1 X188.427 Y132.913 E.05401
G1 X189.03 Y140.919 F9000
G1 F10800
G1 X189.03 Y139.29 E.05401
G1 X188.427 Y138.686 E.02833
G1 X188.427 Y142.831 E.1375
G1 X189.03 Y143.435 E.02833
G1 X189.03 Y147.58 E.1375
G1 X188.427 Y146.976 E.02833
G1 X188.427 Y151.121 E.1375
G1 X189.03 Y151.725 E.02833
G1 X189.03 Y153.354 E.05401
G1 X188.427 Y153.638 F9000
G1 F10800
G1 X188.427 Y155.266 E.05401
G1 X189.03 Y155.87 E.02833
G1 X189.03 Y160.015 E.1375
G1 X188.427 Y159.411 E.02833
G1 X188.427 Y163.556 E.1375
G1 X189.03 Y164.16 E.02833
G1 X189.03 Y168.305 E.1375
G1 X188.388 Y167.662 E.03016
G1 X188.17 Y168.081 E.01563
G1 X188.081 Y168.17 E.00421
G1 X187.656 Y168.391 E.01587
G1 X187.578 Y168.414 E.00269
G1 X187.421 Y168.427 E.00522
G1 X185.007 Y168.427 E.0801
G1 X185.611 Y169.03 E.02833
G1 X181.466 Y169.03 E.1375
G1 X180.862 Y168.427 E.02833
G1 X176.717 Y168.427 E.1375
G1 X177.32 Y169.03 E.02833
G1 X173.175 Y169.03 E.1375
G1 X172.572 Y168.427 E.02833
G1 X168.427 Y168.427 E.1375
G1 X169.03 Y169.03 E.02833
G1 X164.885 Y169.03 E.1375
G1 X164.281 Y168.427 E.02833
G1 X165.91 Y168.427 E.05401
G1 X159.112 Y169.03 F9000
G1 F10800
G1 X160.74 Y169.03 E.05401
G1 X160.136 Y168.427 E.02833
G1 X155.991 Y168.427 E.1375
G1 X156.595 Y169.03 E.02833
G1 X152.45 Y169.03 E.1375
G1 X151.846 Y168.427 E.02833
G1 X147.701 Y168.427 E.1375
G1 X148.305 Y169.03 E.02833
G1 X144.16 Y169.03 E.1375
G1 X143.556 Y168.427 E.02833
G1 X139.411 Y168.427 E.1375
G1 X140.015 Y169.03 E.02833
G1 X135.87 Y169.03 E.1375
G1 X135.266 Y168.427 E.02833
G1 X136.895 Y168.427 E.05401
G1 X130.097 Y169.03 F9000
G1 F10800
G1 X131.725 Y169.03 E.05401
G1 X131.121 Y168.427 E.02833
G1 X126.976 Y168.427 E.1375
G1 X127.58 Y169.03 E.02833
G1 X123.435 Y169.03 E.1375
G1 X122.831 Y168.427 E.02833
G1 X118.686 Y168.427 E.1375
G1 X119.29 Y169.03 E.02833
G1 X115.145 Y169.03 E.1375
G1 X114.541 Y168.427 E.02833
G1 X116.17 Y168.427 E.05401
G1 X112.628 Y169.03 F9000
G1 F10800
G1 X111 Y169.03 E.05401
G1 X110.396 Y168.427 E.02833
G1 X106.251 Y168.427 E.1375
G1 X106.855 Y169.03 E.02833
G1 X102.71 Y169.03 E.1375
G1 X102.106 Y168.427 E.02833
G1 X103.734 Y168.427 E.05401
G1 X96.937 Y169.03 F9000
G1 F10800
G1 X98.565 Y169.03 E.05401
G1 X97.961 Y168.427 E.02833
G1 X93.816 Y168.427 E.1375
G1 X94.42 Y169.03 E.02833
G1 X90.275 Y169.03 E.1375
G1 X89.671 Y168.427 E.02833
G1 X85.526 Y168.427 E.1375
G1 X86.13 Y169.03 E.02833
G1 X81.985 Y169.03 E.1375
G1 X81.381 Y168.427 E.02833
G1 X77.236 Y168.427 E.1375
G1 X77.84 Y169.03 E.02833
G1 X73.695 Y169.03 E.1375
G1 X73.091 Y168.427 E.02833
G1 X68.946 Y168.427 E.1375
G1 X69.55 Y169.03 E.02833
G1 X65.405 Y169.03 E.1375
G1 X64.801 Y168.427 E.02833
G1 X60.656 Y168.427 E.1375
G1 X61.26 Y169.03 E.02833
G1 X57.115 Y169.03 E.1375
G1 X56.511 Y168.427 E.02833
G1 X58.139 Y168.427 E.05401
G1 X51.342 Y169.03 F9000
G1 F10800
G1 X52.97 Y169.03 E.05401
G1 X52.366 Y168.427 E.02833
G1 X48.221 Y168.427 E.1375
G1 X48.825 Y169.03 E.02833
G1 X44.68 Y169.03 E.1375
G1 X44.076 Y168.427 E.02833
G1 X42.448 Y168.427 E.05401
G1 E-.97778 F2400
;WIPE_START
G1 F10800
G1 X43.448 Y168.427 E-.22222
;WIPE_END
G1 F9000
G1 X44.4733 Y168.176 Z1.05714
G1 X45.3091 Y168.821 Z1.11429
G1 X45.3255 Y169.877 Z1.17143
G1 X44.5102 Y170.548 Z1.22857
G1 X43.4771 Y170.329 Z1.28571
G1 X43.0042 Y169.385 Z1.34286
G1 X43.4475 Y168.427 Z1.4
G1 X186.127 Y50.97 Z1.4
G1 Z1
G1 E1.2 F1800
G1 F10800
G1 X187.755 Y50.97 E.05401
G1 X189.03 Y52.245 E.05982
G1 X189.03 Y53.873 E.05401
G1 X188.16 Y52.474 F9000
;TYPE:Top surface
;WIDTH:0.420666
G1 F3000
G1 X187.526 Y51.84 E.02759
G1 X186.948 Y51.796 F9000
G1 F3000
G1 X188.204 Y53.052 E.05467
G1 X188.204 Y53.586 F9000
G1 F3000
G1 X186.414 Y51.796 E.07792
G1 X185.88 Y51.796 F9000
G1 F3000
G1 X188.204 Y54.12 E.10118
G1 X188.204 Y54.654 F9000
G1 F3000
G1 X185.346 Y51.796 E.12443
G1 X184.811 Y51.796 F9000
G1 F3000
G1 X188.204 Y55.189 E.14769
G1 X188.204 Y55.723 F9000
G1 F3000
G1 X184.277 Y51.796 E.17094
G1 X183.743 Y51.796 F9000
G1 F3000
G1 X188.204 Y56.257 E.1942
G1 X188.204 Y56.791 F9000
G1 F3000
G1 X183.209 Y51.796 E.21745
G1 X182.675 Y51.796 F9000
G1 F3000
G1 X188.204 Y57.325 E.24071
G1 X188.204 Y57.86 F9000
G1 F3000
G1 X182.14 Y51.796 E.26396
G1 X181.606 Y51.796 F9000
G1 F3000
G1 X188.204 Y58.394 E.28722
G1 X188.204 Y58.928 F9000
G1 F3000
G1 X181.072 Y51.796 E.31047
G1 X180.538 Y51.796 F9000
G1 F3000
G1 X188.204 Y59.462 E.33373
G1 X188.204 Y59.996 F9000
G1 F3000
G1 X180.004 Y51.796 E.35698
G1 X179.469 Y51.796 F9000
G1 F3000
G1 X188.204 Y60.531 E.38024
G1 X188.204 Y61.065 F9000
G1 F3000
G1 X178.935 Y51.796 E.40349
G1 X178.401 Y51.796 F9000
G1 F3000
G1 X188.204 Y61.599 E.42675
G1 X188.204 Y62.133 F9000
G1 F3000
G1 X177.867 Y51.796 E.45
G1 X177.333 Y51.796 F9000
G1 F3000
G1 X188.204 Y62.667 E.47326
G1 X188.204 Y63.202 F9000
G1 F3000
G1 X176.798 Y51.796 E.49651
G1 X176.264 Y51.796 F9000
G1 F3000
G1 X188.204 Y63.736 E.51977
G1 X188.204 Y64.27 F9000
G1 F3000
G1 X175.73 Y51.796 E.54302
G1 X175.196 Y51.796 F9000
G1 F3000
G1 X188.204 Y64.804 E.56628
G1 X188.204 Y65.339 F9000
G1 F3000
G1 X174.661 Y51.796 E.58953
G1 X174.127 Y51.796 F9000
G1 F3000
G1 X188.204 Y65.873 E.61279
G1 X188.204 Y66.407 F9000
G1 F3000
G1 X173.593 Y51.796 E.63604
G1 X173.059 Y51.796 F9000
G1 F3000
G1 X188.204 Y66.941 E.6593
G1 X188.204 Y67.475 F9000
G1 F3000
G1 X172.525 Y51.796 E.68256
G1 X171.99 Y51.796 F9000
G1 F3000
G1 X188.204 Y68.01 E.70581
G1 X188.204 Y68.544 F9000
G1 F3000
G1 X171.456 Y51.796 E.72907
G1 X170.922 Y51.796 F9000
G1 F3000
G1 X188.204 Y69.078 E.75232
G1 X188.204 Y69.612 F9000
G1 F3000
G1 X170.388 Y51.796 E.77558
G1 X169.854 Y51.796 F9000
G1 F3000
G1 X188.204 Y70.146 E.79883
G1 X188.204 Y70.681 F9000
G1 F3000
G1 X169.319 Y51.796 E.82209
G1 X168.785 Y51.796 F9000
G1 F3000
G1 X188.204 Y71.215 E.84534
G1 X188.204 Y71.749 F9000
G1 F3000
G1 X168.251 Y51.796 E.8686
G1 X167.717 Y51.796 F9000
G1 F3000
G1 X188.204 Y72.283 E.89185
G1 X188.204 Y72.818 F9000
G1 F3000
G1 X167.182 Y51.796 E.91511
G1 X166.648 Y51.796 F9000
G1 F3000
G1 X188.204 Y73.352 E.93836
G1 X188.204 Y73.886 F9000
G1 F3000
G1 X166.114 Y51.796 E.96162
G1 X165.58 Y51.796 F9000
G1 F3000
G1 X188.204 Y74.42 E.98487
G1 X188.204 Y74.954 F9000
G1 F3000
G1 X165.046 Y51.796 E1.00813
G1 X164.511 Y51.796 F9000
G1 F3000
G1 X188.204 Y75.489 E1.03138
G1 X188.204 Y76.023 F9000
G1 F3000
G1 X163.977 Y51.796 E1.05464
G1 X163.443 Y51.796 F9000
G1 F3000
G1 X188.204 Y76.557 E1.07789
G1 X188.204 Y77.091 F9000
G1 F3000
G1 X162.909 Y51.796 E1.10115
G1 X162.375 Y51.796 F9000
G1 F3000
G1 X188.204 Y77.625 E1.1244
G1 X188.204 Y78.16 F9000
G1 F3000
G1 X161.84 Y51.796 E1.14766
G1 X161.306 Y51.796 F9000
G1 F3000
G1 X188.204 Y78.694 E1.17091
G1 X188.204 Y79.228 F9000
G1 F3000
G1 X160.772 Y51.796 E1.19417
G1 X160.238 Y51.796 F9000
G1 F3000
G1 X188.204 Y79.762 E1.21742
G1 X188.204 Y80.297 F9000
G1 F3000
G1 X159.703 Y51.796 E1.24068
G1 X159.169 Y51.796 F9000
G1 F3000
G1 X188.204 Y80.831 E1.26394
G1 X188.204 Y81.365 F9000
G1 F3000
G1 X158.635 Y51.796 E1.28719
G1 X158.101 Y51.796 F9000
G1 F3000
G1 X188.204 Y81.899 E1.31045
G1 X188.204 Y82.433 F9000
G1 F3000
G1 X157.567 Y51.796 E1.3337
G1 X157.032 Y51.796 F9000
G1 F3000
G1 X188.204 Y82.968 E1.35696
G1 X188.204 Y83.502 F9000
G1 F3000
G1 X156.498 Y51.796 E1.38021
G1 X155.964 Y51.796 F9000
G1 F3000
G1 X188.204 Y84.036 E1.40347
G1 X188.204 Y84.57 F9000
G1 F3000
G1 X155.43 Y51.796 E1.42672
G1 X154.896 Y51.796 F9000
G1 F3000
G1 X188.204 Y85.104 E1.44998
G1 X188.204 Y85.639 F9000
G1 F3000
G1 X154.361 Y51.796 E1.47323
G1 X153.827 Y51.796 F9000
G1 F3000
G1 X188.204 Y86.173 E1.49649
G1 X188.204 Y86.707 F9000
G1 F3000
G1 X153.293 Y51.796 E1.51974
G1 X152.759 Y51.796 F9000
G1 F3000
G1 X188.204 Y87.241 E1.543
G1 X188.204 Y87.776 F9000
G1 F3000
G1 X152.224 Y51.796 E1.56625
G1 X151.69 Y51.796 F9000
G1 F3000
G1 X188.204 Y88.31 E1.58951
G1 X188.204 Y88.844 F9000
G1 F3000
G1 X151.156 Y51.796 E1.61276
G1 X150.622 Y51.796 F9000
G1 F3000
G1 X188.204 Y89.378 E1.63602
G1 X188.204 Y89.912 F9000
G1 F3000
G1 X150.088 Y51.796 E1.65927
G1 X149.553 Y51.796 F9000
G1 F3000
G1 X188.204 Y90.447 E1.68253
G1 X188.204 Y90.981 F9000
G1 F3000
G1 X149.019 Y51.796 E1.70578
G1 X148.485 Y51.796 F9000
G1 F3000
G1 X188.204 Y91.515 E1.72904
G1 X188.204 Y92.049 F9000
G1 F3000
G1 X147.951 Y51.796 E1.75229
G1 X147.417 Y51.796 F9000
G1 F3000
G1 X188.204 Y92.583 E1.77555
G1 X188.204 Y93.118 F9000
G1 F3000
G1 X146.882 Y51.796 E1.7988
G1 X146.348 Y51.796 F9000
G1 F3000
G1 X188.204 Y93.652 E1.82206
G1 X188.204 Y94.186 F9000
G1 F3000
G1 X145.814 Y51.796 E1.84531
G1 X145.28 Y51.796 F9000
G1 F3000
G1 X188.204 Y94.72 E1.86857
G1 X188.204 Y95.255 F9000
G1 F3000
G1 X144.745 Y51.796 E1.89183
G1 X144.211 Y51.796 F9000
G1 F3000
G1 X188.204 Y95.789 E1.91508
G1 X188.204 Y96.323 F9000
G1 F3000
G1 X143.677 Y51.796 E1.93834
G1 X143.143 Y51.796 F9000
G1 F3000
G1 X188.204 Y96.857 E1.96159
G1 X188.204 Y97.391 F9000
G1 F3000
G1 X142.609 Y51.796 E1.98485
G1 X142.074 Y51.796 F9000
G1 F3000
G1 X188.204 Y97.926 E2.0081
G1 X188.204 Y98.46 F9000
G1 F3000
G1 X141.54 Y51.796 E2.03136
G1 X141.006 Y51.796 F9000
G1 F3000
G1 X188.204 Y98.994 E2.05461
G1 X188.204 Y99.528 F9000
G1 F3000
G1 X140.472 Y51.796 E2.07787
G1 X139.938 Y51.796 F9000
G1 F3000
G1 X188.204 Y100.062 E2.10112
G1 X188.204 Y100.597 F9000
G1 F3000
G1 X139.403 Y51.796 E2.12438
G1 X138.869 Y51.796 F9000
G1 F3000
G1 X188.204 Y101.131 E2.14763
G1 X188.204 Y101.665 F9000
G1 F3000
G1 X138.335 Y51.796 E2.17089
G1 X137.801 Y51.796 F9000
G1 F3000
G1 X188.204 Y102.199 E2.19414
G1 X188.204 Y102.734 F9000
G1 F3000
G1 X137.266 Y51.796 E2.2174
G1 X136.732 Y51.796 F9000
G1 F3000
G1 X188.204 Y103.268 E2.24065
G1 X188.204 Y103.802 F9000
G1 F3000
G1 X136.198 Y51.796 E2.26391
G1 X135.664 Y51.796 F9000
G1 F3000
G1 X188.204 Y104.336 E2.28716
G1 X188.204 Y104.87 F9000
G1 F3000
G1 X135.13 Y51.796 E2.31042
G1 X134.595 Y51.796 F9000
G1 F3000
G1 X188.204 Y105.405 E2.33367
G1 X188.204 Y105.939 F9000
G1 F3000
G1 X134.061 Y51.796 E2.35693
G1 X133.527 Y51.796 F9000
G1 F3000
G1 X188.204 Y106.473 E2.38018
G1 X188.204 Y107.007 F9000
G1 F3000
G1 X132.993 Y51.796 E2.40344
G1 X132.459 Y51.796 F9000
G1 F3000
G1 X188.204 Y107.541 E2.42669
G1 X188.204 Y108.076 F9000
G1 F3000
G1 X131.924 Y51.796 E2.44995
G1 X131.39 Y51.796 F9000
G1 F3000
G1 X188.204 Y108.61 E2.4732
G1 X188.204 Y109.144 F9000
G1 F3000
G1 X130.856 Y51.796 E2.49646
G1 X130.322 Y51.796 F9000
G1 F3000
G1 X188.204 Y109.678 E2.51972
G1 X188.204 Y110.213 F9000
G1 F3000
G1 X129.787 Y51.796 E2.54297
G1 X129.253 Y51.796 F9000
G1 F3000
G1 X188.204 Y110.747 E2.56623
G1 X188.204 Y111.281 F9000
G1 F3000
G1 X128.719 Y51.796 E2.58948
G1 X128.185 Y51.796 F9000
G1 F3000
G1 X188.204 Y111.815 E2.61274
G1 X188.204 Y112.349 F9000
G1 F3000
G1 X127.651 Y51.796 E2.63599
G1 X127.116 Y51.796 F9000
G1 F3000
G1 X188.204 Y112.884 E2.65925
G1 X188.204 Y113.418 F9000
G1 F3000
G1 X126.582 Y51.796 E2.6825
G1 X126.048 Y51.796 F9000
G1 F3000
G1 X188.204 Y113.952 E2.70576
G1 X188.204 Y114.486 F9000
G1 F3000
G1 X125.514 Y51.796 E2.72901
G1 X124.98 Y51.796 F9000
G1 F3000
G1 X188.204 Y115.02 E2.75227
G1 X188.204 Y115.555 F9000
G1 F3000
G1 X124.445 Y51.796 E2.77552
G1 X123.911 Y51.796 F9000
G1 F3000
G1 X188.204 Y116.089 E2.79878
G1 X188.204 Y116.623 F9000
G1 F3000
G1 X123.377 Y51.796 E2.82203
G1 X122.843 Y51.796 F9000
G1 F3000
G1 X188.204 Y117.157 E2.84529
G1 X188.204 Y117.691 F9000
G1 F3000
G1 X122.309 Y51.796 E2.86854
G1 X121.774 Y51.796 F9000
G1 F3000
G1 X188.204 Y118.226 E2.8918
G1 X188.204 Y118.76 F9000
G1 F3000
G1 X121.24 Y51.796 E2.91505
G1 X120.706 Y51.796 F9000
G1 F3000
G1 X188.204 Y119.294 E2.93831
G1 X188.204 Y119.828 F9000
G1 F3000
G1 X120.172 Y51.796 E2.96156
G1 X119.637 Y51.796 F9000
G1 F3000
G1 X188.204 Y120.363 E2.98482
G1 X188.204 Y120.897 F9000
G1 F3000
G1 X119.103 Y51.796 E3.00807
G1 X118.569 Y51.796 F9000
G1 F3000
G1 X188.204 Y121.431 E3.03133
G1 X188.204 Y121.965 F9000
G1 F3000
G1 X118.035 Y51.796 E3.05458
G1 X117.501 Y51.796 F9000
G1 F3000
G1 X188.204 Y122.499 E3.07784
G1 X188.204 Y123.034 F9000
G1 F3000
G1 X116.966 Y51.796 E3.10109
G1 X116.432 Y51.796 F9000
G1 F3000
G1 X188.204 Y123.568 E3.12435
G1 X188.204 Y124.102 F9000
G1 F3000
G1 X115.898 Y51.796 E3.14761
G1 X115.364 Y51.796 F9000
G1 F3000
G1 X188.204 Y124.636 E3.17086
G1 X188.204 Y125.17 F9000
G1 F3000
G1 X114.83 Y51.796 E3.19412
G1 X114.295 Y51.796 F9000
G1 F3000
G1 X188.204 Y125.705 E3.21737
G1 X188.204 Y126.239 F9000
G1 F3000
G1 X113.761 Y51.796 E3.24063
G1 X113.227 Y51.796 F9000
G1 F3000
G1 X188.204 Y126.773 E3.26388
G1 X188.204 Y127.307 F9000
G1 F3000
G1 X112.693 Y51.796 E3.28714
G1 X112.158 Y51.796 F9000
G1 F3000
G1 X188.204 Y127.842 E3.31039
G1 X188.204 Y128.376 F9000
G1 F3000
G1 X111.624 Y51.796 E3.33365
G1 X111.09 Y51.796 F9000
G1 F3000
G1 X188.204 Y128.91 E3.3569
G1 X188.204 Y129.444 F9000
G1 F3000
G1 X110.556 Y51.796 E3.38016
G1 X110.022 Y51.796 F9000
G1 F3000
G1 X188.204 Y129.978 E3.40341
G1 X188.204 Y130.513 F9000
G1 F3000
G1 X109.487 Y51.796 E3.42667
G1 X108.953 Y51.796 F9000
G1 F3000
G1 X188.204 Y131.047 E3.44992
G1 X188.204 Y131.581 F9000
G1 F3000
G1 X108.419 Y51.796 E3.47318
G1 X107.885 Y51.796 F9000
G1 F3000
G1 X188.204 Y132.115 E3.49643
G1 X188.204 Y132.649 F9000
G1 F3000
G1 X107.351 Y51.796 E3.51969
G1 X106.816 Y51.796 F9000
G1 F3000
G1 X188.204 Y133.184 E3.54294
G1 X188.204 Y133.718 F9000
G1 F3000
G1 X106.282 Y51.796 E3.5662
G1 X105.748 Y51.796 F9000
G1 F3000
G1 X188.204 Y134.252 E3.58945
G1 X188.204 Y134.786 F9000
G1 F3000
G1 X105.214 Y51.796 E3.61271
G1 X104.679 Y51.796 F9000
G1 F3000
G1 X188.204 Y135.321 E3.63596
G1 X188.204 Y135.855 F9000
G1 F3000
G1 X104.145 Y51.796 E3.65922
G1 X103.611 Y51.796 F9000
G1 F3000
G1 X188.204 Y136.389 E3.68247
G1 X188.204 Y136.923 F9000
G1 F3000
G1 X103.077 Y51.796 E3.70573
G1 X102.543 Y51.796 F9000
G1 F3000
G1 X188.204 Y137.457 E3.72898
G1 X188.204 Y137.992 F9000
G1 F3000
G1 X102.008 Y51.796 E3.75224
G1 X101.474 Y51.796 F9000
G1 F3000
G1 X188.204 Y138.526 E3.7755
G1 X188.204 Y139.06 F9000
G1 F3000
G1 X100.94 Y51.796 E3.79875
G1 X100.406 Y51.796 F9000
G1 F3000
G1 X188.204 Y139.594 E3.82201
G1 X188.204 Y140.128 F9000
G1 F3000
G1 X99.872 Y51.796 E3.84526
G1 X99.337 Y51.796 F9000
G1 F3000
G1 X188.204 Y140.663 E3.86852
G1 X188.204 Y141.197 F9000
G1 F3000
G1 X98.803 Y51.796 E3.89177
G1 X98.269 Y51.796 F9000
G1 F3000
G1 X188.204 Y141.731 E3.91503
G1 X188.204 Y142.265 F9000
G1 F3000
G1 X97.735 Y51.796 E3.93828
G1 X97.2 Y51.796 F9000
G1 F3000
G1 X188.204 Y142.8 E3.96154
G1 X188.204 Y143.334 F9000
G1 F3000
G1 X96.666 Y51.796 E3.98479
G1 X96.132 Y51.796 F9000
G1 F3000
G1 X188.204 Y143.868 E4.00805
G1 X188.204 Y144.402 F9000
G1 F3000
G1 X95.598 Y51.796 E4.0313
G1 X95.064 Y51.796 F9000
G1 F3000
G1 X188.204 Y144.936 E4.05456
G1 X188.204 Y145.471 F9000
G1 F3000
G1 X94.529 Y51.796 E4.07781
G1 X93.995 Y51.796 F9000
G1 F3000
G1 X188.204 Y146.005 E4.10107
G1 X188.204 Y146.539 F9000
G1 F3000
G1 X93.461 Y51.796 E4.12432
G1 X92.927 Y51.796 F9000
G1 F3000
G1 X188.204 Y147.073 E4.14758
G1 X188.204 Y147.607 F9000
G1 F3000
G1 X92.393 Y51.796 E4.17083
G1 X91.858 Y51.796 F9000
G1 F3000
G1 X188.204 Y148.142 E4.19409
G1 X188.204 Y148.676 F9000
G1 F3000
G1 X91.324 Y51.796 E4.21734
G1 X90.79 Y51.796 F9000
G1 F3000
G1 X188.204 Y149.21 E4.2406
G1 X188.204 Y149.744 F9000
G1 F3000
G1 X90.256 Y51.796 E4.26385
G1 X89.721 Y51.796 F9000
G1 F3000
G1 X188.204 Y150.279 E4.28711
G1 X188.204 Y150.813 F9000
G1 F3000
G1 X89.187 Y51.796 E4.31036
G1 X88.653 Y51.796 F9000
G1 F3000
G1 X188.204 Y151.347 E4.33362
G1 X188.204 Y151.881 F9000
G1 F3000
G1 X88.119 Y51.796 E4.35687
G1 X87.585 Y51.796 F9000
G1 F3000
G1 X188.204 Y152.415 E4.38013
G1 X188.204 Y152.95 F9000
G1 F3000
G1 X87.05 Y51.796 E4.40339
G1 X86.516 Y51.796 F9000
G1 F3000
G1 X188.204 Y153.484 E4.42664
G1 X188.204 Y154.018 F9000
G1 F3000
G1 X85.982 Y51.796 E4.4499
G1 X85.448 Y51.796 F9000
G1 F3000
G1 X188.204 Y154.552 E4.47315
G1 X188.204 Y155.086 F9000
G1 F3000
G1 X84.914 Y51.796 E4.49641
G1 X84.379 Y51.796 F9000
G1 F3000
G1 X188.204 Y155.621 E4.51966
G1 X188.204 Y156.155 F9000
G1 F3000
G1 X83.845 Y51.796 E4.54292
G1 X83.311 Y51.796 F9000
G1 F3000
G1 X188.204 Y156.689 E4.56617
G1 X188.204 Y157.223 F9000
G1 F3000
G1 X82.777 Y51.796 E4.58943
G1 X82.242 Y51.796 F9000
G1 F3000
G1 X188.204 Y157.758 E4.61268
G1 X188.204 Y158.292 F9000
G1 F3000
G1 X81.708 Y51.796 E4.63594
G1 X81.174 Y51.796 F9000
G1 F3000
G1 X188.204 Y158.826 E4.65919
G1 X188.204 Y159.36 F9000
G1 F3000
G1 X80.64 Y51.796 E4.68245
G1 X80.106 Y51.796 F9000
G1 F3000
G1 X188.204 Y159.894 E4.7057
G1 X188.204 Y160.429 F9000
G1 F3000
G1 X79.571 Y51.796 E4.72896
G1 X79.037 Y51.796 F9000
G1 F3000
G1 X188.204 Y160.963 E4.75221
G1 X188.204 Y161.497 F9000
G1 F3000
G1 X78.503 Y51.796 E4.77547
G1 X77.969 Y51.796 F9000
G1 F3000
G1 X188.204 Y162.031 E4.79872
G1 X188.204 Y162.565 F9000
G1 F3000
G1 X77.435 Y51.796 E4.82198
G1 X76.9 Y51.796 F9000
G1 F3000
G1 X188.204 Y163.1 E4.84523
G1 X188.204 Y163.634 F9000
G1 F3000
G1 X76.366 Y51.796 E4.86849
G1 X75.832 Y51.796 F9000
G1 F3000
G1 X188.204 Y164.168 E4.89174
G1 X188.204 Y164.702 F9000
G1 F3000
G1 X75.298 Y51.796 E4.915
G1 X74.764 Y51.796 F9000
G1 F3000
G1 X188.204 Y165.236 E4.93825
G1 X188.204 Y165.771 F9000
G1 F3000
G1 X74.229 Y51.796 E4.96151
G1 X73.695 Y51.796 F9000
G1 F3000
G1 X188.204 Y166.305 E4.98476
G1 X188.204 Y166.839 F9000
G1 F3000
G1 X73.161 Y51.796 E5.00802
G1 X72.627 Y51.796 F9000
G1 F3000
G1 X188.204 Y167.373 E5.03128
G1 X188.076 Y167.78 F9000
G1 F3000
G1 X72.092 Y51.796 E5.04896
G1 X71.558 Y51.796 F9000
G1 F3000
G1 X187.818 Y168.056 E5.06099
G1 X187.431 Y168.203 F9000
G1 F3000
G1 X71.024 Y51.796 E5.0674
G1 X70.49 Y51.796 F9000
G1 F3000
G1 X186.898 Y168.204 E5.06744
G1 X186.364 Y168.204 F9000
G1 F3000
G1 X69.956 Y51.796 E5.06744
G1 X69.421 Y51.796 F9000
G1 F3000
G1 X185.83 Y168.204 E5.06744
G1 X185.295 Y168.204 F9000
G1 F3000
G1 X68.887 Y51.796 E5.06744
G1 X68.353 Y51.796 F9000
G1 F3000
G1 X184.761 Y168.204 E5.06744
G1 X184.227 Y168.204 F9000
G1 F3000
G1 X67.819 Y51.796 E5.06744
G1 X67.285 Y51.796 F9000
G1 F3000
G1 X183.693 Y168.204 E5.06744
G1 X183.159 Y168.204 F9000
G1 F3000
G1 X66.75 Y51.796 E5.06744
G1 X66.216 Y51.796 F9000
G1 F3000
G1 X182.624 Y168.204 E5.06744
G1 X182.09 Y168.204 F9000
G1 F3000
G1 X65.682 Y51.796 E5.06744
G1 X65.148 Y51.796 F9000
G1 F3000
G1 X181.556 Y168.204 E5.06744
G1 X181.022 Y168.204 F9000
G1 F3000
G1 X64.613 Y51.796 E5.06744
G1 X64.079 Y51.796 F9000
G1 F3000
G1 X180.487 Y168.204 E5.06744
G1 X179.953 Y168.204 F9000
G1 F3000
G1 X63.545 Y51.796 E5.06744
G1 X63.011 Y51.796 F9000
G1 F3000
G1 X179.419 Y168.204 E5.06744
G1 X178.885 Y168.204 F9000
G1 F3000
G1 X62.477 Y51.796 E5.06744
G1 X61.942 Y51.796 F9000
G1 F3000
G1 X178.351 Y168.204 E5.06744
G1 X177.816 Y168.204 F9000
G1 F3000
G1 X61.408 Y51.796 E5.06744
G1 X60.874 Y51.796 F9000
G1 F3000
G1 X177.282 Y168.204 E5.06744
G1 X176.748 Y168.204 F9000
G1 F3000
G1 X60.34 Y51.796 E5.06744
G1 X59.806 Y51.796 F9000
G1 F3000
G1 X176.214 Y168.204 E5.06744
G1 X175.68 Y168.204 F9000
G1 F3000
G1 X59.271 Y51.796 E5.06744
G1 X58.737 Y51.796 F9000
G1 F3000
G1 X175.145 Y168.204 E5.06744
G1 X174.611 Y168.204 F9000
G1 F3000
G1 X58.203 Y51.796 E5.06744
G1 X57.669 Y51.796 F9000
G1 F3000
G1 X174.077 Y168.204 E5.06744
G1 X173.543 Y168.204 F9000
G1 F3000
G1 X57.134 Y51.796 E5.06744
G1 X56.6 Y51.796 F9000
G1 F3000
G1 X173.008 Y168.204 E5.06744
G1 X172.474 Y168.204 F9000
G1 F3000
G1 X56.066 Y51.796 E5.06744
G1 X55.532 Y51.796 F9000
G1 F3000
G1 X171.94 Y168.204 E5.06744
G1 X171.406 Y168.204 F9000
G1 F3000
G1 X54.998 Y51.796 E5.06744
G1 X54.463 Y51.796 F9000
G1 F3000
G1 X170.872 Y168.204 E5.06744
G1 X170.337 Y168.204 F9000
G1 F3000
G1 X53.929 Y51.796 E5.06744
G1 X53.395 Y51.796 F9000
G1 F3000
G1 X169.803 Y168.204 E5.06744
G1 X169.269 Y168.204 F9000
G1 F3000
G1 X52.861 Y51.796 E5.06744
G1 X52.327 Y51.796 F9000
G1 F3000
G1 X168.735 Y168.204 E5.06744
G1 X168.201 Y168.204 F9000
G1 F3000
G1 X51.792 Y51.796 E5.06744
G1 X51.258 Y51.796 F9000
G1 F3000
G1 X167.666 Y168.204 E5.06744
G1 X167.132 Y168.204 F9000
G1 F3000
G1 X50.724 Y51.796 E5.06744
G1 X50.19 Y51.796 F9000
G1 F3000
G1 X166.598 Y168.204 E5.06744
G1 X166.064 Y168.204 F9000
G1 F3000
G1 X49.655 Y51.796 E5.06744
G1 X49.121 Y51.796 F9000
G1 F3000
G1 X165.529 Y168.204 E5.06744
G1 X164.995 Y168.204 F9000
G1 F3000
G1 X48.587 Y51.796 E5.06744
G1 X48.053 Y51.796 F9000
G1 F3000
G1 X164.461 Y168.204 E5.06744
G1 X163.927 Y168.204 F9000
G1 F3000
G1 X47.519 Y51.796 E5.06744
G1 X46.984 Y51.796 F9000
G1 F3000
G1 X163.393 Y168.204 E5.06744
G1 X162.858 Y168.204 F9000
G1 F3000
G1 X46.45 Y51.796 E5.06744
G1 X45.916 Y51.796 F9000
G1 F3000
G1 X162.324 Y168.204 E5.06744
G1 X161.79 Y168.204 F9000
G1 F3000
G1 X45.382 Y51.796 E5.06744
G1 X44.848 Y51.796 F9000
G1 F3000
G1 X161.256 Y168.204 E5.06744
G1 X160.722 Y168.204 F9000
G1 F3000
G1 X44.313 Y51.796 E5.06744
G1 X43.779 Y51.796 F9000
G1 F3000
G1 X160.187 Y168.204 E5.06744
G1 X159.653 Y168.204 F9000
G1 F3000
G1 X43.245 Y51.796 E5.06744
G1 X42.711 Y51.796 F9000
G1 F3000
G1 X159.119 Y168.204 E5.06744
G1 X158.585 Y168.204 F9000
G1 F3000
G1 X42.176 Y51.796 E5.06744
G1 X41.642 Y51.796 F9000
G1 F3000
G1 X158.05 Y168.204 E5.06744
G1 X157.516 Y168.204 F9000
G1 F3000
G1 X41.108 Y51.796 E5.06744
G1 X40.574 Y51.796 F9000
G1 F3000
G1 X156.982 Y168.204 E5.06744
G1 X156.448 Y168.204 F9000
G1 F3000
G1 X40.04 Y51.796 E5.06744
G1 X39.505 Y51.796 F9000
G1 F3000
G1 X155.914 Y168.204 E5.06744
G1 X155.379 Y168.204 F9000
G1 F3000
G1 X38.971 Y51.796 E5.06744
G1 X38.437 Y51.796 F9000
G1 F3000
G1 X154.845 Y168.204 E5.06744
G1 X154.311 Y168.204 F9000
G1 F3000
G1 X37.903 Y51.796 E5.06744
G1 X37.369 Y51.796 F9000
G1 F3000
G1 X153.777 Y168.204 E5.06744
G1 X153.243 Y168.204 F9000
G1 F3000
G1 X36.834 Y51.796 E5.06744
G1 X36.3 Y51.796 F9000
G1 F3000
G1 X152.708 Y168.204 E5.06744
G1 X152.174 Y168.204 F9000
G1 F3000
G1 X35.766 Y51.796 E5.06744
G1 X35.232 Y51.796 F9000
G1 F3000
G1 X151.64 Y168.204 E5.06744
G1 X151.106 Y168.204 F9000
G1 F3000
G1 X34.697 Y51.796 E5.06744
G1 X34.163 Y51.796 F9000
G1 F3000
G1 X150.571 Y168.204 E5.06744
G1 X150.037 Y168.204 F9000
G1 F3000
G1 X33.629 Y51.796 E5.06744
G1 X33.095 Y51.796 F9000
G1 F3000
G1 X149.503 Y168.204 E5.06744
G1 X148.969 Y168.204 F9000
G1 F3000
G1 X32.562 Y51.797 E5.06737
G1 X32.177 Y51.947 F9000
G1 F3000
G1 X148.435 Y168.204 E5.06088
G1 X147.9 Y168.204 F9000
G1 F3000
G1 X31.936 Y52.24 E5.0481
G1 X31.796 Y52.634 F9000
G1 F3000
G1 X147.366 Y168.204 E5.03096
G1 X146.832 Y168.204 F9000
G1 F3000
G1 X31.796 Y53.168 E5.00771
G1 X31.796 Y53.702 F9000
G1 F3000
G1 X146.298 Y168.204 E4.98445
G1 X145.764 Y168.204 F9000
G1 F3000
G1 X31.796 Y54.236 E4.9612
G1 X31.796 Y54.771 F9000
G1 F3000
G1 X145.229 Y168.204 E4.93794
G1 X144.695 Y168.204 F9000
G1 F3000
G1 X31.796 Y55.305 E4.91469
G1 X31.796 Y55.839 F9000
G1 F3000
G1 X144.161 Y168.204 E4.89143
G1 X143.627 Y168.204 F9000
G1 F3000
G1 X31.796 Y56.373 E4.86818
G1 X31.796 Y56.908 F9000
G1 F3000
G1 X143.093 Y168.204 E4.84492
G1 X142.558 Y168.204 F9000
G1 F3000
G1 X31.796 Y57.442 E4.82167
G1 X31.796 Y57.976 F9000
G1 F3000
G1 X142.024 Y168.204 E4.79841
G1 X141.49 Y168.204 F9000
G1 F3000
G1 X31.796 Y58.51 E4.77516
G1 X31.796 Y59.044 F9000
G1 F3000
G1 X140.956 Y168.204 E4.7519
G1 X140.421 Y168.204 F9000
G1 F3000
G1 X31.796 Y59.579 E4.72865
G1 X31.796 Y60.113 F9000
G1 F3000
G1 X139.887 Y168.204 E4.70539
G1 X139.353 Y168.204 F9000
G1 F3000
G1 X31.796 Y60.647 E4.68214
G1 X31.796 Y61.181 F9000
G1 F3000
G1 X138.819 Y168.204 E4.65888
G1 X138.285 Y168.204 F9000
G1 F3000
G1 X31.796 Y61.715 E4.63563
G1 X31.796 Y62.25 F9000
G1 F3000
G1 X137.75 Y168.204 E4.61237
G1 X137.216 Y168.204 F9000
G1 F3000
G1 X31.796 Y62.784 E4.58912
G1 X31.796 Y63.318 F9000
G1 F3000
G1 X136.682 Y168.204 E4.56586
G1 X136.148 Y168.204 F9000
G1 F3000
G1 X31.796 Y63.852 E4.54261
G1 X31.796 Y64.386 F9000
G1 F3000
G1 X135.614 Y168.204 E4.51935
G1 X135.079 Y168.204 F9000
G1 F3000
G1 X31.796 Y64.921 E4.4961
G1 X31.796 Y65.455 F9000
G1 F3000
G1 X134.545 Y168.204 E4.47284
G1 X134.011 Y168.204 F9000
G1 F3000
G1 X31.796 Y65.989 E4.44958
G1 X31.796 Y66.523 F9000
G1 F3000
G1 X133.477 Y168.204 E4.42633
G1 X132.942 Y168.204 F9000
G1 F3000
G1 X31.796 Y67.058 E4.40307
G1 X31.796 Y67.592 F9000
G1 F3000
G1 X132.408 Y168.204 E4.37982
G1 X131.874 Y168.204 F9000
G1 F3000
G1 X31.796 Y68.126 E4.35656
G1 X31.796 Y68.66 F9000
G1 F3000
G1 X131.34 Y168.204 E4.33331
G1 X130.806 Y168.204 F9000
G1 F3000
G1 X31.796 Y69.194 E4.31005
G1 X31.796 Y69.729 F9000
G1 F3000
G1 X130.271 Y168.204 E4.2868
G1 X129.737 Y168.204 F9000
G1 F3000
G1 X31.796 Y70.263 E4.26354
G1 X31.796 Y70.797 F9000
G1 F3000
G1 X129.203 Y168.204 E4.24029
G1 X128.669 Y168.204 F9000
G1 F3000
G1 X31.796 Y71.331 E4.21703
G1 X31.796 Y71.865 F9000
G1 F3000
G1 X128.135 Y168.204 E4.19378
G1 X127.6 Y168.204 F9000
G1 F3000
G1 X31.796 Y72.4 E4.17052
G1 X31.796 Y72.934 F9000
G1 F3000
G1 X127.066 Y168.204 E4.14727
G1 X126.532 Y168.204 F9000
G1 F3000
G1 X31.796 Y73.468 E4.12401
G1 X31.796 Y74.002 F9000
G1 F3000
G1 X125.998 Y168.204 E4.10076
G1 X125.463 Y168.204 F9000
G1 F3000
G1 X31.796 Y74.537 E4.0775
G1 X31.796 Y75.071 F9000
G1 F3000
G1 X124.929 Y168.204 E4.05425
G1 X124.395 Y168.204 F9000
G1 F3000
G1 X31.796 Y75.605 E4.03099
G1 X31.796 Y76.139 F9000
G1 F3000
G1 X123.861 Y168.204 E4.00774
G1 X123.327 Y168.204 F9000
G1 F3000
G1 X31.796 Y76.673 E3.98448
G1 X31.796 Y77.208 F9000
G1 F3000
G1 X122.792 Y168.204 E3.96123
G1 X122.258 Y168.204 F9000
G1 F3000
G1 X31.796 Y77.742 E3.93797
G1 X31.796 Y78.276 F9000
G1 F3000
G1 X121.724 Y168.204 E3.91472
G1 X121.19 Y168.204 F9000
G1 F3000
G1 X31.796 Y78.81 E3.89146
G1 X31.796 Y79.344 F9000
G1 F3000
G1 X120.656 Y168.204 E3.86821
G1 X120.121 Y168.204 F9000
G1 F3000
G1 X31.796 Y79.879 E3.84495
G1 X31.796 Y80.413 F9000
G1 F3000
G1 X119.587 Y168.204 E3.82169
G1 X119.053 Y168.204 F9000
G1 F3000
G1 X31.796 Y80.947 E3.79844
G1 X31.796 Y81.481 F9000
G1 F3000
G1 X118.519 Y168.204 E3.77518
G1 X117.984 Y168.204 F9000
G1 F3000
G1 X31.796 Y82.016 E3.75193
G1 X31.796 Y82.55 F9000
G1 F3000
G1 X117.45 Y168.204 E3.72867
G1 X116.916 Y168.204 F9000
G1 F3000
G1 X31.796 Y83.084 E3.70542
G1 X31.796 Y83.618 F9000
G1 F3000
G1 X116.382 Y168.204 E3.68216
G1 X115.848 Y168.204 F9000
G1 F3000
G1 X31.796 Y84.152 E3.65891
G1 X31.796 Y84.687 F9000
G1 F3000
G1 X115.313 Y168.204 E3.63565
G1 X114.779 Y168.204 F9000
G1 F3000
G1 X31.796 Y85.221 E3.6124
G1 X31.796 Y85.755 F9000
G1 F3000
G1 X114.245 Y168.204 E3.58914
G1 X113.711 Y168.204 F9000
G1 F3000
G1 X31.796 Y86.289 E3.56589
G1 X31.796 Y86.823 F9000
G1 F3000
G1 X113.177 Y168.204 E3.54263
G1 X112.642 Y168.204 F9000
G1 F3000
G1 X31.796 Y87.358 E3.51938
G1 X31.796 Y87.892 F9000
G1 F3000
G1 X112.108 Y168.204 E3.49612
G1 X111.574 Y168.204 F9000
G1 F3000
G1 X31.796 Y88.426 E3.47287
G1 X31.796 Y88.96 F9000
G1 F3000
G1 X111.04 Y168.204 E3.44961
G1 X110.505 Y168.204 F9000
G1 F3000
G1 X31.796 Y89.495 E3.42636
G1 X31.796 Y90.029 F9000
G1 F3000
G1 X109.971 Y168.204 E3.4031
G1 X109.437 Y168.204 F9000
G1 F3000
G1 X31.796 Y90.563 E3.37985
G1 X31.796 Y91.097 F9000
G1 F3000
G1 X108.903 Y168.204 E3.35659
G1 X108.369 Y168.204 F9000
G1 F3000
G1 X31.796 Y91.631 E3.33334
G1 X31.796 Y92.166 F9000
G1 F3000
G1 X107.834 Y168.204 E3.31008
G1 X107.3 Y168.204 F9000
G1 F3000
G1 X31.796 Y92.7 E3.28683
G1 X31.796 Y93.234 F9000
G1 F3000
G1 X106.766 Y168.204 E3.26357
G1 X106.232 Y168.204 F9000
G1 F3000
G1 X31.796 Y93.768 E3.24032
G1 X31.796 Y94.302 F9000
G1 F3000
G1 X105.698 Y168.204 E3.21706
G1 X105.163 Y168.204 F9000
G1 F3000
G1 X31.796 Y94.837 E3.1938
G1 X31.796 Y95.371 F9000
G1 F3000
G1 X104.629 Y168.204 E3.17055
G1 X104.095 Y168.204 F9000
G1 F3000
G1 X31.796 Y95.905 E3.14729
G1 X31.796 Y96.439 F9000
G1 F3000
G1 X103.561 Y168.204 E3.12404
G1 X103.026 Y168.204 F9000
G1 F3000
G1 X31.796 Y96.974 E3.10078
G1 X31.796 Y97.508 F9000
G1 F3000
G1 X102.492 Y168.204 E3.07753
G1 X101.958 Y168.204 F9000
G1 F3000
G1 X31.796 Y98.042 E3.05427
G1 X31.796 Y98.576 F9000
G1 F3000
G1 X101.424 Y168.204 E3.03102
G1 X100.89 Y168.204 F9000
G1 F3000
G1 X31.796 Y99.11 E3.00776
G1 X31.796 Y99.645 F9000
G1 F3000
G1 X100.355 Y168.204 E2.98451
G1 X99.821 Y168.204 F9000
G1 F3000
G1 X31.796 Y100.179 E2.96125
G1 X31.796 Y100.713 F9000
G1 F3000
G1 X99.287 Y168.204 E2.938
G1 X98.753 Y168.204 F9000
G1 F3000
G1 X31.796 Y101.247 E2.91474
G1 X31.796 Y101.781 F9000
G1 F3000
G1 X98.219 Y168.204 E2.89149
G1 X97.684 Y168.204 F9000
G1 F3000
G1 X31.796 Y102.316 E2.86823
G1 X31.796 Y102.85 F9000
G1 F3000
G1 X97.15 Y168.204 E2.84498
G1 X96.616 Y168.204 F9000
G1 F3000
G1 X31.796 Y103.384 E2.82172
G1 X31.796 Y103.918 F9000
G1 F3000
G1 X96.082 Y168.204 E2.79847
G1 X95.547 Y168.204 F9000
G1 F3000
G1 X31.796 Y104.453 E2.77521
G1 X31.796 Y104.987 F9000
G1 F3000
G1 X95.013 Y168.204 E2.75196
G1 X94.479 Y168.204 F9000
G1 F3000
G1 X31.796 Y105.521 E2.7287
G1 X31.796 Y106.055 F9000
G1 F3000
G1 X93.945 Y168.204 E2.70545
G1 X93.411 Y168.204 F9000
G1 F3000
G1 X31.796 Y106.589 E2.68219
G1 X31.796 Y107.124 F9000
G1 F3000
G1 X92.876 Y168.204 E2.65894
G1 X92.342 Y168.204 F9000
G1 F3000
G1 X31.796 Y107.658 E2.63568
G1 X31.796 Y108.192 F9000
G1 F3000
G1 X91.808 Y168.204 E2.61243
G1 X91.274 Y168.204 F9000
G1 F3000
G1 X31.796 Y108.726 E2.58917
G1 X31.796 Y109.26 F9000
G1 F3000
G1 X90.74 Y168.204 E2.56591
G1 X90.205 Y168.204 F9000
G1 F3000
G1 X31.796 Y109.795 E2.54266
G1 X31.796 Y110.329 F9000
G1 F3000
G1 X89.671 Y168.204 E2.5194
G1 X89.137 Y168.204 F9000
G1 F3000
G1 X31.796 Y110.863 E2.49615
G1 X31.796 Y111.397 F9000
G1 F3000
G1 X88.603 Y168.204 E2.47289
G1 X88.069 Y168.204 F9000
G1 F3000
G1 X31.796 Y111.931 E2.44964
G1 X31.796 Y112.466 F9000
G1 F3000
G1 X87.534 Y168.204 E2.42638
G1 X87 Y168.204 F9000
G1 F3000
G1 X31.796 Y113 E2.40313
G1 X31.796 Y113.534 F9000
G1 F3000
G1 X86.466 Y168.204 E2.37987
G1 X85.932 Y168.204 F9000
G1 F3000
G1 X31.796 Y114.068 E2.35662
G1 X31.796 Y114.603 F9000
G1 F3000
G1 X85.397 Y168.204 E2.33336
G1 X84.863 Y168.204 F9000
G1 F3000
G1 X31.796 Y115.137 E2.31011
G1 X31.796 Y115.671 F9000
G1 F3000
G1 X84.329 Y168.204 E2.28685
G1 X83.795 Y168.204 F9000
G1 F3000
G1 X31.796 Y116.205 E2.2636
G1 X31.796 Y116.739 F9000
G1 F3000
G1 X83.261 Y168.204 E2.24034
G1 X82.726 Y168.204 F9000
G1 F3000
G1 X31.796 Y117.274 E2.21709
G1 X31.796 Y117.808 F9000
G1 F3000
G1 X82.192 Y168.204 E2.19383
G1 X81.658 Y168.204 F9000
G1 F3000
G1 X31.796 Y118.342 E2.17058
G1 X31.796 Y118.876 F9000
G1 F3000
G1 X81.124 Y168.204 E2.14732
G1 X80.59 Y168.204 F9000
G1 F3000
G1 X31.796 Y119.41 E2.12407
G1 X31.796 Y119.945 F9000
G1 F3000
G1 X80.055 Y168.204 E2.10081
G1 X79.521 Y168.204 F9000
G1 F3000
G1 X31.796 Y120.479 E2.07756
G1 X31.796 Y121.013 F9000
G1 F3000
G1 X78.987 Y168.204 E2.0543
G1 X78.453 Y168.204 F9000
G1 F3000
G1 X31.796 Y121.547 E2.03105
G1 X31.796 Y122.082 F9000
G1 F3000
G1 X77.918 Y168.204 E2.00779
G1 X77.384 Y168.204 F9000
G1 F3000
G1 X31.796 Y122.616 E1.98454
G1 X31.796 Y123.15 F9000
G1 F3000
G1 X76.85 Y168.204 E1.96128
G1 X76.316 Y168.204 F9000
G1 F3000
G1 X31.796 Y123.684 E1.93802
G1 X31.796 Y124.218 F9000
G1 F3000
G1 X75.782 Y168.204 E1.91477
G1 X75.247 Y168.204 F9000
G1 F3000
G1 X31.796 Y124.753 E1.89151
G1 X31.796 Y125.287 F9000
G1 F3000
G1 X74.713 Y168.204 E1.86826
G1 X74.179 Y168.204 F9000
G1 F3000
G1 X31.796 Y125.821 E1.845
G1 X31.796 Y126.355 F9000
G1 F3000
G1 X73.645 Y168.204 E1.82175
G1 X73.111 Y168.204 F9000
G1 F3000
G1 X31.796 Y126.889 E1.79849
G1 X31.796 Y127.424 F9000
G1 F3000
G1 X72.576 Y168.204 E1.77524
G1 X72.042 Y168.204 F9000
G1 F3000
G1 X31.796 Y127.958 E1.75198
G1 X31.796 Y128.492 F9000
G1 F3000
G1 X71.508 Y168.204 E1.72873
G1 X70.974 Y168.204 F9000
G1 F3000
G1 X31.796 Y129.026 E1.70547
G1 X31.796 Y129.561 F9000
G1 F3000
G1 X70.439 Y168.204 E1.68222
G1 X69.905 Y168.204 F9000
G1 F3000
G1 X31.796 Y130.095 E1.65896
G1 X31.796 Y130.629 F9000
G1 F3000
G1 X69.371 Y168.204 E1.63571
G1 X68.837 Y168.204 F9000
G1 F3000
G1 X31.796 Y131.163 E1.61245
G1 X31.796 Y131.697 F9000
G1 F3000
G1 X68.303 Y168.204 E1.5892
G1 X67.768 Y168.204 F9000
G1 F3000
G1 X31.796 Y132.232 E1.56594
G1 X31.796 Y132.766 F9000
G1 F3000
G1 X67.234 Y168.204 E1.54269
G1 X66.7 Y168.204 F9000
G1 F3000
G1 X31.796 Y133.3 E1.51943
G1 X31.796 Y133.834 F9000
G1 F3000
G1 X66.166 Y168.204 E1.49618
G1 X65.632 Y168.204 F9000
G1 F3000
G1 X31.796 Y134.368 E1.47292
G1 X31.796 Y134.903 F9000
G1 F3000
G1 X65.097 Y168.204 E1.44967
G1 X64.563 Y168.204 F9000
G1 F3000
G1 X31.796 Y135.437 E1.42641
G1 X31.796 Y135.971 F9000
G1 F3000
G1 X64.029 Y168.204 E1.40316
G1 X63.495 Y168.204 F9000
G1 F3000
G1 X31.796 Y136.505 E1.3799
G1 X31.796 Y137.04 F9000
G1 F3000
G1 X62.96 Y168.204 E1.35664
G1 X62.426 Y168.204 F9000
G1 F3000
G1 X31.796 Y137.574 E1.33339
G1 X31.796 Y138.108 F9000
G1 F3000
G1 X61.892 Y168.204 E1.31013
G1 X61.358 Y168.204 F9000
G1 F3000
G1 X31.796 Y138.642 E1.28688
G1 X31.796 Y139.176 F9000
G1 F3000
G1 X60.824 Y168.204 E1.26362
G1 X60.289 Y168.204 F9000
G1 F3000
G1 X31.796 Y139.711 E1.24037
G1 X31.796 Y140.245 F9000
G1 F3000
G1 X59.755 Y168.204 E1.21711
G1 X59.221 Y168.204 F9000
G1 F3000
G1 X31.796 Y140.779 E1.19386
G1 X31.796 Y141.313 F9000
G1 F3000
G1 X58.687 Y168.204 E1.1706
G1 X58.153 Y168.204 F9000
G1 F3000
G1 X31.796 Y141.847 E1.14735
G1 X31.796 Y142.382 F9000
G1 F3000
G1 X57.618 Y168.204 E1.12409
G1 X57.084 Y168.204 F9000
G1 F3000
G1 X31.796 Y142.916 E1.10084
G1 X31.796 Y143.45 F9000
G1 F3000
G1 X56.55 Y168.204 E1.07758
G1 X56.016 Y168.204 F9000
G1 F3000
G1 X31.796 Y143.984 E1.05433
G1 X31.796 Y144.519 F9000
G1 F3000
G1 X55.481 Y168.204 E1.03107
G1 X54.947 Y168.204 F9000
G1 F3000
G1 X31.796 Y145.053 E1.00782
G1 X31.796 Y145.587 F9000
G1 F3000
G1 X54.413 Y168.204 E.98456
G1 X53.879 Y168.204 F9000
G1 F3000
G1 X31.796 Y146.121 E.96131
G1 X31.796 Y146.655 F9000
G1 F3000
G1 X53.345 Y168.204 E.93805
G1 X52.81 Y168.204 F9000
G1 F3000
G1 X31.796 Y147.19 E.9148
G1 X31.796 Y147.724 F9000
G1 F3000
G1 X52.276 Y168.204 E.89154
G1 X51.742 Y168.204 F9000
G1 F3000
G1 X31.796 Y148.258 E.86829
G1 X31.796 Y148.792 F9000
G1 F3000
G1 X51.208 Y168.204 E.84503
G1 X50.674 Y168.204 F9000
G1 F3000
G1 X31.796 Y149.326 E.82178
G1 X31.796 Y149.861 F9000
G1 F3000
G1 X50.139 Y168.204 E.79852
G1 X49.605 Y168.204 F9000
G1 F3000
G1 X31.796 Y150.395 E.77527
G1 X31.796 Y150.929 F9000
G1 F3000
G1 X49.071 Y168.204 E.75201
G1 X48.537 Y168.204 F9000
G1 F3000
G1 X31.796 Y151.463 E.72875
G1 X31.796 Y151.998 F9000
G1 F3000
G1 X48.002 Y168.204 E.7055
G1 X47.468 Y168.204 F9000
G1 F3000
G1 X31.796 Y152.532 E.68224
G1 X31.796 Y153.066 F9000
G1 F3000
G1 X46.934 Y168.204 E.65899
G1 X46.4 Y168.204 F9000
G1 F3000
G1 X31.796 Y153.6 E.63573
G1 X31.796 Y154.134 F9000
G1 F3000
G1 X45.866 Y168.204 E.61248
G1 X45.331 Y168.204 F9000
G1 F3000
G1 X31.796 Y154.669 E.58922
G1 X31.796 Y155.203 F9000
G1 F3000
G1 X44.797 Y168.204 E.56597
G1 X44.263 Y168.204 F9000
G1 F3000
G1 X31.796 Y155.737 E.54271
G1 X31.796 Y156.271 F9000
G1 F3000
G1 X43.729 Y168.204 E.51946
G1 X43.195 Y168.204 F9000
G1 F3000
G1 X31.796 Y156.805 E.4962
G1 X31.796 Y157.34 F9000
G1 F3000
G1 X42.66 Y168.204 E.47295
G1 X42.126 Y168.204 F9000
G1 F3000
G1 X31.796 Y157.874 E.44969
G1 X31.796 Y158.408 F9000
G1 F3000
G1 X41.592 Y168.204 E.42644
G1 X41.058 Y168.204 F9000
G1 F3000
G1 X31.796 Y158.942 E.40318
G1 X31.796 Y159.476 F9000
G1 F3000
G1 X40.524 Y168.204 E.37993
G1 X39.989 Y168.204 F9000
G1 F3000
G1 X31.796 Y160.011 E.35667
G1 X31.796 Y160.545 F9000
G1 F3000
G1 X39.455 Y168.204 E.33342
G1 X38.921 Y168.204 F9000
G1 F3000
G1 X31.796 Y161.079 E.31016
G1 X31.796 Y161.613 F9000
G1 F3000
G1 X38.387 Y168.204 E.28691
G1 X37.852 Y168.204 F9000
G1 F3000
G1 X31.796 Y162.148 E.26365
G1 X31.796 Y162.682 F9000
G1 F3000
G1 X37.318 Y168.204 E.2404
G1 X36.784 Y168.204 F9000
G1 F3000
G1 X31.796 Y163.216 E.21714
G1 X31.796 Y163.75 F9000
G1 F3000
G1 X36.25 Y168.204 E.19389
G1 X35.716 Y168.204 F9000
G1 F3000
G1 X31.796 Y164.284 E.17063
G1 X31.796 Y164.819 F9000
G1 F3000
G1 X35.181 Y168.204 E.14738
G1 X34.647 Y168.204 F9000
G1 F3000
G1 X31.796 Y165.353 E.12412
G1 X31.796 Y165.887 F9000
G1 F3000
G1 X34.113 Y168.204 E.10086
G1 X33.579 Y168.204 F9000
G1 F3000
G1 X31.796 Y166.421 E.07761
G1 X31.796 Y166.955 F9000
G1 F3000
G1 X33.045 Y168.204 E.05435
; stop printing object Object_1 id:94613208297312 copy 0
;LAYER_CHANGE
;Z:1.2
;HEIGHT:0.2
;BEFORE_LAYER_CHANGE
;1.2
G92 E0

G1 E-.84 F2400
;WIPE_START
G1 F3000
G1 X32.337 Y167.497 E-.36
;WIPE_END
;_SET_FAN_SPEED_CHANGING_LAYER
; printing object Object_1 id:94613208297312 copy 0
G1 F9000
G1 X31.3577 Y167.891 Z1.25714
G1 X30.4387 Y167.371 Z1.31429
G1 X30.2722 Y166.328 Z1.37143
G1 X30.9838 Y165.548 Z1.42857
G1 X32.0375 Y165.618 Z1.48571
G1 X32.6399 Y166.485 Z1.54286
G1 X32.3374 Y167.497 Z1.6
G1 X30.624 Y169.376 Z1.6
G1 Z1.2
G1 E1.2 F1800
M204 P2000
;TYPE:Inner wall
;WIDTH:0.449999
G1 F5400
G1 X30.624 Y50.624 E3.93925
G1 X189.376 Y50.624 E5.26612
G1 X189.376 Y169.376 E3.93925
G1 X30.664 Y169.376 E5.26479
M204 T1000
G1 X30.21 Y169.79 F9000
M204 P1000
;TYPE:Outer wall
;WIDTH:0.419999
G1 F3600
G1 X30.21 Y50.21 E3.67435
G1 X189.79 Y50.21 E4.90344
G1 X189.79 Y169.79 E3.67435
G1 X30.25 Y169.79 E4.90221
M204 T2500
G1 E-.84 F2400
;WIPE_START
G1 F3600
G1 X30.25 Y168.79 E-.36
;WIPE_END
G1 F9000
G1 X31.2046 Y169.241 Z1.25714
G1 X31.4474 Y170.269 Z1.31429
G1 X30.7952 Y171.099 Z1.37143
G1 X29.7392 Y171.107 Z1.42857
G1 X29.0745 Y170.287 Z1.48571
G1 X29.3017 Y169.255 Z1.54286
G1 X30.2497 Y168.79 Z1.6
G1 X187.956 Y167.592 Z1.6
G1 Z1.2
G1 E1.2 F1800
M204 P2000
;TYPE:Inner wall
;WIDTH:0.449999
G1 F5400
G1 X187.993 Y167.521 E.00266
G1 X188.001 Y167.421 E.00334
G1 X188.001 Y52.579 E3.80949
G1 X187.831 Y52.169 E.01474
G1 X187.421 Y51.999 E.01474
G1 X32.496 Y51.999 E5.13913
G1 X32.169 Y52.169 E.01223
G1 X31.999 Y52.579 E.01474
G1 X31.999 Y167.504 E3.81226
G1 X32.169 Y167.831 E.01223
G1 X32.579 Y168.001 E.01474
G1 X187.504 Y168.001 E5.13913
G1 X187.831 Y167.831 E.01223
G1 X187.937 Y167.628 E.00762
M204 T1000
G1 X187.585 Y167.45 F9000
M204 P1000
;TYPE:Outer wall
;WIDTH:0.419999
G1 F3600
G1 X187.588 Y52.579 E3.52964
G1 X187.539 Y52.461 E.00393
G1 X187.421 Y52.412 E.00393
G1 X32.579 Y52.412 E4.75783
G1 X32.461 Y52.461 E.00393
G1 X32.412 Y52.579 E.00393
G1 X32.412 Y167.421 E3.52875
G1 X32.461 Y167.539 E.00393
G1 X32.579 Y167.588 E.00393
G1 X187.421 Y167.588 E4.75783
G1 X187.539 Y167.539 E.00393
G1 X187.567 Y167.485 E.00186
M204 T2500
G1 E-.84 F2400
;WIPE_START
G1 F3600
G1 X187.567 Y166.485 E-.36
;WIPE_END
G1 F9000
G1 X186.594 Y166.074 Z1.25714
G1 X186.31 Y165.057 Z1.31429
G1 X186.927 Y164.2 Z1.37143
G1 X187.982 Y164.149 Z1.42857
G1 X188.68 Y164.941 Z1.48571
G1 X188.495 Y165.981 Z1.54286
G1 X187.567 Y166.485 Z1.6
G1 X149.251 Y168.347 Z1.6
G1 Z1.2
G1 E1.2 F1800
M204 P2500
;TYPE:Sparse infill
;WIDTH:0.45
G1 F10800
G1 X147.622 Y168.347 E.05401
G1 X148.305 Y169.03 E.03205
G1 X152.45 Y169.03 E.1375
G1 X151.767 Y168.347 E.03205
G1 X155.912 Y168.347 E.1375
G1 X156.595 Y169.03 E.03205
G1 X160.74 Y169.03 E.1375
G1 X160.057 Y168.347 E.03205
G1 X164.202 Y168.347 E.1375
G1 X164.885 Y169.03 E.03205
G1 X169.03 Y169.03 E.1375
G1 X168.347 Y168.347 E.03205
G1 X172.492 Y168.347 E.1375
G1 X173.175 Y169.03 E.03205
G1 X177.32 Y169.03 E.1375
G1 X176.637 Y168.347 E.03205
G1 X180.782 Y168.347 E.1375
G1 X181.466 Y169.03 E.03205
G1 X185.611 Y169.03 E.1375
G1 X184.927 Y168.347 E.03205
G1 X187.427 Y168.347 E.08291
G1 X187.597 Y168.333 E.00566
G1 X188.081 Y168.081 E.0181
G1 X188.329 Y167.604 E.01784
G1 X189.03 Y168.305 E.03291
G1 X189.03 Y164.16 E.1375
G1 X188.347 Y163.477 E.03205
G1 X188.347 Y159.332 E.1375
G1 X189.03 Y160.015 E.03205
G1 X189.03 Y155.87 E.1375
G1 X188.347 Y155.187 E.03205
G1 X188.347 Y151.042 E.1375
G1 X189.03 Y151.725 E.03205
G1 X189.03 Y147.58 E.1375
G1 X188.347 Y146.897 E.03205
G1 X188.347 Y142.752 E.1375
G1 X189.03 Y143.435 E.03205
G1 X189.03 Y139.29 E.1375
G1 X188.347 Y138.607 E.03205
G1 X188.347 Y134.462 E.1375
G1 X189.03 Y135.145 E.03205
G1 X189.03 Y131 E.1375
G1 X188.347 Y130.317 E.03205
G1 X188.347 Y126.172 E.1375
G1 X189.03 Y126.855 E.03205
G1 X189.03 Y122.71 E.1375
G1 X188.347 Y122.027 E.03205
G1 X188.347 Y117.882 E.1375
G1 X189.03 Y118.565 E.03205
G1 X189.03 Y114.42 E.1375
G1 X188.347 Y113.737 E.03205
G1 X188.347 Y112.109 E.05401
G1 X189.03 Y111.903 F9000
G1 F10800
G1 X189.03 Y110.275 E.05401
G1 X188.347 Y109.592 E.03205
G1 X188.347 Y105.447 E.1375
G1 X189.03 Y106.13 E.03205
G1 X189.03 Y107.758 E.05401
G1 X188.347 Y99.674 F9000
G1 F10800
G1 X188.347 Y101.302 E.05401
G1 X189.03 Y101.985 E.03205
G1 X189.03 Y97.84 E.1375
G1 X188.347 Y97.157 E.03205
G1 X188.347 Y93.012 E.1375
G1 X189.03 Y93.695 E.03205
G1 X189.03 Y89.55 E.1375
G1 X188.347 Y88.867 E.03205
G1 X188.347 Y84.722 E.1375
G1 X189.03 Y85.405 E.03205
G1 X189.03 Y81.26 E.1375
G1 X188.347 Y80.577 E.03205
G1 X188.347 Y76.432 E.1375
G1 X189.03 Y77.115 E.03205
G1 X189.03 Y78.743 E.05401
G1 X188.347 Y70.658 F9000
G1 F10800
G1 X188.347 Y72.287 E.05401
G1 X189.03 Y72.97 E.03205
G1 X189.03 Y68.825 E.1375
G1 X188.347 Y68.142 E.03205
G1 X188.347 Y66.513 E.05401
G1 X189.03 Y66.308 F9000
G1 F10800
G1 X189.03 Y64.68 E.05401
G1 X188.347 Y63.997 E.03205
G1 X188.347 Y59.852 E.1375
G1 X189.03 Y60.535 E.03205
G1 X189.03 Y62.163 E.05401
G1 X188.347 Y54.078 F9000
G1 F10800
G1 X188.347 Y55.707 E.05401
G1 X189.03 Y56.39 E.03205
G1 X189.03 Y52.245 E.1375
G1 X187.755 Y50.97 E.05982
G1 X183.61 Y50.97 E.1375
G1 X184.293 Y51.653 E.03205
G1 X180.148 Y51.653 E.1375
G1 X179.465 Y50.97 E.03205
G1 X175.32 Y50.97 E.1375
G1 X176.003 Y51.653 E.03205
G1 X171.858 Y51.653 E.1375
G1 X171.175 Y50.97 E.03205
G1 X167.03 Y50.97 E.1375
G1 X167.713 Y51.653 E.03205
G1 X163.568 Y51.653 E.1375
G1 X162.885 Y50.97 E.03205
G1 X158.74 Y50.97 E.1375
G1 X159.423 Y51.653 E.03205
G1 X155.278 Y51.653 E.1375
G1 X154.595 Y50.97 E.03205
G1 X150.45 Y50.97 E.1375
G1 X151.133 Y51.653 E.03205
G1 X146.988 Y51.653 E.1375
G1 X146.305 Y50.97 E.03205
G1 X147.933 Y50.97 E.05401
G1 X144.471 Y51.653 F9000
G1 F10800
G1 X142.843 Y51.653 E.05401
G1 X142.16 Y50.97 E.03205
G1 X138.015 Y50.97 E.1375
G1 X138.698 Y51.653 E.03205
G1 X137.07 Y51.653 E.05401
G1 X135.498 Y50.97 F9000
G1 F10800
G1 X133.87 Y50.97 E.05401
G1 X134.553 Y51.653 E.03205
G1 X130.408 Y51.653 E.1375
G1 X129.725 Y50.97 E.03205
G1 X125.58 Y50.97 E.1375
G1 X126.263 Y51.653 E.03205
G1 X122.118 Y51.653 E.1375
G1 X121.435 Y50.97 E.03205
G1 X117.29 Y50.97 E.1375
G1 X117.973 Y51.653 E.03205
G1 X116.345 Y51.653 E.05401
G1 X114.773 Y50.97 F9000
G1 F10800
G1 X113.145 Y50.97 E.05401
G1 X113.828 Y51.653 E.03205
G1 X109.683 Y51.653 E.1375
G1 X109 Y50.97 E.03205
G1 X104.855 Y50.97 E.1375
G1 X105.538 Y51.653 E.03205
G1 X101.393 Y51.653 E.1375
G1 X100.71 Y50.97 E.03205
G1 X96.565 Y50.97 E.1375
G1 X97.248 Y51.653 E.03205
G1 X93.103 Y51.653 E.1375
G1 X92.42 Y50.97 E.03205
G1 X88.275 Y50.97 E.1375
G1 X88.958 Y51.653 E.03205
G1 X84.813 Y51.653 E.1375
G1 X84.13 Y50.97 E.03205
G1 X79.985 Y50.97 E.1375
G1 X80.668 Y51.653 E.03205
G1 X76.523 Y51.653 E.1375
G1 X75.84 Y50.97 E.03205
G1 X77.468 Y50.97 E.05401
G1 X70.749 Y51.653 F9000
G1 F10800
G1 X72.378 Y51.653 E.05401
G1 X71.695 Y50.97 E.03205
G1 X67.55 Y50.97 E.1375
G1 X68.233 Y51.653 E.03205
G1 X64.088 Y51.653 E.1375
G1 X63.405 Y50.97 E.03205
G1 X59.26 Y50.97 E.1375
G1 X59.943 Y51.653 E.03205
G1 X55.798 Y51.653 E.1375
G1 X55.115 Y50.97 E.03205
G1 X50.97 Y50.97 E.1375
G1 X51.653 Y51.653 E.03205
G1 X47.508 Y51.653 E.1375
G1 X46.825 Y50.97 E.03205
G1 X48.453 Y50.97 E.05401
G1 X41.734 Y51.653 F9000
G1 F10800
G1 X43.363 Y51.653 E.05401
G1 X42.68 Y50.97 E.03205
G1 X38.534 Y50.97 E.1375
G1 X39.218 Y51.653 E.03205
G1 X37.589 Y51.653 E.05401
G1 X36.018 Y50.97 F9000
G1 F10800
G1 X34.389 Y50.97 E.05401
G1 X35.073 Y51.653 E.03205
G1 X32.573 Y51.653 E.08291
G1 X32.403 Y51.667 E.00566
G1 X31.913 Y51.922 E.01833
G1 X31.703 Y52.429 E.01817
G1 X30.97 Y51.695 E.03443
G1 X30.97 Y55.84 E.1375
G1 X31.653 Y56.523 E.03205
G1 X31.653 Y60.668 E.1375
G1 X30.97 Y59.985 E.03205
G1 X30.97 Y64.13 E.1375
G1 X31.653 Y64.813 E.03205
G1 X31.653 Y66.441 E.05401
G1 X30.97 Y66.646 F9000
G1 F10800
G1 X30.97 Y68.275 E.05401
G1 X31.653 Y68.958 E.03205
G1 X31.653 Y73.103 E.1375
G1 X30.97 Y72.42 E.03205
G1 X30.97 Y76.565 E.1375
G1 X31.653 Y77.248 E.03205
G1 X31.653 Y78.876 E.05401
G1 X30.97 Y79.081 F9000
G1 F10800
G1 X30.97 Y80.71 E.05401
G1 X31.653 Y81.393 E.03205
G1 X31.653 Y85.538 E.1375
G1 X30.97 Y84.855 E.03205
G1 X30.97 Y89 E.1375
G1 X31.653 Y89.683 E.03205
G1 X31.653 Y93.828 E.1375
G1 X30.97 Y93.145 E.03205
G1 X30.97 Y97.29 E.1375
G1 X31.653 Y97.973 E.03205
G1 X31.653 Y102.118 E.1375
G1 X30.97 Y101.435 E.03205
G1 X30.97 Y105.58 E.1375
G1 X31.653 Y106.263 E.03205
G1 X31.653 Y107.891 E.05401
G1 X30.97 Y108.097 F9000
G1 F10800
G1 X30.97 Y109.725 E.05401
G1 X31.653 Y110.408 E.03205
G1 X31.653 Y114.553 E.1375
G1 X30.97 Y113.87 E.03205
G1 X30.97 Y118.015 E.1375
G1 X31.653 Y118.698 E.03205
G1 X31.653 Y122.843 E.1375
G1 X30.97 Y122.16 E.03205
G1 X30.97 Y126.305 E.1375
G1 X31.653 Y126.988 E.03205
G1 X31.653 Y131.133 E.1375
G1 X30.97 Y130.45 E.03205
G1 X30.97 Y134.595 E.1375
G1 X31.653 Y135.278 E.03205
G1 X31.653 Y139.423 E.1375
G1 X30.97 Y138.74 E.03205
G1 X30.97 Y137.112 E.05401
G1 X31.653 Y145.197 F9000
G1 F10800
G1 X31.653 Y143.568 E.05401
G1 X30.97 Y142.885 E.03205
G1 X30.97 Y147.03 E.1375
G1 X31.653 Y147.713 E.03205
G1 X31.653 Y151.858 E.1375
G1 X30.97 Y151.175 E.03205
G1 X30.97 Y152.804 E.05401
G1 X31.653 Y154.375 F9000
G1 F10800
G1 X31.653 Y156.003 E.05401
G1 X30.97 Y155.32 E.03205
G1 X30.97 Y159.465 E.1375
G1 X31.653 Y160.148 E.03205
G1 X31.653 Y164.293 E.1375
G1 X30.97 Y163.61 E.03205
G1 X30.97 Y167.755 E.1375
G1 X32.245 Y169.03 E.05982
G1 X36.39 Y169.03 E.1375
G1 X35.707 Y168.347 E.03205
G1 X39.852 Y168.347 E.1375
G1 X40.535 Y169.03 E.03205
G1 X44.68 Y169.03 E.1375
G1 X43.997 Y168.347 E.03205
G1 X48.142 Y168.347 E.1375
G1 X48.825 Y169.03 E.03205
G1 X47.196 Y169.03 E.05401
G1 X53.915 Y168.347 F9000
G1 F10800
G1 X52.287 Y168.347 E.05401
G1 X52.97 Y169.03 E.03205
G1 X57.115 Y169.03 E.1375
G1 X56.432 Y168.347 E.03205
G1 X60.577 Y168.347 E.1375
G1 X61.26 Y169.03 E.03205
G1 X65.405 Y169.03 E.1375
G1 X64.722 Y168.347 E.03205
G1 X68.867 Y168.347 E.1375
G1 X69.55 Y169.03 E.03205
G1 X73.695 Y169.03 E.1375
G1 X73.012 Y168.347 E.03205
G1 X74.64 Y168.347 E.05401
G1 X76.212 Y169.03 F9000
G1 F10800
G1 X77.84 Y169.03 E.05401
G1 X77.157 Y168.347 E.03205
G1 X81.302 Y168.347 E.1375
G1 X81.985 Y169.03 E.03205
G1 X80.357 Y169.03 E.05401
G1 X87.075 Y168.347 F9000
G1 F10800
G1 X85.447 Y168.347 E.05401
G1 X86.13 Y169.03 E.03205
G1 X90.275 Y169.03 E.1375
G1 X89.592 Y168.347 E.03205
G1 X93.737 Y168.347 E.1375
G1 X94.42 Y169.03 E.03205
G1 X98.565 Y169.03 E.1375
G1 X97.882 Y168.347 E.03205
G1 X102.027 Y168.347 E.1375
G1 X102.71 Y169.03 E.03205
G1 X106.855 Y169.03 E.1375
G1 X106.172 Y168.347 E.03205
G1 X110.317 Y168.347 E.1375
G1 X111 Y169.03 E.03205
G1 X109.372 Y169.03 E.05401
G1 X116.09 Y168.347 F9000
G1 F10800
G1 X114.462 Y168.347 E.05401
G1 X115.145 Y169.03 E.03205
G1 X119.29 Y169.03 E.1375
G1 X118.607 Y168.347 E.03205
G1 X122.752 Y168.347 E.1375
G1 X123.435 Y169.03 E.03205
G1 X127.58 Y169.03 E.1375
G1 X126.897 Y168.347 E.03205
G1 X131.042 Y168.347 E.1375
G1 X131.725 Y169.03 E.03205
G1 X135.87 Y169.03 E.1375
G1 X135.187 Y168.347 E.03205
G1 X136.815 Y168.347 E.05401
G1 X138.387 Y169.03 F9000
G1 F10800
G1 X140.015 Y169.03 E.05401
G1 X139.332 Y168.347 E.03205
G1 X143.477 Y168.347 E.1375
G1 X144.16 Y169.03 E.03205
G1 X142.532 Y169.03 E.05401
; stop printing object Object_1 id:94613208297312 copy 0
;LAYER_CHANGE
;Z:1.4
;HEIGHT:0.2
;BEFORE_LAYER_CHANGE
;1.4
G92 E0

G1 E-.97778 F2400
;WIPE_START
G1 F10800
G1 X143.532 Y169.03 E-.22222
;WIPE_END
;_SET_FAN_SPEED_CHANGING_LAYER
; printing object Object_1 id:94613208297312 copy 0
G1 F9000
G1 X142.579 Y168.575 Z1.45714
G1 X142.341 Y167.546 Z1.51429
G1 X142.997 Y166.719 Z1.57143
G1 X144.053 Y166.715 Z1.62857
G1 X144.714 Y167.539 Z1.68571
G1 X144.482 Y168.569 Z1.74286
G1 X143.532 Y169.03 Z1.8
G1 X30.624 Y169.376 Z1.8
G1 Z1.4
G1 E1.2 F1800
M204 P2000
;TYPE:Inner wall
;WIDTH:0.449999
G1 F5400
G1 X30.624 Y50.624 E3.93925
G1 X189.376 Y50.624 E5.26612
G1 X189.376 Y169.376 E3.93925
G1 X30.664 Y169.376 E5.26479
M204 T1000
G1 X30.21 Y169.79 F9000
M204 P1000
;TYPE:Outer wall
;WIDTH:0.419999
G1 F3600
G1 X30.21 Y50.21 E3.67435
G1 X189.79 Y50.21 E4.90344
G1 X189.79 Y169.79 E3.67435
G1 X30.25 Y169.79 E4.90221
M204 T2500
G1 E-.84 F2400
;WIPE_START
G1 F3600
G1 X30.25 Y168.79 E-.36
;WIPE_END
G1 F9000
G1 X31.3019 Y168.7 Z1.45714
G1 X32.0282 Y169.467 Z1.51429
G1 X31.8817 Y170.513 Z1.57143
G1 X30.9727 Y171.05 Z1.62857
G1 X29.9857 Y170.675 Z1.68571
G1 X29.6639 Y169.669 Z1.74286
G1 X30.2497 Y168.79 Z1.8
G1 X32.6 Y167.4 Z1.8
G1 Z1.4
G1 E1.2 F1800
M204 P2000
;TYPE:Inner wall
;WIDTH:0.449999
G1 F2400
G1 X32.78 Y167.523 E.00723
G1 F5400
G1 X33.01 Y167.57 E.00779
G1 X186.99 Y167.57 E5.10779
G1 X187.22 Y167.523 E.00779
G1 F2400
G1 X187.4 Y167.4 E.00723
G1 X187.523 Y167.22 E.00723
G1 F5400
G1 X187.57 Y166.99 E.00779
G1 X187.57 Y53.01 E3.78092
G1 X187.523 Y52.78 E.00779
G1 F2400
G1 X187.4 Y52.6 E.00723
G1 X187.22 Y52.477 E.00723
G1 F5400
G1 X186.99 Y52.43 E.00779
G1 X33.01 Y52.43 E5.10779
G1 X32.78 Y52.477 E.00779
G1 F2400
G1 X32.6 Y52.6 E.00723
G1 X32.477 Y52.78 E.00723
G1 F5400
G1 X32.43 Y53.01 E.00779
G1 X32.43 Y166.99 E3.78092
G1 X32.477 Y167.22 E.00779
G1 F2880
G1 X32.577 Y167.367 E.0059
M204 T500
G1 X32.892 Y167.108 F9000
M204 P500
;TYPE:Overhang wall
;WIDTH:0.419999
G1 F6000
G1 X33.01 Y167.157 E.00393
G1 X187.045 Y167.157 E4.73306
G1 X187.154 Y167.019 E.00541
G1 X187.157 Y53.01 E3.50316
G1 X187.108 Y52.892 E.00393
G1 X186.99 Y52.843 E.00393
G1 X33.01 Y52.843 E4.73136
G1 X32.892 Y52.892 E.00393
G1 X32.843 Y53.01 E.00393
G1 X32.843 Y166.99 E3.50227
G1 X32.877 Y167.071 E.0027
M204 T2500
G1 X33.01 Y167.998 F9000
M204 P2500
;TYPE:Internal solid infill
;WIDTH:0.491926
G1 F10800
M106 S255
G1 X186.99 Y167.998 E5.63385
;WIDTH:0.510485
G1 X187.148 Y167.978 E.00607
;WIDTH:0.547602
G1 X187.306 Y167.958 E.00655
;WIDTH:0.58472
G1 F10170.194
G1 X187.464 Y167.938 E.00703
;WIDTH:0.612973
G1 F9666.135
G1 X187.772 Y167.733 E.0172
G1 X187.955 Y167.407 E.01736
;WIDTH:0.556378
G1 F10731.558
G1 X187.977 Y167.199 E.00878
;WIDTH:0.491764
G1 F10800
G1 X187.998 Y166.99 E.00768
G1 X187.998 Y53.01 E4.16881
;WIDTH:0.510497
G1 X187.98 Y52.819 E.00732
;WIDTH:0.547655
G1 X187.961 Y52.628 E.0079
;WIDTH:0.586282
G1 F10140.945
G1 X187.86 Y52.436 E.00962
;WIDTH:0.611301
G1 F9694.571
G1 X187.759 Y52.243 E.01006
G1 X187.354 Y52.036 E.02107
;WIDTH:0.544309
G1 F10800
G1 X187.172 Y52.019 E.00747
;WIDTH:0.491947
G1 X186.99 Y52.002 E.00669
G1 X33.01 Y52.002 E5.63411
;WIDTH:0.511706
G1 X32.845 Y52.025 E.00638
;WIDTH:0.551264
G1 X32.68 Y52.049 E.00691
;WIDTH:0.590823
G1 F10056.903
G1 X32.514 Y52.073 E.00745
;WIDTH:0.606766
G1 F9772.537
G1 X32.214 Y52.291 E.01708
G1 X32.036 Y52.646 E.01824
;WIDTH:0.544302
G1 F10800
G1 X32.019 Y52.828 E.00747
;WIDTH:0.491948
G1 X32.002 Y53.01 E.00669
G1 X32.002 Y166.99 E4.17052
;WIDTH:0.511701
G1 X32.025 Y167.155 E.00638
;WIDTH:0.551261
G1 X32.049 Y167.32 E.00691
;WIDTH:0.590822
G1 F10056.921
G1 X32.073 Y167.486 E.00745
;WIDTH:0.60677
G1 F9772.468
G1 X32.291 Y167.786 E.01708
G1 X32.646 Y167.964 E.01824
;WIDTH:0.544309
G1 F10800
G1 X32.808 Y167.979 E.00665
;WIDTH:0.526848
G1 X32.97 Y167.995 E.00642
G1 E-1.16383 F2400
;WIPE_START
G1 F10800
G1 X32.808 Y167.979 E-.03617
;WIPE_END
G1 F9000
G1 X33.2285 Y167.01 Z1.45714
G1 X34.248 Y166.735 Z1.51429
G1 X35.0991 Y167.36 Z1.57143
G1 X35.1409 Y168.415 Z1.62857
G1 X34.342 Y169.106 Z1.68571
G1 X33.3039 Y168.912 Z1.74286
G1 X32.8084 Y167.979 Z1.8
G1 X31.574 Y136.827 Z1.8
G1 Z1.4
G1 E1.2 F1800
;TYPE:Sparse infill
;WIDTH:0.45
G1 F10800
G1 X31.574 Y135.199 E.05401
G1 X30.97 Y134.595 E.02833
G1 X30.97 Y138.74 E.1375
G1 X31.574 Y139.344 E.02833
G1 X31.574 Y143.489 E.1375
G1 X30.97 Y142.885 E.02833
G1 X30.97 Y147.03 E.1375
G1 X31.574 Y147.634 E.02833
G1 X31.574 Y151.779 E.1375
G1 X30.97 Y151.175 E.02833
G1 X30.97 Y155.32 E.1375
G1 X31.574 Y155.924 E.02833
G1 X31.574 Y160.069 E.1375
G1 X30.97 Y159.465 E.02833
G1 X30.97 Y163.61 E.1375
G1 X31.574 Y164.214 E.02833
G1 X31.574 Y165.843 E.05401
G1 X30.97 Y166.127 F9000
G1 F10800
G1 X30.97 Y167.755 E.05401
G1 X32.245 Y169.03 E.05982
G1 X36.39 Y169.03 E.1375
G1 X35.786 Y168.427 E.02833
G1 X39.931 Y168.427 E.1375
G1 X40.535 Y169.03 E.02833
G1 X38.906 Y169.03 E.05401
G1 X42.448 Y168.427 F9000
G1 F10800
G1 X44.076 Y168.427 E.05401
G1 X44.68 Y169.03 E.02833
G1 X48.825 Y169.03 E.1375
G1 X48.221 Y168.427 E.02833
G1 X52.366 Y168.427 E.1375
G1 X52.97 Y169.03 E.02833
G1 X51.342 Y169.03 E.05401
G1 X58.139 Y168.426 F9000
G1 F10800
G1 X56.511 Y168.427 E.05401
G1 X57.115 Y169.03 E.02833
G1 X61.26 Y169.03 E.1375
G1 X60.656 Y168.427 E.02833
G1 X64.801 Y168.427 E.1375
G1 X65.405 Y169.03 E.02833
G1 X69.55 Y169.03 E.1375
G1 X68.946 Y168.427 E.02833
G1 X73.091 Y168.427 E.1375
G1 X73.695 Y169.03 E.02833
G1 X77.84 Y169.03 E.1375
G1 X77.236 Y168.427 E.02833
G1 X81.381 Y168.427 E.1375
G1 X81.985 Y169.03 E.02833
G1 X83.613 Y169.03 E.05401
G1 X87.154 Y168.426 F9000
G1 F10800
G1 X85.526 Y168.427 E.05401
G1 X86.13 Y169.03 E.02833
G1 X90.275 Y169.03 E.1375
G1 X89.671 Y168.427 E.02833
G1 X93.816 Y168.427 E.1375
G1 X94.42 Y169.03 E.02833
G1 X98.565 Y169.03 E.1375
G1 X97.961 Y168.427 E.02833
G1 X102.106 Y168.427 E.1375
G1 X102.71 Y169.03 E.02833
G1 X106.855 Y169.03 E.1375
G1 X106.251 Y168.427 E.02833
G1 X110.396 Y168.427 E.1375
G1 X111 Y169.03 E.02833
G1 X112.628 Y169.03 E.05401
G1 X116.17 Y168.426 F9000
G1 F10800
G1 X114.541 Y168.427 E.05401
G1 X115.145 Y169.03 E.02833
G1 X119.29 Y169.03 E.1375
G1 X118.686 Y168.427 E.02833
G1 X120.315 Y168.426 E.05401
G1 X121.807 Y169.03 F9000
G1 F10800
G1 X123.435 Y169.03 E.05401
G1 X122.831 Y168.427 E.02833
G1 X126.976 Y168.427 E.1375
G1 X127.58 Y169.03 E.02833
G1 X131.725 Y169.03 E.1375
G1 X131.121 Y168.427 E.02833
G1 X135.266 Y168.427 E.1375
G1 X135.87 Y169.03 E.02833
G1 X140.015 Y169.03 E.1375
G1 X139.411 Y168.427 E.02833
G1 X143.556 Y168.427 E.1375
G1 X144.16 Y169.03 E.02833
G1 X148.305 Y169.03 E.1375
G1 X147.701 Y168.427 E.02833
G1 X149.33 Y168.426 E.05401
G1 X150.822 Y169.03 F9000
G1 F10800
G1 X152.45 Y169.03 E.05401
G1 X151.846 Y168.427 E.02833
G1 X155.991 Y168.427 E.1375
G1 X156.595 Y169.03 E.02833
G1 X160.74 Y169.03 E.1375
G1 X160.136 Y168.427 E.02833
G1 X164.281 Y168.427 E.1375
G1 X164.885 Y169.03 E.02833
G1 X169.03 Y169.03 E.1375
G1 X168.426 Y168.427 E.02833
G1 X172.572 Y168.426 E.1375
G1 X173.175 Y169.03 E.02833
G1 X177.32 Y169.03 E.1375
G1 X176.717 Y168.427 E.02833
G1 X180.862 Y168.427 E.1375
G1 X181.466 Y169.03 E.02833
G1 X185.611 Y169.03 E.1375
G1 X185.007 Y168.427 E.02833
G1 X187.421 Y168.427 E.0801
G1 X187.578 Y168.414 E.00522
G1 X187.656 Y168.391 E.00269
G1 X188.081 Y168.17 E.01587
G1 X188.17 Y168.081 E.00421
G1 X188.388 Y167.662 E.01563
G1 X189.03 Y168.305 E.03016
G1 X189.03 Y164.16 E.1375
G1 X188.426 Y163.556 E.02833
G1 X188.426 Y161.928 E.05401
G1 X189.03 Y161.644 F9000
G1 F10800
G1 X189.03 Y160.015 E.05401
G1 X188.426 Y159.411 E.02833
G1 X188.426 Y155.266 E.1375
G1 X189.03 Y155.87 E.02833
G1 X189.03 Y151.725 E.1375
G1 X188.426 Y151.121 E.02833
G1 X188.426 Y146.976 E.1375
G1 X189.03 Y147.58 E.02833
G1 X189.03 Y143.435 E.1375
G1 X188.426 Y142.831 E.02833
G1 X188.426 Y138.686 E.1375
G1 X189.03 Y139.29 E.02833
G1 X189.03 Y135.145 E.1375
G1 X188.426 Y134.541 E.02833
G1 X188.426 Y130.396 E.1375
G1 X189.03 Y131 E.02833
G1 X189.03 Y126.855 E.1375
G1 X188.426 Y126.251 E.02833
G1 X188.426 Y122.106 E.1375
G1 X189.03 Y122.71 E.02833
G1 X189.03 Y118.565 E.1375
G1 X188.426 Y117.961 E.02833
G1 X188.426 Y113.816 E.1375
G1 X189.03 Y114.42 E.02833
G1 X189.03 Y110.275 E.1375
G1 X188.426 Y109.671 E.02833
G1 X188.426 Y105.526 E.1375
G1 X189.03 Y106.13 E.02833
G1 X189.03 Y101.985 E.1375
G1 X188.426 Y101.381 E.02833
G1 X188.426 Y97.236 E.1375
G1 X189.03 Y97.84 E.02833
G1 X189.03 Y96.212 E.05401
G1 X188.426 Y91.463 F9000
G1 F10800
G1 X188.426 Y93.091 E.05401
G1 X189.03 Y93.695 E.02833
G1 X189.03 Y89.55 E.1375
G1 X188.426 Y88.946 E.02833
G1 X188.426 Y84.801 E.1375
G1 X189.03 Y85.405 E.02833
G1 X189.03 Y81.26 E.1375
G1 X188.426 Y80.656 E.02833
G1 X188.426 Y76.511 E.1375
G1 X189.03 Y77.115 E.02833
G1 X189.03 Y72.97 E.1375
G1 X188.426 Y72.366 E.02833
G1 X188.426 Y70.738 E.05401
G1 X189.03 Y67.196 F9000
G1 F10800
G1 X189.03 Y68.825 E.05401
G1 X188.426 Y68.221 E.02833
G1 X188.426 Y64.076 E.1375
G1 X189.03 Y64.68 E.02833
G1 X189.03 Y60.535 E.1375
G1 X188.426 Y59.931 E.02833
G1 X188.426 Y55.786 E.1375
G1 X189.03 Y56.39 E.02833
G1 X189.03 Y52.245 E.1375
G1 X187.755 Y50.97 E.05982
G1 X186.127 Y50.97 E.05401
G1 X185.843 Y51.574 F9000
G1 F10800
G1 X184.214 Y51.574 E.05401
G1 X183.61 Y50.97 E.02833
G1 X179.465 Y50.97 E.1375
G1 X180.069 Y51.574 E.02833
G1 X175.924 Y51.574 E.1375
G1 X175.32 Y50.97 E.02833
G1 X171.175 Y50.97 E.1375
G1 X171.779 Y51.574 E.02833
G1 X167.634 Y51.574 E.1375
G1 X167.03 Y50.97 E.02833
G1 X162.885 Y50.97 E.1375
G1 X163.489 Y51.574 E.02833
G1 X159.344 Y51.574 E.1375
G1 X158.74 Y50.97 E.02833
G1 X154.595 Y50.97 E.1375
G1 X155.199 Y51.574 E.02833
G1 X151.054 Y51.574 E.1375
G1 X150.45 Y50.97 E.02833
G1 X146.305 Y50.97 E.1375
G1 X146.909 Y51.574 E.02833
G1 X142.764 Y51.574 E.1375
G1 X142.16 Y50.97 E.02833
G1 X138.015 Y50.97 E.1375
G1 X138.619 Y51.574 E.02833
G1 X136.991 Y51.574 E.05401
G1 X135.498 Y50.97 F9000
G1 F10800
G1 X133.87 Y50.97 E.05401
G1 X134.474 Y51.574 E.02833
G1 X130.329 Y51.574 E.1375
G1 X129.725 Y50.97 E.02833
G1 X125.58 Y50.97 E.1375
G1 X126.184 Y51.574 E.02833
G1 X122.039 Y51.574 E.1375
G1 X121.435 Y50.97 E.02833
G1 X117.29 Y50.97 E.1375
G1 X117.894 Y51.574 E.02833
G1 X116.266 Y51.574 E.05401
G1 X114.773 Y50.97 F9000
G1 F10800
G1 X113.145 Y50.97 E.05401
G1 X113.749 Y51.574 E.02833
G1 X109.604 Y51.574 E.1375
G1 X109 Y50.97 E.02833
G1 X104.855 Y50.97 E.1375
G1 X105.459 Y51.574 E.02833
G1 X101.314 Y51.574 E.1375
G1 X100.71 Y50.97 E.02833
G1 X96.565 Y50.97 E.1375
G1 X97.169 Y51.574 E.02833
G1 X93.024 Y51.574 E.1375
G1 X92.42 Y50.97 E.02833
G1 X88.275 Y50.97 E.1375
G1 X88.879 Y51.574 E.02833
G1 X84.734 Y51.574 E.1375
G1 X84.13 Y50.97 E.02833
G1 X85.758 Y50.97 E.05401
G1 X82.217 Y51.574 F9000
G1 F10800
G1 X80.589 Y51.574 E.05401
G1 X79.985 Y50.97 E.02833
G1 X75.84 Y50.97 E.1375
G1 X76.444 Y51.574 E.02833
G1 X72.299 Y51.574 E.1375
G1 X71.695 Y50.97 E.02833
G1 X67.55 Y50.97 E.1375
G1 X68.154 Y51.574 E.02833
G1 X64.009 Y51.574 E.1375
G1 X63.405 Y50.97 E.02833
G1 X59.26 Y50.97 E.1375
G1 X59.864 Y51.574 E.02833
G1 X55.719 Y51.574 E.1375
G1 X55.115 Y50.97 E.02833
G1 X50.97 Y50.97 E.1375
G1 X51.574 Y51.574 E.02833
G1 X47.428 Y51.574 E.1375
G1 X46.825 Y50.97 E.02833
G1 X42.68 Y50.97 E.1375
G1 X43.283 Y51.574 E.02833
G1 X39.138 Y51.574 E.1375
G1 X38.534 Y50.97 E.02833
G1 X34.389 Y50.97 E.1375
G1 X34.993 Y51.574 E.02833
G1 X32.579 Y51.574 E.0801
G1 X32.422 Y51.586 E.00522
G1 X32.344 Y51.609 E.00269
G1 X31.919 Y51.83 E.01587
G1 X31.821 Y51.937 E.00482
G1 X31.643 Y52.368 E.01548
G1 X30.97 Y51.695 E.03158
G1 X30.97 Y55.84 E.1375
G1 X31.574 Y56.444 E.02833
G1 X31.574 Y60.589 E.1375
G1 X30.97 Y59.985 E.02833
G1 X30.97 Y64.13 E.1375
G1 X31.574 Y64.734 E.02833
G1 X31.574 Y66.362 E.05401
G1 X30.97 Y66.646 F9000
G1 F10800
G1 X30.97 Y68.275 E.05401
G1 X31.574 Y68.879 E.02833
G1 X31.574 Y73.024 E.1375
G1 X30.97 Y72.42 E.02833
G1 X30.97 Y76.565 E.1375
G1 X31.574 Y77.169 E.02833
G1 X31.574 Y81.314 E.1375
G1 X30.97 Y80.71 E.02833
G1 X30.97 Y84.855 E.1375
G1 X31.574 Y85.459 E.02833
G1 X31.574 Y89.604 E.1375
G1 X30.97 Y89 E.02833
G1 X30.97 Y93.145 E.1375
G1 X31.574 Y93.749 E.02833
G1 X31.574 Y97.894 E.1375
G1 X30.97 Y97.29 E.02833
G1 X30.97 Y101.435 E.1375
G1 X31.574 Y102.039 E.02833
G1 X31.574 Y106.184 E.1375
G1 X30.97 Y105.58 E.02833
G1 X30.97 Y109.725 E.1375
G1 X31.574 Y110.329 E.02833
G1 X31.574 Y114.474 E.1375
G1 X30.97 Y113.87 E.02833
G1 X30.97 Y118.015 E.1375
G1 X31.574 Y118.619 E.02833
G1 X31.574 Y122.764 E.1375
G1 X30.97 Y122.16 E.02833
G1 X30.97 Y126.305 E.1375
G1 X31.574 Y126.909 E.02833
G1 X31.574 Y131.054 E.1375
G1 X30.97 Y130.45 E.02833
G1 X30.97 Y128.822 E.05401
; stop printing object Object_1 id:94613208297312 copy 0
;LAYER_CHANGE
;Z:1.6
;HEIGHT:0.2
;BEFORE_LAYER_CHANGE
;1.6
G92 E0

G1 E-.97778 F2400
;WIPE_START
G1 F10800
G1 X30.97 Y129.822 E-.22222
;WIPE_END
;_SET_FAN_SPEED_CHANGING_LAYER
; printing object Object_1 id:94613208297312 copy 0
G1 F9000
G1 X30.5031 Y130.769 Z1.65714
G1 X29.4715 Y130.995 Z1.71429
G1 X28.6516 Y130.33 Z1.77143
G1 X28.6609 Y129.274 Z1.82857
G1 X29.4922 Y128.622 Z1.88571
G1 X30.5197 Y128.866 Z1.94286
G1 X30.9696 Y129.822 Z2
G1 X30.624 Y169.376 Z2
G1 Z1.6
G1 E1.2 F1800
M204 P2000
;TYPE:Inner wall
;WIDTH:0.449999
G1 F5400
G1 X30.624 Y50.624 E3.93925
G1 X189.376 Y50.624 E5.26612
G1 X189.376 Y169.376 E3.93925
G1 X30.664 Y169.376 E5.26479
M204 T1000
G1 X30.21 Y169.79 F9000
M204 P1000
;TYPE:Outer wall
;WIDTH:0.419999
G1 F3600
G1 X30.21 Y50.21 E3.67435
G1 X189.79 Y50.21 E4.90344
G1 X189.79 Y169.79 E3.67435
G1 X30.25 Y169.79 E4.90221
M204 T2500
G1 E-.84 F2400
;WIPE_START
G1 F3600
G1 X30.25 Y168.79 E-.36
;WIPE_END
G1 F9000
G1 X31.2056 Y169.239 Z1.65714
G1 X31.4506 Y170.266 Z1.71429
G1 X30.8003 Y171.098 Z1.77143
G1 X29.7443 Y171.108 Z1.82857
G1 X29.0778 Y170.289 Z1.88571
G1 X29.3027 Y169.257 Z1.94286
G1 X30.2497 Y168.79 Z2
G1 X186.938 Y167.256 Z2
G1 Z1.6
G1 E1.2 F1800
M204 P2000
;TYPE:Inner wall
;WIDTH:0.449999
G1 F5400
G1 X186.951 Y167.253 E.00044
G1 X187.131 Y167.131 E.00722
G1 X187.253 Y166.951 E.00722
G1 X187.301 Y166.72 E.00781
G1 X187.301 Y53.28 E3.76303
G1 X187.253 Y53.049 E.00781
G1 X187.131 Y52.869 E.00722
G1 X186.951 Y52.747 E.00722
G1 X186.72 Y52.699 E.00781
G1 X33.28 Y52.699 E5.08991
G1 X33.049 Y52.747 E.00781
G1 X32.869 Y52.869 E.00722
G1 X32.747 Y53.049 E.00722
G1 X32.699 Y53.28 E.00781
G1 X32.699 Y166.72 E3.76303
G1 X32.747 Y166.951 E.00781
G1 X32.869 Y167.131 E.00722
G1 X33.049 Y167.253 E.00722
G1 X33.28 Y167.301 E.00781
G1 X186.72 Y167.301 E5.08991
G1 X186.899 Y167.264 E.00604
M204 T1000
G1 X186.776 Y166.887 F9000
M204 P1000
;TYPE:Outer wall
;WIDTH:0.419999
G1 F1020
G1 X186.885 Y166.749 E.0054
G1 X186.885 Y165.847 E.02772
G1 X186.887 Y54.179 E3.43124
G1 X186.887 Y53.28 E.02762
G1 F900
G1 X186.839 Y53.161 E.00394
G1 X186.72 Y53.113 E.00394
G1 F1020
G1 X185.821 Y53.113 E.02762
G1 X34.179 Y53.113 E4.65953
G1 X33.28 Y53.113 E.02762
G1 F900
G1 X33.161 Y53.161 E.00394
G1 X33.113 Y53.28 E.00394
G1 F1020
G1 X33.113 Y54.179 E.02762
G1 X33.113 Y165.821 E3.43044
G1 X33.113 Y166.72 E.02762
G1 F900
G1 X33.161 Y166.839 E.00394
G1 X33.28 Y166.887 E.00394
G1 F1020
G1 X34.179 Y166.887 E.02762
G1 X185.837 Y166.887 E4.66002
G1 X186.736 Y166.887 E.02762
M204 T2500
G1 X186.72 Y168.043 F9000
M204 P2500
;TYPE:Internal solid infill
;WIDTH:0.419442
G1 F10800
M106 S255
G1 X186.997 Y168.026 E.00849
;WIDTH:0.454094
G1 X187.273 Y168.009 E.00927
;WIDTH:0.49247
G1 X187.516 Y167.962 E.00909
;WIDTH:0.521145
G1 X187.783 Y167.818 E.01181
G1 X187.988 Y167.426 E.01725
;WIDTH:0.4907
G1 X188.006 Y167.208 E.00798
;WIDTH:0.455188
G1 X188.025 Y166.99 E.00735
;WIDTH:0.402051
G1 X188.043 Y166.772 E.0064
G1 X188.043 Y53.28 E3.32131
;WIDTH:0.41944
G1 X188.026 Y53.003 E.00849
;WIDTH:0.454092
G1 X188.009 Y52.727 E.00927
;WIDTH:0.481031
G1 X187.999 Y52.62 E.00384
;WIDTH:0.507637
G1 X187.804 Y52.197 E.01764
G1 X187.318 Y51.998 E.01987
;WIDTH:0.464654
G1 X187.044 Y51.977 E.00947
;WIDTH:0.402154
G1 X186.769 Y51.957 E.00806
G1 X33.28 Y51.957 E4.4931
;WIDTH:0.419442
G1 X33.003 Y51.974 E.00849
;WIDTH:0.454092
G1 X32.727 Y51.991 E.00927
;WIDTH:0.49338
G1 X32.458 Y52.051 E.01014
;WIDTH:0.512034
G1 X32.19 Y52.215 E.012
G1 X31.998 Y52.682 E.01929
;WIDTH:0.464648
G1 X31.977 Y52.956 E.00947
;WIDTH:0.402166
G1 X31.957 Y53.231 E.00806
G1 X31.957 Y166.72 E3.32229
;WIDTH:0.419441
G1 X31.974 Y166.997 E.00849
;WIDTH:0.454091
G1 X31.991 Y167.273 E.00927
;WIDTH:0.493378
G1 X32.051 Y167.542 E.01014
;WIDTH:0.512034
G1 X32.215 Y167.81 E.012
G1 X32.682 Y168.002 E.01929
;WIDTH:0.46465
G1 X32.956 Y168.023 E.00947
;WIDTH:0.402191
G1 X33.231 Y168.043 E.00806
G1 X186.68 Y168.043 E4.49239
G1 E-.97778 F2400
;WIPE_START
G1 F10800
G1 X185.68 Y168.043 E-.22222
;WIPE_END
G1 F9000
G1 X185.193 Y167.106 Z1.65714
G1 X185.622 Y166.141 Z1.71429
G1 X186.644 Y165.875 Z1.77143
G1 X187.489 Y166.507 Z1.82857
G1 X187.522 Y167.563 Z1.88571
G1 X186.717 Y168.247 Z1.94286
G1 X185.68 Y168.043 Z2
G1 X32.316 Y53.28 Z2
G1 Z1.6
G1 E1.2 F1800
;WIDTH:0.425789
G1 F10800
G1 X32.359 Y53.043 E.00751
;WIDTH:0.465591
G1 X32.403 Y52.806 E.00829
;WIDTH:0.499487
G1 X32.591 Y52.528 E.0125
G1 X32.848 Y52.383 E.01097
;WIDTH:0.454092
G1 X33.064 Y52.349 E.00732
;WIDTH:0.402141
G1 X33.28 Y52.316 E.0064
G1 X186.72 Y52.316 E4.49151
;WIDTH:0.422962
G1 X186.957 Y52.359 E.00746
;WIDTH:0.464654
G1 X187.194 Y52.403 E.00828
;WIDTH:0.487531
G1 X187.47 Y52.593 E.01213
G1 X187.634 Y52.928 E.01353
;WIDTH:0.402074
G1 X187.684 Y53.28 E.01039
G1 X187.684 Y166.72 E3.32002
;WIDTH:0.419242
G1 X187.651 Y166.936 E.0067
;WIDTH:0.453884
G1 X187.617 Y167.152 E.00732
;WIDTH:0.486347
G1 X187.529 Y167.303 E.00631
;WIDTH:0.506778
G1 X187.441 Y167.454 E.0066
G1 X187.152 Y167.617 E.01255
;WIDTH:0.454094
G1 X186.936 Y167.651 E.00732
;WIDTH:0.402141
G1 X186.72 Y167.684 E.0064
G1 X33.28 Y167.684 E4.49151
;WIDTH:0.422961
G1 X33.043 Y167.641 E.00746
;WIDTH:0.46465
G1 X32.806 Y167.597 E.00827
;WIDTH:0.499486
G1 X32.528 Y167.409 E.0125
G1 X32.383 Y167.152 E.01097
;WIDTH:0.454091
G1 X32.349 Y166.936 E.00732
;WIDTH:0.402182
G1 X32.316 Y166.72 E.0064
G1 X32.316 Y53.32 E3.31984
G1 X30.97 Y137.112 F9000
;TYPE:Sparse infill
;WIDTH:0.45
G1 F10800
G1 X30.97 Y138.74 E.05401
G1 X31.574 Y139.344 E.02833
G1 X31.574 Y135.199 E.1375
G1 X30.97 Y134.595 E.02833
G1 X30.97 Y130.45 E.1375
G1 X31.574 Y131.054 E.02833
G1 X31.574 Y126.909 E.1375
G1 X30.97 Y126.305 E.02833
G1 X30.97 Y122.16 E.1375
G1 X31.574 Y122.764 E.02833
G1 X31.574 Y118.619 E.1375
G1 X30.97 Y118.015 E.02833
G1 X30.97 Y113.87 E.1375
G1 X31.574 Y114.474 E.02833
G1 X31.574 Y110.329 E.1375
G1 X30.97 Y109.725 E.02833
G1 X30.97 Y108.097 E.05401
G1 X31.574 Y107.812 F9000
G1 F10800
G1 X31.574 Y106.184 E.05401
G1 X30.97 Y105.58 E.02833
G1 X30.97 Y101.435 E.1375
G1 X31.574 Y102.039 E.02833
G1 X31.574 Y97.894 E.1375
G1 X30.97 Y97.29 E.02833
G1 X30.97 Y93.145 E.1375
G1 X31.574 Y93.749 E.02833
G1 X31.574 Y89.604 E.1375
G1 X30.97 Y89 E.02833
G1 X30.97 Y84.855 E.1375
G1 X31.574 Y85.459 E.02833
G1 X31.574 Y81.314 E.1375
G1 X30.97 Y80.71 E.02833
G1 X30.97 Y79.081 E.05401
G1 X31.574 Y78.797 F9000
G1 F10800
G1 X31.574 Y77.169 E.05401
G1 X30.97 Y76.565 E.02833
G1 X30.97 Y72.42 E.1375
G1 X31.574 Y73.024 E.02833
G1 X31.574 Y68.879 E.1375
G1 X30.97 Y68.275 E.02833
G1 X30.97 Y64.13 E.1375
G1 X31.574 Y64.734 E.02833
G1 X31.574 Y60.589 E.1375
G1 X30.97 Y59.985 E.02833
G1 X30.97 Y61.613 E.05401
G1 X31.574 Y58.072 F9000
G1 F10800
G1 X31.574 Y56.444 E.05401
G1 X30.97 Y55.84 E.02833
G1 X30.97 Y51.695 E.1375
G1 X31.643 Y52.368 E.03158
G1 X31.821 Y51.937 E.01548
G1 X31.919 Y51.83 E.00482
G1 X32.344 Y51.609 E.01587
G1 X32.579 Y51.574 E.00787
G1 X34.993 Y51.574 E.0801
G1 X34.389 Y50.97 E.02833
G1 X36.018 Y50.97 E.05401
G1 X37.51 Y51.574 F9000
G1 F10800
G1 X39.138 Y51.574 E.05401
G1 X38.534 Y50.97 E.02833
G1 X42.68 Y50.97 E.1375
G1 X43.283 Y51.574 E.02833
G1 X41.655 Y51.574 E.05401
G1 X48.453 Y50.97 F9000
G1 F10800
G1 X46.825 Y50.97 E.05401
G1 X47.428 Y51.574 E.02833
G1 X51.574 Y51.574 E.1375
G1 X50.97 Y50.97 E.02833
G1 X55.115 Y50.97 E.1375
G1 X55.719 Y51.574 E.02833
G1 X59.864 Y51.574 E.1375
G1 X59.26 Y50.97 E.02833
G1 X63.405 Y50.97 E.1375
G1 X64.009 Y51.574 E.02833
G1 X68.154 Y51.574 E.1375
G1 X67.55 Y50.97 E.02833
G1 X69.178 Y50.97 E.05401
G1 X70.67 Y51.574 F9000
G1 F10800
G1 X72.299 Y51.574 E.05401
G1 X71.695 Y50.97 E.02833
G1 X75.84 Y50.97 E.1375
G1 X76.444 Y51.574 E.02833
G1 X80.589 Y51.574 E.1375
G1 X79.985 Y50.97 E.02833
G1 X84.13 Y50.97 E.1375
G1 X84.734 Y51.574 E.02833
G1 X88.879 Y51.574 E.1375
G1 X88.275 Y50.97 E.02833
G1 X92.42 Y50.97 E.1375
G1 X93.024 Y51.574 E.02833
G1 X97.169 Y51.574 E.1375
G1 X96.565 Y50.97 E.02833
G1 X100.71 Y50.97 E.1375
G1 X101.314 Y51.574 E.02833
G1 X105.459 Y51.574 E.1375
G1 X104.855 Y50.97 E.02833
G1 X109 Y50.97 E.1375
G1 X109.604 Y51.574 E.02833
G1 X113.749 Y51.574 E.1375
G1 X113.145 Y50.97 E.02833
G1 X114.773 Y50.97 E.05401
G1 X116.266 Y51.574 F9000
G1 F10800
G1 X117.894 Y51.574 E.05401
G1 X117.29 Y50.97 E.02833
G1 X121.435 Y50.97 E.1375
G1 X122.039 Y51.574 E.02833
G1 X126.184 Y51.574 E.1375
G1 X125.58 Y50.97 E.02833
G1 X129.725 Y50.97 E.1375
G1 X130.329 Y51.574 E.02833
G1 X134.474 Y51.574 E.1375
G1 X133.87 Y50.97 E.02833
G1 X135.498 Y50.97 E.05401
G1 X136.991 Y51.574 F9000
G1 F10800
G1 X138.619 Y51.574 E.05401
G1 X138.015 Y50.97 E.02833
G1 X142.16 Y50.97 E.1375
G1 X142.764 Y51.574 E.02833
G1 X146.909 Y51.574 E.1375
G1 X146.305 Y50.97 E.02833
G1 X150.45 Y50.97 E.1375
G1 X151.054 Y51.574 E.02833
G1 X155.199 Y51.574 E.1375
G1 X154.595 Y50.97 E.02833
G1 X156.223 Y50.97 E.05401
G1 X157.716 Y51.574 F9000
G1 F10800
G1 X159.344 Y51.574 E.05401
G1 X158.74 Y50.97 E.02833
G1 X162.885 Y50.97 E.1375
G1 X163.489 Y51.574 E.02833
G1 X167.634 Y51.574 E.1375
G1 X167.03 Y50.97 E.02833
G1 X171.175 Y50.97 E.1375
G1 X171.779 Y51.574 E.02833
G1 X175.924 Y51.574 E.1375
G1 X175.32 Y50.97 E.02833
G1 X179.465 Y50.97 E.1375
G1 X180.069 Y51.574 E.02833
G1 X184.214 Y51.574 E.1375
G1 X183.61 Y50.97 E.02833
G1 X187.755 Y50.97 E.1375
G1 X189.03 Y52.245 E.05982
G1 X189.03 Y53.873 E.05401
G1 X188.426 Y54.157 F9000
G1 F10800
G1 X188.426 Y55.786 E.05401
G1 X189.03 Y56.39 E.02833
G1 X189.03 Y60.535 E.1375
G1 X188.426 Y59.931 E.02833
G1 X188.426 Y64.076 E.1375
G1 X189.03 Y64.68 E.02833
G1 X189.03 Y68.825 E.1375
G1 X188.426 Y68.221 E.02833
G1 X188.426 Y72.366 E.1375
G1 X189.03 Y72.97 E.02833
G1 X189.03 Y77.115 E.1375
G1 X188.426 Y76.511 E.02833
G1 X188.426 Y80.656 E.1375
G1 X189.03 Y81.26 E.02833
G1 X189.03 Y85.405 E.1375
G1 X188.426 Y84.801 E.02833
G1 X188.426 Y88.946 E.1375
G1 X189.03 Y89.55 E.02833
G1 X189.03 Y93.695 E.1375
G1 X188.426 Y93.091 E.02833
G1 X188.426 Y91.463 E.05401
G1 X189.03 Y96.212 F9000
G1 F10800
G1 X189.03 Y97.84 E.05401
G1 X188.426 Y97.236 E.02833
G1 X188.426 Y101.381 E.1375
G1 X189.03 Y101.985 E.02833
G1 X189.03 Y103.613 E.05401
G1 X188.426 Y103.898 F9000
G1 F10800
G1 X188.426 Y105.526 E.05401
G1 X189.03 Y106.13 E.02833
G1 X189.03 Y110.275 E.1375
G1 X188.426 Y109.671 E.02833
G1 X188.426 Y113.816 E.1375
G1 X189.03 Y114.42 E.02833
G1 X189.03 Y118.565 E.1375
G1 X188.426 Y117.961 E.02833
G1 X188.426 Y122.106 E.1375
G1 X189.03 Y122.71 E.02833
G1 X189.03 Y124.338 E.05401
G1 X188.426 Y124.623 F9000
G1 F10800
G1 X188.426 Y126.251 E.05401
G1 X189.03 Y126.855 E.02833
G1 X189.03 Y131 E.1375
G1 X188.426 Y130.396 E.02833
G1 X188.426 Y134.541 E.1375
G1 X189.03 Y135.145 E.02833
G1 X189.03 Y139.29 E.1375
G1 X188.426 Y138.686 E.02833
G1 X188.426 Y142.831 E.1375
G1 X189.03 Y143.435 E.02833
G1 X189.03 Y147.58 E.1375
G1 X188.426 Y146.976 E.02833
G1 X188.426 Y151.121 E.1375
G1 X189.03 Y151.725 E.02833
G1 X189.03 Y153.354 E.05401
G1 X188.426 Y153.638 F9000
G1 F10800
G1 X188.426 Y155.266 E.05401
G1 X189.03 Y155.87 E.02833
G1 X189.03 Y160.015 E.1375
G1 X188.426 Y159.411 E.02833
G1 X188.426 Y163.556 E.1375
G1 X189.03 Y164.16 E.02833
G1 X189.03 Y168.305 E.1375
G1 X188.388 Y167.662 E.03016
G1 X188.17 Y168.081 E.01563
G1 X188.081 Y168.17 E.00421
G1 X187.656 Y168.391 E.01587
G1 X187.578 Y168.414 E.00269
G1 X187.421 Y168.427 E.00522
G1 X185.007 Y168.427 E.0801
G1 X185.611 Y169.03 E.02833
G1 X181.466 Y169.03 E.1375
G1 X180.862 Y168.427 E.02833
G1 X176.717 Y168.427 E.1375
G1 X177.32 Y169.03 E.02833
G1 X173.175 Y169.03 E.1375
G1 X172.572 Y168.426 E.02833
G1 X168.426 Y168.427 E.1375
G1 X169.03 Y169.03 E.02833
G1 X164.885 Y169.03 E.1375
G1 X164.281 Y168.427 E.02833
G1 X160.136 Y168.427 E.1375
G1 X160.74 Y169.03 E.02833
G1 X156.595 Y169.03 E.1375
G1 X155.991 Y168.427 E.02833
G1 X151.846 Y168.427 E.1375
G1 X152.45 Y169.03 E.02833
G1 X148.305 Y169.03 E.1375
G1 X147.701 Y168.427 E.02833
G1 X149.33 Y168.426 E.05401
G1 X142.532 Y169.03 F9000
G1 F10800
G1 X144.16 Y169.03 E.05401
G1 X143.556 Y168.427 E.02833
G1 X139.411 Y168.427 E.1375
G1 X140.015 Y169.03 E.02833
G1 X135.87 Y169.03 E.1375
G1 X135.266 Y168.427 E.02833
G1 X131.121 Y168.427 E.1375
G1 X131.725 Y169.03 E.02833
G1 X127.58 Y169.03 E.1375
G1 X126.976 Y168.427 E.02833
G1 X122.831 Y168.427 E.1375
G1 X123.435 Y169.03 E.02833
G1 X119.29 Y169.03 E.1375
G1 X118.686 Y168.427 E.02833
G1 X114.541 Y168.427 E.1375
G1 X115.145 Y169.03 E.02833
G1 X111 Y169.03 E.1375
G1 X110.396 Y168.427 E.02833
G1 X106.251 Y168.427 E.1375
G1 X106.855 Y169.03 E.02833
G1 X102.71 Y169.03 E.1375
G1 X102.106 Y168.427 E.02833
G1 X103.734 Y168.426 E.05401
G1 X96.937 Y169.03 F9000
G1 F10800
G1 X98.565 Y169.03 E.05401
G1 X97.961 Y168.427 E.02833
G1 X93.816 Y168.427 E.1375
G1 X94.42 Y169.03 E.02833
G1 X90.275 Y169.03 E.1375
G1 X89.671 Y168.427 E.02833
G1 X85.526 Y168.427 E.1375
G1 X86.13 Y169.03 E.02833
G1 X81.985 Y169.03 E.1375
G1 X81.381 Y168.427 E.02833
G1 X77.236 Y168.427 E.1375
G1 X77.84 Y169.03 E.02833
G1 X76.212 Y169.03 E.05401
G1 X74.719 Y168.426 F9000
G1 F10800
G1 X73.091 Y168.427 E.05401
G1 X73.695 Y169.03 E.02833
G1 X69.55 Y169.03 E.1375
G1 X68.946 Y168.427 E.02833
G1 X64.801 Y168.427 E.1375
G1 X65.405 Y169.03 E.02833
G1 X61.26 Y169.03 E.1375
G1 X60.656 Y168.427 E.02833
G1 X56.511 Y168.427 E.1375
G1 X57.115 Y169.03 E.02833
G1 X52.97 Y169.03 E.1375
G1 X52.366 Y168.427 E.02833
G1 X53.994 Y168.426 E.05401
G1 X47.196 Y169.03 F9000
G1 F10800
G1 X48.825 Y169.03 E.05401
G1 X48.221 Y168.427 E.02833
G1 X44.076 Y168.427 E.1375
G1 X44.68 Y169.03 E.02833
G1 X40.535 Y169.03 E.1375
G1 X39.931 Y168.427 E.02833
G1 X35.786 Y168.427 E.1375
G1 X36.39 Y169.03 E.02833
G1 X32.245 Y169.03 E.1375
G1 X30.97 Y167.755 E.05982
G1 X30.97 Y166.127 E.05401
G1 X31.574 Y165.843 F9000
G1 F10800
G1 X31.574 Y164.214 E.05401
G1 X30.97 Y163.61 E.02833
G1 X30.97 Y159.465 E.1375
G1 X31.574 Y160.069 E.02833
G1 X31.574 Y155.924 E.1375
G1 X30.97 Y155.32 E.02833
G1 X30.97 Y151.175 E.1375
G1 X31.574 Y151.779 E.02833
G1 X31.574 Y147.634 E.1375
G1 X30.97 Y147.03 E.02833
G1 X30.97 Y142.885 E.1375
G1 X31.574 Y143.489 E.02833
G1 X31.574 Y145.117 E.05401
; stop printing object Object_1 id:94613208297312 copy 0
;LAYER_CHANGE
;Z:1.8
;HEIGHT:0.2
;BEFORE_LAYER_CHANGE
;1.8
G92 E0

G1 E-.97778 F2400
;WIPE_START
G1 F10800
G1 X31.574 Y144.117 E-.22222
;WIPE_END
;_SET_FAN_SPEED_CHANGING_LAYER
; printing object Object_1 id:94613208297312 copy 0
G1 F9000
G1 X31.0799 Y145.051 Z1.85714
G1 X30.0422 Y145.247 Z1.91429
G1 X29.2419 Y144.558 Z1.97143
G1 X29.2816 Y143.503 Z2.02857
G1 X30.1314 Y142.876 Z2.08571
G1 X31.1514 Y143.149 Z2.14286
G1 X31.5735 Y144.117 Z2.2
G1 X30.624 Y169.376 Z2.2
G1 Z1.8
G1 E1.2 F1800
M204 P2000
;TYPE:Inner wall
;WIDTH:0.449999
G1 F5400
G1 X30.624 Y50.624 E3.93925
G1 X189.376 Y50.624 E5.26612
G1 X189.376 Y169.376 E3.93925
G1 X30.664 Y169.376 E5.26479
M204 T1000
G1 X30.21 Y169.79 F9000
M204 P1000
;TYPE:Outer wall
;WIDTH:0.419999
G1 F3600
G1 X30.21 Y50.21 E3.67435
G1 X189.79 Y50.21 E4.90344
G1 X189.79 Y169.79 E3.67435
G1 X30.25 Y169.79 E4.90221
M204 T2500
G1 E-.84 F2400
;WIPE_START
G1 F3600
G1 X30.25 Y168.79 E-.36
;WIPE_END
G1 F9000
G1 X31.2061 Y169.238 Z1.85714
G1 X31.4525 Y170.265 Z1.91429
G1 X30.8032 Y171.097 Z1.97143
G1 X29.7473 Y171.109 Z2.02857
G1 X29.0797 Y170.291 Z2.08571
G1 X29.3033 Y169.259 Z2.14286
G1 X30.2497 Y168.79 Z2.2
G1 X186.741 Y167.059 Z2.2
G1 Z1.8
G1 E1.2 F1800
M204 P2000
;TYPE:Inner wall
;WIDTH:0.449999
G1 F5400
G1 X186.754 Y167.056 E.00044
G1 X186.934 Y166.934 E.00722
G1 X187.056 Y166.754 E.00722
G1 X187.104 Y166.523 E.00781
G1 X187.104 Y53.477 E3.74995
G1 X187.056 Y53.246 E.00781
G1 X186.934 Y53.066 E.00722
G1 X186.754 Y52.944 E.00722
G1 X186.523 Y52.896 E.00781
G1 X33.477 Y52.896 E5.07683
G1 X33.246 Y52.944 E.00781
G1 X33.066 Y53.066 E.00722
G1 X32.944 Y53.246 E.00722
G1 X32.896 Y53.477 E.00781
G1 X32.896 Y166.523 E3.74995
G1 X32.944 Y166.754 E.00781
G1 X33.066 Y166.934 E.00722
G1 X33.246 Y167.056 E.00722
G1 X33.477 Y167.104 E.00781
G1 X186.523 Y167.104 E5.07683
G1 X186.702 Y167.067 E.00604
M204 T1000
G1 X186.579 Y166.69 F9000
M204 P1000
;TYPE:Outer wall
;WIDTH:0.419999
G1 F1440
G1 X186.688 Y166.552 E.0054
G1 X186.69 Y53.477 E3.47447
G1 F1080
G1 X186.641 Y53.359 E.00393
M106 S255
G1 X186.523 Y53.31 E.00393
G1 F1500
G1 X33.477 Y53.31 E4.70267
G1 F1080
G1 X33.359 Y53.359 E.00393
M106 S255
G1 X33.31 Y53.477 E.00393
G1 F1500
G1 X33.31 Y166.523 E3.47358
G1 F1080
G1 X33.359 Y166.641 E.00393
M106 S255
G1 X33.477 Y166.69 E.00393
G1 F1500
G1 X186.539 Y166.69 E4.70316
M204 T2500
G1 E-.84 F2400
;WIPE_START
G1 F1500
G1 X186.688 Y166.552 E-.07318
G1 X186.688 Y165.755 E-.28682
;WIPE_END
G1 F9000
G1 X187.499 Y165.079 Z1.85714
G1 X188.533 Y165.291 Z1.91429
G1 X189.012 Y166.231 Z1.97143
G1 X188.576 Y167.193 Z2.02857
G1 X187.552 Y167.451 Z2.08571
G1 X186.711 Y166.811 Z2.14286
G1 X186.688 Y165.755 Z2.2
G1 X188.426 Y161.928 Z2.2
G1 Z1.8
G1 E1.2 F1800
M204 P2500
;TYPE:Sparse infill
;WIDTH:0.45
G1 F10800
G1 X188.426 Y163.556 E.05401
G1 X189.03 Y164.16 E.02833
G1 X189.03 Y168.305 E.1375
G1 X188.388 Y167.662 E.03016
G1 X188.17 Y168.081 E.01563
G1 X188.081 Y168.17 E.00421
G1 X187.656 Y168.391 E.01587
G1 X187.578 Y168.414 E.00269
G1 X187.421 Y168.427 E.00522
G1 X185.007 Y168.427 E.0801
G1 X185.611 Y169.03 E.02833
G1 X181.466 Y169.03 E.1375
G1 X180.862 Y168.427 E.02833
G1 X176.717 Y168.427 E.1375
G1 X177.32 Y169.03 E.02833
G1 X173.175 Y169.03 E.1375
G1 X172.572 Y168.426 E.02833
G1 X168.426 Y168.427 E.1375
G1 X169.03 Y169.03 E.02833
G1 X164.885 Y169.03 E.1375
G1 X164.281 Y168.427 E.02833
G1 X160.136 Y168.427 E.1375
G1 X160.74 Y169.03 E.02833
G1 X156.595 Y169.03 E.1375
G1 X155.991 Y168.427 E.02833
G1 X151.846 Y168.427 E.1375
G1 X152.45 Y169.03 E.02833
G1 X150.822 Y169.03 E.05401
G1 X149.33 Y168.426 F9000
G1 F10800
G1 X147.701 Y168.427 E.05401
G1 X148.305 Y169.03 E.02833
G1 X144.16 Y169.03 E.1375
G1 X143.556 Y168.427 E.02833
G1 X139.411 Y168.427 E.1375
G1 X140.015 Y169.03 E.02833
G1 X135.87 Y169.03 E.1375
G1 X135.266 Y168.427 E.02833
G1 X131.121 Y168.427 E.1375
G1 X131.725 Y169.03 E.02833
G1 X127.58 Y169.03 E.1375
G1 X126.976 Y168.427 E.02833
G1 X122.831 Y168.427 E.1375
G1 X123.435 Y169.03 E.02833
G1 X121.807 Y169.03 E.05401
G1 X120.315 Y168.426 F9000
G1 F10800
G1 X118.686 Y168.427 E.05401
G1 X119.29 Y169.03 E.02833
G1 X115.145 Y169.03 E.1375
G1 X114.541 Y168.427 E.02833
G1 X116.17 Y168.426 E.05401
G1 X112.628 Y169.03 F9000
G1 F10800
G1 X111 Y169.03 E.05401
G1 X110.396 Y168.427 E.02833
G1 X106.251 Y168.427 E.1375
G1 X106.855 Y169.03 E.02833
G1 X102.71 Y169.03 E.1375
G1 X102.106 Y168.427 E.02833
G1 X97.961 Y168.427 E.1375
G1 X98.565 Y169.03 E.02833
G1 X94.42 Y169.03 E.1375
G1 X93.816 Y168.427 E.02833
G1 X89.671 Y168.427 E.1375
G1 X90.275 Y169.03 E.02833
G1 X86.13 Y169.03 E.1375
G1 X85.526 Y168.427 E.02833
G1 X87.154 Y168.426 E.05401
G1 X83.613 Y169.03 F9000
G1 F10800
G1 X81.985 Y169.03 E.05401
G1 X81.381 Y168.427 E.02833
G1 X77.236 Y168.427 E.1375
G1 X77.84 Y169.03 E.02833
G1 X73.695 Y169.03 E.1375
G1 X73.091 Y168.427 E.02833
G1 X68.946 Y168.427 E.1375
G1 X69.55 Y169.03 E.02833
G1 X65.405 Y169.03 E.1375
G1 X64.801 Y168.427 E.02833
G1 X60.656 Y168.427 E.1375
G1 X61.26 Y169.03 E.02833
G1 X57.115 Y169.03 E.1375
G1 X56.511 Y168.427 E.02833
G1 X58.139 Y168.426 E.05401
G1 X51.342 Y169.03 F9000
G1 F10800
G1 X52.97 Y169.03 E.05401
G1 X52.366 Y168.427 E.02833
G1 X48.221 Y168.427 E.1375
G1 X48.825 Y169.03 E.02833
G1 X44.68 Y169.03 E.1375
G1 X44.076 Y168.427 E.02833
G1 X42.448 Y168.427 E.05401
G1 X38.906 Y169.03 F9000
G1 F10800
G1 X40.535 Y169.03 E.05401
G1 X39.931 Y168.427 E.02833
G1 X35.786 Y168.427 E.1375
G1 X36.39 Y169.03 E.02833
G1 X32.245 Y169.03 E.1375
G1 X30.97 Y167.755 E.05982
G1 X30.97 Y166.127 E.05401
G1 X31.574 Y165.843 F9000
G1 F10800
G1 X31.574 Y164.214 E.05401
G1 X30.97 Y163.61 E.02833
G1 X30.97 Y159.465 E.1375
G1 X31.574 Y160.069 E.02833
G1 X31.574 Y155.924 E.1375
G1 X30.97 Y155.32 E.02833
G1 X30.97 Y151.175 E.1375
G1 X31.574 Y151.779 E.02833
G1 X31.574 Y147.634 E.1375
G1 X30.97 Y147.03 E.02833
G1 X30.97 Y142.885 E.1375
G1 X31.574 Y143.489 E.02833
G1 X31.574 Y139.344 E.1375
G1 X30.97 Y138.74 E.02833
G1 X30.97 Y134.595 E.1375
G1 X31.574 Y135.199 E.02833
G1 X31.574 Y136.827 E.05401
G1 X30.97 Y128.822 F9000
G1 F10800
G1 X30.97 Y130.45 E.05401
G1 X31.574 Y131.054 E.02833
G1 X31.574 Y126.909 E.1375
G1 X30.97 Y126.305 E.02833
G1 X30.97 Y122.16 E.1375
G1 X31.574 Y122.764 E.02833
G1 X31.574 Y118.619 E.1375
G1 X30.97 Y118.015 E.02833
G1 X30.97 Y113.87 E.1375
G1 X31.574 Y114.474 E.02833
G1 X31.574 Y110.329 E.1375
G1 X30.97 Y109.725 E.02833
G1 X30.97 Y105.58 E.1375
G1 X31.574 Y106.184 E.02833
G1 X31.574 Y102.039 E.1375
G1 X30.97 Y101.435 E.02833
G1 X30.97 Y97.29 E.1375
G1 X31.574 Y97.894 E.02833
G1 X31.574 Y93.749 E.1375
G1 X30.97 Y93.145 E.02833
G1 X30.97 Y89 E.1375
G1 X31.574 Y89.604 E.02833
G1 X31.574 Y85.459 E.1375
G1 X30.97 Y84.855 E.02833
G1 X30.97 Y80.71 E.1375
G1 X31.574 Y81.314 E.02833
G1 X31.574 Y77.169 E.1375
G1 X30.97 Y76.565 E.02833
G1 X30.97 Y72.42 E.1375
G1 X31.574 Y73.024 E.02833
G1 X31.574 Y68.879 E.1375
G1 X30.97 Y68.275 E.02833
G1 X30.97 Y66.646 E.05401
G1 X31.574 Y66.362 F9000
G1 F10800
G1 X31.574 Y64.734 E.05401
G1 X30.97 Y64.13 E.02833
G1 X30.97 Y59.985 E.1375
G1 X31.574 Y60.589 E.02833
G1 X31.574 Y56.444 E.1375
G1 X30.97 Y55.84 E.02833
G1 X30.97 Y51.695 E.1375
G1 X31.643 Y52.368 E.03158
G1 X31.821 Y51.937 E.01548
G1 X31.919 Y51.83 E.00482
G1 X32.344 Y51.609 E.01587
G1 X32.422 Y51.586 E.00269
G1 X32.579 Y51.574 E.00522
G1 X34.993 Y51.574 E.0801
G1 X34.389 Y50.97 E.02833
G1 X38.534 Y50.97 E.1375
G1 X39.138 Y51.574 E.02833
G1 X43.283 Y51.574 E.1375
G1 X42.68 Y50.97 E.02833
G1 X46.825 Y50.97 E.1375
G1 X47.428 Y51.574 E.02833
G1 X51.574 Y51.574 E.1375
G1 X50.97 Y50.97 E.02833
G1 X55.115 Y50.97 E.1375
G1 X55.719 Y51.574 E.02833
G1 X59.864 Y51.574 E.1375
G1 X59.26 Y50.97 E.02833
G1 X63.405 Y50.97 E.1375
G1 X64.009 Y51.574 E.02833
G1 X68.154 Y51.574 E.1375
G1 X67.55 Y50.97 E.02833
G1 X71.695 Y50.97 E.1375
G1 X72.299 Y51.574 E.02833
G1 X76.444 Y51.574 E.1375
G1 X75.84 Y50.97 E.02833
G1 X79.985 Y50.97 E.1375
G1 X80.589 Y51.574 E.02833
G1 X82.217 Y51.574 E.05401
G1 X85.758 Y50.97 F9000
G1 F10800
G1 X84.13 Y50.97 E.05401
G1 X84.734 Y51.574 E.02833
G1 X88.879 Y51.574 E.1375
G1 X88.275 Y50.97 E.02833
G1 X92.42 Y50.97 E.1375
G1 X93.024 Y51.574 E.02833
G1 X97.169 Y51.574 E.1375
G1 X96.565 Y50.97 E.02833
G1 X100.71 Y50.97 E.1375
G1 X101.314 Y51.574 E.02833
G1 X105.459 Y51.574 E.1375
G1 X104.855 Y50.97 E.02833
G1 X109 Y50.97 E.1375
G1 X109.604 Y51.574 E.02833
G1 X113.749 Y51.574 E.1375
G1 X113.145 Y50.97 E.02833
G1 X114.773 Y50.97 E.05401
G1 X116.266 Y51.574 F9000
G1 F10800
G1 X117.894 Y51.574 E.05401
G1 X117.29 Y50.97 E.02833
G1 X121.435 Y50.97 E.1375
G1 X122.039 Y51.574 E.02833
G1 X126.184 Y51.574 E.1375
G1 X125.58 Y50.97 E.02833
G1 X129.725 Y50.97 E.1375
G1 X130.329 Y51.574 E.02833
G1 X134.474 Y51.574 E.1375
G1 X133.87 Y50.97 E.02833
G1 X135.498 Y50.97 E.05401
G1 X136.991 Y51.574 F9000
G1 F10800
G1 X138.619 Y51.574 E.05401
G1 X138.015 Y50.97 E.02833
G1 X142.16 Y50.97 E.1375
G1 X142.764 Y51.574 E.02833
G1 X146.909 Y51.574 E.1375
G1 X146.305 Y50.97 E.02833
G1 X150.45 Y50.97 E.1375
G1 X151.054 Y51.574 E.02833
G1 X155.199 Y51.574 E.1375
G1 X154.595 Y50.97 E.02833
G1 X158.74 Y50.97 E.1375
G1 X159.344 Y51.574 E.02833
G1 X163.489 Y51.574 E.1375
G1 X162.885 Y50.97 E.02833
G1 X167.03 Y50.97 E.1375
G1 X167.634 Y51.574 E.02833
G1 X171.779 Y51.574 E.1375
G1 X171.175 Y50.97 E.02833
G1 X175.32 Y50.97 E.1375
G1 X175.924 Y51.574 E.02833
G1 X180.069 Y51.574 E.1375
G1 X179.465 Y50.97 E.02833
G1 X183.61 Y50.97 E.1375
G1 X184.214 Y51.574 E.02833
G1 X185.843 Y51.574 E.05401
G1 X186.127 Y50.97 F9000
G1 F10800
G1 X187.755 Y50.97 E.05401
G1 X189.03 Y52.245 E.05982
G1 X189.03 Y56.39 E.1375
G1 X188.426 Y55.786 E.02833
G1 X188.426 Y59.931 E.1375
G1 X189.03 Y60.535 E.02833
G1 X189.03 Y64.68 E.1375
G1 X188.426 Y64.076 E.02833
G1 X188.426 Y68.221 E.1375
G1 X189.03 Y68.825 E.02833
G1 X189.03 Y67.196 E.05401
G1 X188.426 Y70.738 F9000
G1 F10800
G1 X188.426 Y72.366 E.05401
G1 X189.03 Y72.97 E.02833
G1 X189.03 Y77.115 E.1375
G1 X188.426 Y76.511 E.02833
G1 X188.426 Y80.656 E.1375
G1 X189.03 Y81.26 E.02833
G1 X189.03 Y85.405 E.1375
G1 X188.426 Y84.801 E.02833
G1 X188.426 Y88.946 E.1375
G1 X189.03 Y89.55 E.02833
G1 X189.03 Y93.695 E.1375
G1 X188.426 Y93.091 E.02833
G1 X188.426 Y91.463 E.05401
G1 X189.03 Y96.212 F9000
G1 F10800
G1 X189.03 Y97.84 E.05401
G1 X188.426 Y97.236 E.02833
G1 X188.426 Y101.381 E.1375
G1 X189.03 Y101.985 E.02833
G1 X189.03 Y106.13 E.1375
G1 X188.426 Y105.526 E.02833
G1 X188.426 Y109.671 E.1375
G1 X189.03 Y110.275 E.02833
G1 X189.03 Y114.42 E.1375
G1 X188.426 Y113.816 E.02833
G1 X188.426 Y117.961 E.1375
G1 X189.03 Y118.565 E.02833
G1 X189.03 Y122.71 E.1375
G1 X188.426 Y122.106 E.02833
G1 X188.426 Y126.251 E.1375
G1 X189.03 Y126.855 E.02833
G1 X189.03 Y131 E.1375
G1 X188.426 Y130.396 E.02833
G1 X188.426 Y134.541 E.1375
G1 X189.03 Y135.145 E.02833
G1 X189.03 Y139.29 E.1375
G1 X188.426 Y138.686 E.02833
G1 X188.426 Y142.831 E.1375
G1 X189.03 Y143.435 E.02833
G1 X189.03 Y147.58 E.1375
G1 X188.426 Y146.976 E.02833
G1 X188.426 Y151.121 E.1375
G1 X189.03 Y151.725 E.02833
G1 X189.03 Y155.87 E.1375
G1 X188.426 Y155.266 E.02833
G1 X188.426 Y159.411 E.1375
G1 X189.03 Y160.015 E.02833
G1 X189.03 Y161.644 E.05401
G1 E-.97778 F2400
;WIPE_START
G1 F10800
G1 X189.03 Y160.644 E-.22222
;WIPE_END
G1 F9000
G1 X188.508 Y159.726 Z1.85714
G1 X188.9 Y158.745 Z1.91429
G1 X189.911 Y158.44 Z1.97143
G1 X190.78 Y159.041 Z2.02857
G1 X190.852 Y160.094 Z2.08571
G1 X190.074 Y160.808 Z2.14286
G1 X189.03 Y160.644 Z2.2
G1 X32.493 Y52.475 Z2.2
G1 Z1.8
G1 E1.2 F1800
;TYPE:Internal solid infill
;WIDTH:0.52877
G1 F10800
G1 X32.59 Y52.41 E.00462
G1 X32.475 Y167.507 F9000
G1 F10800
G1 X32.41 Y167.41 E.00462
G1 X33.477 Y167.536 F9000
;WIDTH:0.480523
G1 F10800
G1 X33.268 Y167.468 E.00784
;WIDTH:0.42735
G1 X33.059 Y167.399 E.00688
G1 X32.766 Y167.184 E.01139
G1 X32.566 Y166.874 E.01155
;WIDTH:0.450605
G1 X32.515 Y166.699 E.00607
;WIDTH:0.500669
G1 X32.464 Y166.523 E.00682
G1 X32.464 Y53.477 E4.21672
;WIDTH:0.480522
G1 X32.532 Y53.268 E.00784
;WIDTH:0.42735
G1 X32.601 Y53.059 E.00688
G1 X32.816 Y52.766 E.01139
G1 X33.126 Y52.566 E.01155
;WIDTH:0.450605
G1 X33.301 Y52.515 E.00607
;WIDTH:0.500677
G1 X33.477 Y52.464 E.00682
G1 X186.523 Y52.464 E5.70885
;WIDTH:0.480523
G1 X186.732 Y52.532 E.00784
;WIDTH:0.427979
G1 X186.941 Y52.601 E.00689
G1 X187.234 Y52.816 E.01141
G1 X187.436 Y53.125 E.01159
;WIDTH:0.453041
G1 X187.486 Y53.301 E.00611
;WIDTH:0.500573
G1 X187.536 Y53.477 E.00682
G1 X187.536 Y166.523 E4.21583
;WIDTH:0.480377
G1 X187.468 Y166.732 E.00783
;WIDTH:0.427338
G1 X187.399 Y166.941 E.00688
G1 X187.184 Y167.234 E.01139
G1 X186.874 Y167.434 E.01155
;WIDTH:0.450603
G1 X186.699 Y167.485 E.00607
;WIDTH:0.500657
G1 X186.523 Y167.536 E.00682
G1 X33.517 Y167.536 E5.70711
G1 X186.523 Y167.994 F9000
;WIDTH:0.480523
G1 F10800
G1 X186.83 Y168.014 E.01095
;WIDTH:0.424833
G1 X187.136 Y168.034 E.00956
G1 X187.489 Y168.028 E.01097
G1 X187.823 Y167.861 E.01164
G1 X188.03 Y167.441 E.01458
G1 X188.027 Y166.935 E.01573
;WIDTH:0.450531
G1 X188.01 Y166.729 E.00686
;WIDTH:0.500568
G1 X187.994 Y166.523 E.0077
G1 X187.994 Y53.477 E4.21578
;WIDTH:0.480521
G1 X188.014 Y53.17 E.01095
;WIDTH:0.423957
G1 X188.034 Y52.617 E.01719
G1 X187.842 Y52.155 E.01555
G1 X187.367 Y51.966 E.01586
;WIDTH:0.440174
G1 X187.013 Y51.986 E.01148
;WIDTH:0.500651
G1 X186.659 Y52.006 E.01323
G1 X33.477 Y52.006 E5.71359
;WIDTH:0.480523
G1 X33.17 Y51.986 E.01095
;WIDTH:0.42378
G1 X32.864 Y51.966 E.00953
G1 X32.483 Y51.981 E.01183
G1 X32.147 Y52.178 E.01209
G1 X31.966 Y52.709 E.01741
;WIDTH:0.440174
G1 X31.986 Y53.027 E.01032
;WIDTH:0.50064
G1 X32.006 Y53.345 E.01189
G1 X32.006 Y166.523 E4.22136
;WIDTH:0.480522
G1 X31.986 Y166.83 E.01095
;WIDTH:0.42378
G1 X31.966 Y167.136 E.00953
G1 X31.981 Y167.517 E.01183
G1 X32.178 Y167.853 E.01209
G1 X32.709 Y168.034 E.01741
;WIDTH:0.440174
G1 X33.027 Y168.014 E.01032
;WIDTH:0.500614
G1 X33.345 Y167.994 E.01189
G1 X186.483 Y167.994 E5.71147
G1 X187.611 Y167.38 F9000
;WIDTH:0.522251
G1 F10800
G1 X187.51 Y167.529 E.00704
G1 X187.41 Y167.592 E.0046
G1 X187.548 Y52.436 F9000
;WIDTH:0.52504
G1 F10800
G1 X187.487 Y52.436 E.00237
G1 X187.457 Y52.488 E.00237
G1 X187.487 Y52.54 E.00237
G1 X187.548 Y52.54 E.00237
G1 X187.558 Y52.523 E.0008
; stop printing object Object_1 id:94613208297312 copy 0
;LAYER_CHANGE
;Z:2
;HEIGHT:0.2
;BEFORE_LAYER_CHANGE
;2
G92 E0

G1 E-1.14193 F2400
;WIPE_START
G1 F10800
G1 X187.548 Y52.54 E-.0045
G1 X187.487 Y52.54 E-.01339
G1 X187.457 Y52.488 E-.01339
G1 X187.487 Y52.436 E-.01339
G1 X187.548 Y52.436 E-.01339
;WIPE_END
;_SET_FAN_SPEED_CHANGING_LAYER
; printing object Object_1 id:94613208297312 copy 0
G1 F9000
G1 X186.511 Y52.6368 Z2.05714
G1 X185.707 Y51.9517 Z2.11429
G1 X185.742 Y50.8962 Z2.17143
G1 X186.589 Y50.2652 Z2.22857
G1 X187.61 Y50.5338 Z2.28571
G1 X188.037 Y51.4997 Z2.34286
G1 X187.548 Y52.4357 Z2.4
G1 X30.624 Y169.376 Z2.4
G1 Z2
G1 E1.2 F1800
M204 P2000
;TYPE:Inner wall
;WIDTH:0.449999
G1 F5400
G1 X30.624 Y50.624 E3.93925
G1 X189.376 Y50.624 E5.26612
G1 X189.376 Y169.376 E3.93925
G1 X30.664 Y169.376 E5.26479
M204 T1000
G1 X30.21 Y169.79 F9000
M204 P1000
;TYPE:Outer wall
;WIDTH:0.419999
G1 F3600
G1 X30.21 Y50.21 E3.67435
G1 X189.79 Y50.21 E4.90344
G1 X189.79 Y169.79 E3.67435
G1 X30.25 Y169.79 E4.90221
M204 T2500
G1 E-.84 F2400
;WIPE_START
G1 F3600
G1 X30.25 Y168.79 E-.36
;WIPE_END
G1 F9000
G1 X31.2066 Y169.237 Z2.05714
G1 X31.4539 Y170.263 Z2.11429
G1 X30.8055 Y171.097 Z2.17143
G1 X29.7495 Y171.11 Z2.22857
G1 X29.0812 Y170.292 Z2.28571
G1 X29.3038 Y169.26 Z2.34286
G1 X30.2497 Y168.79 Z2.4
G1 X186.591 Y166.909 Z2.4
G1 Z2
G1 E1.2 F1800
M204 P2000
;TYPE:Inner wall
;WIDTH:0.449999
G1 F5400
G1 X186.604 Y166.906 E.00044
G1 X186.784 Y166.784 E.00722
G1 X186.906 Y166.604 E.00722
G1 X186.954 Y166.373 E.00781
G1 X186.954 Y53.627 E3.74
G1 X186.906 Y53.396 E.00781
G1 X186.784 Y53.216 E.00722
G1 X186.604 Y53.094 E.00722
G1 X186.373 Y53.046 E.00781
G1 X33.627 Y53.046 E5.06687
G1 X33.396 Y53.094 E.00781
G1 X33.216 Y53.216 E.00722
G1 X33.094 Y53.396 E.00722
G1 X33.046 Y53.627 E.00781
G1 X33.046 Y166.373 E3.74
G1 X33.094 Y166.604 E.00781
G1 X33.216 Y166.784 E.00722
G1 X33.396 Y166.906 E.00722
G1 X33.627 Y166.954 E.00781
G1 X186.373 Y166.954 E5.06687
G1 X186.552 Y166.917 E.00604
M204 T1000
G1 X186.429 Y166.54 F9000
M204 P1000
;TYPE:Outer wall
;WIDTH:0.419999
G1 F2520
G1 X186.538 Y166.402 E.0054
G1 X186.538 Y165.619 E.02406
G1 X186.54 Y54.407 E3.41723
G1 X186.54 Y53.627 E.02397
G1 F1560
G1 X186.491 Y53.509 E.00393
G1 X186.373 Y53.46 E.00393
G1 F2580
G1 X185.593 Y53.46 E.02397
G1 X34.407 Y53.46 E4.64552
G1 X33.627 Y53.46 E.02397
G1 F1560
G1 X33.509 Y53.509 E.00393
G1 X33.46 Y53.627 E.00393
G1 F2580
G1 X33.46 Y54.407 E.02397
G1 X33.46 Y165.593 E3.41643
G1 X33.46 Y166.373 E.02397
G1 F1560
G1 X33.509 Y166.491 E.00393
G1 X33.627 Y166.54 E.00393
G1 F2580
G1 X34.407 Y166.54 E.02397
G1 X185.609 Y166.54 E4.64601
G1 X186.389 Y166.54 E.02397
M204 T2500
G1 E-.84 F2400
;WIPE_START
G1 F2580
G1 X186.538 Y166.402 E-.07318
G1 X186.538 Y165.605 E-.28682
;WIPE_END
G1 F9000
G1 X185.518 Y165.33 Z2.05714
G1 X185.098 Y164.361 Z2.11429
G1 X185.593 Y163.429 Z2.17143
G1 X186.631 Y163.234 Z2.22857
G1 X187.43 Y163.925 Z2.28571
G1 X187.389 Y164.98 Z2.34286
G1 X186.538 Y165.605 Z2.4
G1 X173.769 Y167.996 Z2.4
G1 Z2
G1 E1.2 F1800
M204 P2500
;TYPE:Sparse infill
;WIDTH:0.45
G1 F10800
G1 X172.141 Y167.996 E.05401
G1 X173.175 Y169.03 E.04855
G1 X177.32 Y169.03 E.1375
G1 X176.286 Y167.996 E.04855
G1 X180.431 Y167.996 E.1375
G1 X181.466 Y169.03 E.04855
G1 X185.611 Y169.03 E.1375
G1 X184.576 Y167.996 E.04855
G1 X186.99 Y167.996 E.0801
G1 X187.187 Y167.975 E.00657
G1 X187.424 Y167.894 E.00829
G1 X187.671 Y167.726 E.00991
G1 X187.894 Y167.424 E.01246
G1 X187.961 Y167.235 E.00663
G1 X189.03 Y168.305 E.05019
G1 X189.03 Y164.16 E.1375
G1 X187.996 Y163.126 E.04855
G1 X187.996 Y158.98 E.1375
G1 X189.03 Y160.015 E.04855
G1 X189.03 Y155.87 E.1375
G1 X187.996 Y154.835 E.04855
G1 X187.996 Y150.69 E.1375
G1 X189.03 Y151.725 E.04855
G1 X189.03 Y153.354 E.05401
G1 X187.996 Y148.174 F9000
G1 F10800
G1 X187.996 Y146.545 E.05401
G1 X189.03 Y147.58 E.04855
G1 X189.03 Y143.435 E.1375
G1 X187.996 Y142.4 E.04855
G1 X187.996 Y138.255 E.1375
G1 X189.03 Y139.29 E.04855
G1 X189.03 Y135.145 E.1375
G1 X187.996 Y134.11 E.04855
G1 X187.996 Y129.965 E.1375
G1 X189.03 Y131 E.04855
G1 X189.03 Y126.855 E.1375
G1 X187.996 Y125.82 E.04855
G1 X187.996 Y121.675 E.1375
G1 X189.03 Y122.71 E.04855
G1 X189.03 Y118.565 E.1375
G1 X187.996 Y117.53 E.04855
G1 X187.996 Y113.385 E.1375
G1 X189.03 Y114.42 E.04855
G1 X189.03 Y110.275 E.1375
G1 X187.996 Y109.24 E.04855
G1 X187.996 Y105.095 E.1375
G1 X189.03 Y106.13 E.04855
G1 X189.03 Y101.985 E.1375
G1 X187.996 Y100.95 E.04855
G1 X187.996 Y96.805 E.1375
G1 X189.03 Y97.84 E.04855
G1 X189.03 Y96.212 E.05401
G1 X187.996 Y91.032 F9000
G1 F10800
G1 X187.996 Y92.66 E.05401
G1 X189.03 Y93.695 E.04855
G1 X189.03 Y89.55 E.1375
G1 X187.996 Y88.515 E.04855
G1 X187.996 Y84.37 E.1375
G1 X189.03 Y85.405 E.04855
G1 X189.03 Y81.26 E.1375
G1 X187.996 Y80.225 E.04855
G1 X187.996 Y76.08 E.1375
G1 X189.03 Y77.115 E.04855
G1 X189.03 Y78.743 E.05401
G1 X187.996 Y73.563 F9000
G1 F10800
G1 X187.996 Y71.935 E.05401
G1 X189.03 Y72.97 E.04855
G1 X189.03 Y68.825 E.1375
G1 X187.996 Y67.79 E.04855
G1 X187.996 Y63.645 E.1375
G1 X189.03 Y64.68 E.04855
G1 X189.03 Y60.535 E.1375
G1 X187.996 Y59.5 E.04855
G1 X187.996 Y55.355 E.1375
G1 X189.03 Y56.39 E.04855
G1 X189.03 Y52.245 E.1375
G1 X187.755 Y50.97 E.05982
G1 X183.61 Y50.97 E.1375
G1 X184.645 Y52.004 E.04855
G1 X180.5 Y52.004 E.1375
G1 X179.465 Y50.97 E.04855
G1 X175.32 Y50.97 E.1375
G1 X176.355 Y52.004 E.04855
G1 X174.727 Y52.004 E.05401
G1 X172.804 Y50.97 F9000
G1 F10800
G1 X171.175 Y50.97 E.05401
G1 X172.21 Y52.004 E.04855
G1 X168.065 Y52.004 E.1375
G1 X167.03 Y50.97 E.04855
G1 X168.658 Y50.97 E.05401
G1 X162.292 Y52.004 F9000
G1 F10800
G1 X163.92 Y52.004 E.05401
G1 X162.885 Y50.97 E.04855
G1 X158.74 Y50.97 E.1375
G1 X159.775 Y52.004 E.04855
G1 X155.63 Y52.004 E.1375
G1 X154.595 Y50.97 E.04855
G1 X150.45 Y50.97 E.1375
G1 X151.485 Y52.004 E.04855
G1 X147.34 Y52.004 E.1375
G1 X146.305 Y50.97 E.04855
G1 X142.16 Y50.97 E.1375
G1 X143.195 Y52.004 E.04855
G1 X139.05 Y52.004 E.1375
G1 X138.015 Y50.97 E.04855
G1 X133.87 Y50.97 E.1375
G1 X134.905 Y52.004 E.04855
G1 X130.76 Y52.004 E.1375
G1 X129.725 Y50.97 E.04855
G1 X125.58 Y50.97 E.1375
G1 X126.615 Y52.004 E.04855
G1 X122.47 Y52.004 E.1375
G1 X121.435 Y50.97 E.04855
G1 X117.29 Y50.97 E.1375
G1 X118.325 Y52.004 E.04855
G1 X114.18 Y52.004 E.1375
G1 X113.145 Y50.97 E.04855
G1 X109 Y50.97 E.1375
G1 X110.035 Y52.004 E.04855
G1 X105.89 Y52.004 E.1375
G1 X104.855 Y50.97 E.04855
G1 X106.483 Y50.97 E.05401
G1 X100.116 Y52.004 F9000
G1 F10800
G1 X101.745 Y52.004 E.05401
G1 X100.71 Y50.97 E.04855
G1 X96.565 Y50.97 E.1375
G1 X97.6 Y52.004 E.04855
G1 X93.455 Y52.004 E.1375
G1 X92.42 Y50.97 E.04855
G1 X88.275 Y50.97 E.1375
G1 X89.31 Y52.004 E.04855
G1 X85.165 Y52.004 E.1375
G1 X84.13 Y50.97 E.04855
G1 X79.985 Y50.97 E.1375
G1 X81.02 Y52.004 E.04855
G1 X76.875 Y52.004 E.1375
G1 X75.84 Y50.97 E.04855
G1 X77.468 Y50.97 E.05401
G1 X71.101 Y52.004 F9000
G1 F10800
G1 X72.729 Y52.004 E.05401
G1 X71.695 Y50.97 E.04855
G1 X67.55 Y50.97 E.1375
G1 X68.584 Y52.004 E.04855
G1 X64.439 Y52.004 E.1375
G1 X63.405 Y50.97 E.04855
G1 X59.26 Y50.97 E.1375
G1 X60.294 Y52.004 E.04855
G1 X56.149 Y52.004 E.1375
G1 X55.115 Y50.97 E.04855
G1 X50.97 Y50.97 E.1375
G1 X52.004 Y52.004 E.04855
G1 X47.859 Y52.004 E.1375
G1 X46.825 Y50.97 E.04855
G1 X48.453 Y50.97 E.05401
G1 X42.086 Y52.004 F9000
G1 F10800
G1 X43.714 Y52.004 E.05401
G1 X42.68 Y50.97 E.04855
G1 X38.534 Y50.97 E.1375
G1 X39.569 Y52.004 E.04855
G1 X37.941 Y52.004 E.05401
G1 X36.018 Y50.97 F9000
G1 F10800
G1 X34.389 Y50.97 E.05401
G1 X35.424 Y52.004 E.04855
G1 X33.01 Y52.004 E.0801
G1 X32.813 Y52.025 E.00657
G1 X32.576 Y52.106 E.00829
G1 X32.329 Y52.274 E.00991
G1 X32.106 Y52.576 E.01247
G1 X32.049 Y52.774 E.00681
G1 X30.97 Y51.695 E.05062
G1 X30.97 Y55.84 E.1375
G1 X32.004 Y56.874 E.04855
G1 X32.004 Y61.02 E.1375
G1 X30.97 Y59.985 E.04855
G1 X30.97 Y64.13 E.1375
G1 X32.004 Y65.165 E.04855
G1 X32.004 Y66.793 E.05401
G1 X30.97 Y66.646 F9000
G1 F10800
G1 X30.97 Y68.275 E.05401
G1 X32.004 Y69.31 E.04855
G1 X32.004 Y73.455 E.1375
G1 X30.97 Y72.42 E.04855
G1 X30.97 Y76.565 E.1375
G1 X32.004 Y77.6 E.04855
G1 X32.004 Y79.228 E.05401
G1 X30.97 Y79.081 F9000
G1 F10800
G1 X30.97 Y80.71 E.05401
G1 X32.004 Y81.745 E.04855
G1 X32.004 Y85.89 E.1375
G1 X30.97 Y84.855 E.04855
G1 X30.97 Y89 E.1375
G1 X32.004 Y90.035 E.04855
G1 X32.004 Y94.18 E.1375
G1 X30.97 Y93.145 E.04855
G1 X30.97 Y97.29 E.1375
G1 X32.004 Y98.325 E.04855
G1 X32.004 Y102.47 E.1375
G1 X30.97 Y101.435 E.04855
G1 X30.97 Y105.58 E.1375
G1 X32.004 Y106.615 E.04855
G1 X32.004 Y108.243 E.05401
G1 X30.97 Y108.097 F9000
G1 F10800
G1 X30.97 Y109.725 E.05401
G1 X32.004 Y110.76 E.04855
G1 X32.004 Y114.905 E.1375
G1 X30.97 Y113.87 E.04855
G1 X30.97 Y118.015 E.1375
G1 X32.004 Y119.05 E.04855
G1 X32.004 Y123.195 E.1375
G1 X30.97 Y122.16 E.04855
G1 X30.97 Y126.305 E.1375
G1 X32.004 Y127.34 E.04855
G1 X32.004 Y131.485 E.1375
G1 X30.97 Y130.45 E.04855
G1 X30.97 Y134.595 E.1375
G1 X32.004 Y135.63 E.04855
G1 X32.004 Y139.775 E.1375
G1 X30.97 Y138.74 E.04855
G1 X30.97 Y142.885 E.1375
G1 X32.004 Y143.92 E.04855
G1 X32.004 Y148.065 E.1375
G1 X30.97 Y147.03 E.04855
G1 X30.97 Y151.175 E.1375
G1 X32.004 Y152.21 E.04855
G1 X32.004 Y156.355 E.1375
G1 X30.97 Y155.32 E.04855
G1 X30.97 Y159.465 E.1375
G1 X32.004 Y160.5 E.04855
G1 X32.004 Y164.645 E.1375
G1 X30.97 Y163.61 E.04855
G1 X30.97 Y167.755 E.1375
G1 X32.245 Y169.03 E.05982
G1 X36.39 Y169.03 E.1375
G1 X35.355 Y167.996 E.04855
G1 X39.5 Y167.996 E.1375
G1 X40.535 Y169.03 E.04855
G1 X44.68 Y169.03 E.1375
G1 X43.645 Y167.996 E.04855
G1 X47.79 Y167.996 E.1375
G1 X48.825 Y169.03 E.04855
G1 X52.97 Y169.03 E.1375
G1 X51.935 Y167.996 E.04855
G1 X56.08 Y167.996 E.1375
G1 X57.115 Y169.03 E.04855
G1 X61.26 Y169.03 E.1375
G1 X60.225 Y167.996 E.04855
G1 X61.853 Y167.996 E.05401
G1 X63.777 Y169.03 F9000
G1 F10800
G1 X65.405 Y169.03 E.05401
G1 X64.37 Y167.996 E.04855
G1 X68.515 Y167.996 E.1375
G1 X69.55 Y169.03 E.04855
G1 X73.695 Y169.03 E.1375
G1 X72.66 Y167.996 E.04855
G1 X76.805 Y167.996 E.1375
G1 X77.84 Y169.03 E.04855
G1 X81.985 Y169.03 E.1375
G1 X80.95 Y167.996 E.04855
G1 X85.095 Y167.996 E.1375
G1 X86.13 Y169.03 E.04855
G1 X90.275 Y169.03 E.1375
G1 X89.24 Y167.996 E.04855
G1 X93.385 Y167.996 E.1375
G1 X94.42 Y169.03 E.04855
G1 X98.565 Y169.03 E.1375
G1 X97.53 Y167.996 E.04855
G1 X101.675 Y167.996 E.1375
G1 X102.71 Y169.03 E.04855
G1 X106.855 Y169.03 E.1375
G1 X105.82 Y167.996 E.04855
G1 X109.965 Y167.996 E.1375
G1 X111 Y169.03 E.04855
G1 X115.145 Y169.03 E.1375
G1 X114.11 Y167.996 E.04855
G1 X118.255 Y167.996 E.1375
G1 X119.29 Y169.03 E.04855
G1 X123.435 Y169.03 E.1375
G1 X122.4 Y167.996 E.04855
G1 X124.029 Y167.996 E.05401
G1 X125.952 Y169.03 F9000
G1 F10800
G1 X127.58 Y169.03 E.05401
G1 X126.545 Y167.996 E.04855
G1 X130.69 Y167.996 E.1375
G1 X131.725 Y169.03 E.04855
G1 X135.87 Y169.03 E.1375
G1 X134.835 Y167.996 E.04855
G1 X138.98 Y167.996 E.1375
G1 X140.015 Y169.03 E.04855
G1 X144.16 Y169.03 E.1375
G1 X143.125 Y167.996 E.04855
G1 X147.271 Y167.996 E.1375
G1 X148.305 Y169.03 E.04855
G1 X152.45 Y169.03 E.1375
G1 X151.416 Y167.996 E.04855
G1 X155.561 Y167.996 E.1375
G1 X156.595 Y169.03 E.04855
G1 X160.74 Y169.03 E.1375
G1 X159.706 Y167.996 E.04855
G1 X161.334 Y167.996 E.05401
G1 X163.257 Y169.03 F9000
G1 F10800
G1 X164.885 Y169.03 E.05401
G1 X163.851 Y167.996 E.04855
G1 X167.996 Y167.996 E.1375
G1 X169.03 Y169.03 E.04855
G1 X167.402 Y169.03 E.05401
G1 E-.97778 F2400
;WIPE_START
G1 F10800
G1 X168.402 Y169.03 E-.22222
;WIPE_END
G1 F9000
G1 X169.01 Y168.167 Z2.05714
G1 X170.064 Y168.103 Z2.11429
G1 X170.771 Y168.887 Z2.17143
G1 X170.598 Y169.929 Z2.22857
G1 X169.676 Y170.444 Z2.28571
G1 X168.699 Y170.044 Z2.34286
G1 X168.402 Y169.03 Z2.4
G1 X187.601 Y53.1 Z2.4
G1 Z2
G1 E1.2 F1800
;TYPE:Internal solid infill
;WIDTH:0.463791
G1 F10800
G1 X187.504 Y52.76 E.01213
G1 X187.308 Y52.541 E.01007
G1 X186.959 Y52.405 E.01285
;WIDTH:0.417982
G1 X186.687 Y52.386 E.00834
;WIDTH:0.360345
G1 X186.415 Y52.367 E.00706
G1 X33.627 Y52.367 E3.95202
;WIDTH:0.376646
G1 X33.364 Y52.383 E.00717
;WIDTH:0.409318
G1 X33.1 Y52.399 E.00788
;WIDTH:0.438889
G1 X32.928 Y52.449 E.00579
;WIDTH:0.467917
G1 X32.755 Y52.498 E.00622
G1 X32.541 Y52.692 E.01
G1 X32.41 Y53.021 E.01227
;WIDTH:0.421379
G1 X32.389 Y53.303 E.00872
;WIDTH:0.35982
G1 X32.368 Y53.585 E.0073
G1 X32.367 Y166.373 E2.91258
;WIDTH:0.376643
G1 X32.383 Y166.636 E.00717
;WIDTH:0.409317
G1 X32.399 Y166.9 E.00788
;WIDTH:0.43889
G1 X32.449 Y167.072 E.00579
;WIDTH:0.467917
G1 X32.498 Y167.245 E.00622
G1 X32.692 Y167.459 E.01
G1 X33.021 Y167.59 E.01227
;WIDTH:0.421376
G1 X33.303 Y167.611 E.00872
;WIDTH:0.359806
G1 X33.585 Y167.632 E.0073
G1 X186.373 Y167.633 E3.94533
;WIDTH:0.376643
G1 X186.636 Y167.617 E.00717
;WIDTH:0.409318
G1 X186.9 Y167.601 E.00788
;WIDTH:0.438891
G1 X187.072 Y167.551 E.00579
;WIDTH:0.467611
G1 X187.245 Y167.502 E.00621
G1 X187.459 Y167.308 E.01
G1 X187.593 Y166.973 E.0125
;WIDTH:0.420782
G1 X187.613 Y166.694 E.0086
;WIDTH:0.360262
G1 X187.633 Y166.415 E.00723
G1 X187.633 Y53.627 E2.91663
;WIDTH:0.376645
G1 X187.618 Y53.384 E.00663
;WIDTH:0.392982
G1 X187.603 Y53.14 E.00695
G1 E-1.14582 F2400
;WIPE_START
G1 F10800
G1 X187.618 Y53.384 E-.05418
;WIPE_END
G1 F9000
G1 X186.581 Y53.5811 Z2.05714
G1 X185.78 Y52.8932 Z2.11429
G1 X185.818 Y51.8378 Z2.17143
G1 X186.667 Y51.2097 Z2.22857
G1 X187.687 Y51.4818 Z2.28571
G1 X188.111 Y52.4493 Z2.34286
G1 X187.618 Y53.3835 Z2.4
G1 X33.627 Y167.315 Z2.4
G1 Z2
G1 E1.2 F1800
;WIDTH:0.379946
G1 F10800
G1 X33.391 Y167.271 E.00658
;WIDTH:0.421376
G1 X33.156 Y167.226 E.00739
;WIDTH:0.448294
G1 X32.892 Y167.05 E.01047
G1 X32.734 Y166.72 E.01208
;WIDTH:0.359827
G1 X32.684 Y166.373 E.00906
G1 X32.685 Y53.627 E2.91155
;WIDTH:0.379949
G1 X32.729 Y53.391 E.00658
;WIDTH:0.421379
G1 X32.774 Y53.156 E.00739
;WIDTH:0.448294
G1 X32.95 Y52.892 E.01047
G1 X33.28 Y52.734 E.01208
;WIDTH:0.360352
G1 X33.627 Y52.684 E.00908
G1 X186.373 Y52.684 E3.95103
;WIDTH:0.379534
G1 X186.6 Y52.725 E.00632
;WIDTH:0.417982
G1 X186.826 Y52.765 E.00704
;WIDTH:0.44707
G1 X187.108 Y52.95 E.01108
G1 X187.266 Y53.28 E.01204
;WIDTH:0.360268
G1 X187.316 Y53.627 E.00907
G1 X187.316 Y166.373 E2.9156
;WIDTH:0.380338
G1 X187.272 Y166.606 E.00651
;WIDTH:0.420782
G1 X187.229 Y166.838 E.00729
;WIDTH:0.448158
G1 X187.05 Y167.108 E.01068
G1 X186.72 Y167.266 E.01207
;WIDTH:0.360388
G1 X186.373 Y167.316 E.00908
G1 X33.667 Y167.315 E3.95045
; stop printing object Object_1 id:94613208297312 copy 0
;LAYER_CHANGE
;Z:2.2
;HEIGHT:0.2
;BEFORE_LAYER_CHANGE
;2.2
G92 E0

G1 E-.97778 F2400
;WIPE_START
G1 F10800
G1 X34.667 Y167.315 E-.22222
;WIPE_END
;_SET_FAN_SPEED_CHANGING_LAYER
; printing object Object_1 id:94613208297312 copy 0
G1 F9000
G1 X33.6111 Y167.339 Z2.25714
G1 X32.9342 Y166.529 Z2.31429
G1 X33.1458 Y165.494 Z2.37143
G1 X34.0867 Y165.015 Z2.42857
G1 X35.0483 Y165.451 Z2.48571
G1 X35.3065 Y166.475 Z2.54286
G1 X34.6669 Y167.315 Z2.6
G1 X30.624 Y169.376 Z2.6
G1 Z2.2
G1 E1.2 F1800
M204 P2000
;TYPE:Inner wall
;WIDTH:0.449999
G1 F5400
G1 X30.624 Y50.624 E3.93925
G1 X189.376 Y50.624 E5.26612
G1 X189.376 Y169.376 E3.93925
G1 X30.664 Y169.376 E5.26479
M204 T1000
G1 X30.21 Y169.79 F9000
M204 P1000
;TYPE:Outer wall
;WIDTH:0.419999
G1 F3600
G1 X30.21 Y50.21 E3.67435
G1 X189.79 Y50.21 E4.90344
G1 X189.79 Y169.79 E3.67435
G1 X30.25 Y169.79 E4.90221
M204 T2500
G1 E-.84 F2400
;WIPE_START
G1 F3600
G1 X30.25 Y168.79 E-.36
;WIPE_END
G1 F9000
G1 X31.2069 Y169.236 Z2.25714
G1 X31.455 Y170.262 Z2.31429
G1 X30.8072 Y171.096 Z2.37143
G1 X29.7513 Y171.11 Z2.42857
G1 X29.0823 Y170.293 Z2.48571
G1 X29.3041 Y169.26 Z2.54286
G1 X30.2497 Y168.79 Z2.6
G1 X186.475 Y166.793 Z2.6
G1 Z2.2
G1 E1.2 F1800
M204 P2000
;TYPE:Inner wall
;WIDTH:0.449999
G1 F5400
G1 X186.488 Y166.79 E.00044
G1 X186.668 Y166.668 E.00722
G1 X186.79 Y166.488 E.00722
G1 X186.838 Y166.257 E.00781
G1 X186.838 Y53.743 E3.7323
G1 X186.79 Y53.512 E.00781
G1 X186.668 Y53.332 E.00722
G1 X186.488 Y53.21 E.00722
G1 X186.257 Y53.162 E.00781
G1 X33.743 Y53.162 E5.05918
G1 X33.512 Y53.21 E.00781
G1 X33.332 Y53.332 E.00722
G1 X33.21 Y53.512 E.00722
G1 X33.162 Y53.743 E.00781
G1 X33.162 Y166.257 E3.7323
G1 X33.21 Y166.488 E.00781
G1 X33.332 Y166.668 E.00722
G1 X33.512 Y166.79 E.00722
G1 X33.743 Y166.838 E.00781
G1 X186.257 Y166.838 E5.05918
G1 X186.436 Y166.801 E.00604
M204 T1000
G1 X186.313 Y166.424 F9000
M204 P1000
;TYPE:Outer wall
;WIDTH:0.419999
G1 F3300
G1 X186.422 Y166.286 E.0054
G1 X186.422 Y165.538 E.02298
G1 X186.424 Y54.489 E3.41222
G1 X186.424 Y53.743 E.02292
G1 F2640
G1 X186.375 Y53.625 E.00393
G1 X186.257 Y53.576 E.00393
G1 F3360
G1 X185.511 Y53.576 E.02292
G1 X34.489 Y53.576 E4.64048
G1 X33.743 Y53.576 E.02292
G1 F2640
G1 X33.625 Y53.625 E.00393
G1 X33.576 Y53.743 E.00393
G1 F3360
G1 X33.576 Y54.489 E.02292
G1 X33.576 Y165.511 E3.41139
G1 X33.576 Y166.257 E.02292
G1 F2640
G1 X33.625 Y166.375 E.00393
G1 X33.743 Y166.424 E.00393
G1 F3360
G1 X34.489 Y166.424 E.02292
G1 X185.527 Y166.424 E4.64097
G1 X186.273 Y166.424 E.02292
M204 T2500
G1 E-.84 F2400
;WIPE_START
G1 F3360
G1 X186.422 Y166.286 E-.07318
G1 X186.422 Y165.489 E-.28682
;WIPE_END
G1 F9000
G1 X185.428 Y165.133 Z2.25714
G1 X185.086 Y164.134 Z2.31429
G1 X185.654 Y163.244 Z2.37143
G1 X186.704 Y163.133 Z2.42857
G1 X187.446 Y163.885 Z2.48571
G1 X187.32 Y164.934 Z2.54286
G1 X186.422 Y165.489 Z2.6
G1 X165.21 Y167.726 Z2.6
G1 Z2.2
G1 E1.2 F1800
M204 P2500
;TYPE:Sparse infill
;WIDTH:0.45
G1 F10800
G1 X163.581 Y167.726 E.05401
G1 X164.885 Y169.03 E.06118
G1 X169.03 Y169.03 E.1375
G1 X167.726 Y167.726 E.06118
G1 X171.871 Y167.726 E.1375
G1 X173.175 Y169.03 E.06118
G1 X177.32 Y169.03 E.1375
G1 X176.016 Y167.726 E.06118
G1 X180.161 Y167.726 E.1375
G1 X181.466 Y169.03 E.06118
G1 X185.611 Y169.03 E.1375
G1 X184.306 Y167.726 E.06118
G1 X186.721 Y167.726 E.0801
G1 X186.918 Y167.706 E.00657
G1 X187.155 Y167.625 E.00829
G1 X187.402 Y167.457 E.00991
G1 X187.625 Y167.155 E.01246
G1 X187.691 Y166.966 E.00663
G1 X189.03 Y168.305 E.06283
G1 X189.03 Y164.16 E.1375
G1 X187.726 Y162.856 E.06118
G1 X187.726 Y158.711 E.1375
G1 X189.03 Y160.015 E.06118
G1 X189.03 Y155.87 E.1375
G1 X187.726 Y154.566 E.06118
G1 X187.726 Y150.421 E.1375
G1 X189.03 Y151.725 E.06118
G1 X189.03 Y147.58 E.1375
G1 X187.726 Y146.276 E.06118
G1 X187.726 Y142.131 E.1375
G1 X189.03 Y143.435 E.06118
G1 X189.03 Y145.064 E.05401
G1 X187.726 Y136.358 F9000
G1 F10800
G1 X187.726 Y137.986 E.05401
G1 X189.03 Y139.29 E.06118
G1 X189.03 Y135.145 E.1375
G1 X187.726 Y133.841 E.06118
G1 X187.726 Y129.696 E.1375
G1 X189.03 Y131 E.06118
G1 X189.03 Y126.855 E.1375
G1 X187.726 Y125.551 E.06118
G1 X187.726 Y123.923 E.05401
G1 X189.03 Y124.338 F9000
G1 F10800
G1 X189.03 Y122.71 E.05401
G1 X187.726 Y121.406 E.06118
G1 X187.726 Y117.261 E.1375
G1 X189.03 Y118.565 E.06118
G1 X189.03 Y114.42 E.1375
G1 X187.726 Y113.116 E.06118
G1 X187.726 Y108.971 E.1375
G1 X189.03 Y110.275 E.06118
G1 X189.03 Y111.903 E.05401
G1 X187.726 Y103.198 F9000
G1 F10800
G1 X187.726 Y104.826 E.05401
G1 X189.03 Y106.13 E.06118
G1 X189.03 Y101.985 E.1375
G1 X187.726 Y100.681 E.06118
G1 X187.726 Y96.536 E.1375
G1 X189.03 Y97.84 E.06118
G1 X189.03 Y93.695 E.1375
G1 X187.726 Y92.391 E.06118
G1 X187.726 Y88.246 E.1375
G1 X189.03 Y89.55 E.06118
G1 X189.03 Y85.405 E.1375
G1 X187.726 Y84.101 E.06118
G1 X187.726 Y79.956 E.1375
G1 X189.03 Y81.26 E.06118
G1 X189.03 Y82.888 E.05401
G1 X187.726 Y74.182 F9000
G1 F10800
G1 X187.726 Y75.811 E.05401
G1 X189.03 Y77.115 E.06118
G1 X189.03 Y72.97 E.1375
G1 X187.726 Y71.666 E.06118
G1 X187.726 Y67.521 E.1375
G1 X189.03 Y68.825 E.06118
G1 X189.03 Y64.68 E.1375
G1 X187.726 Y63.376 E.06118
G1 X187.726 Y59.231 E.1375
G1 X189.03 Y60.535 E.06118
G1 X189.03 Y56.39 E.1375
G1 X187.726 Y55.086 E.06118
G1 X187.726 Y53.278 E.05996
G1 X187.657 Y52.92 E.01208
G1 X187.625 Y52.846 E.00269
G1 X187.457 Y52.598 E.00993
G1 X187.154 Y52.375 E.01247
G1 X187.08 Y52.343 E.00269
G1 X186.722 Y52.274 E.01208
G1 X184.914 Y52.274 E.05996
G1 X183.61 Y50.97 E.06118
G1 X179.465 Y50.97 E.1375
G1 X180.769 Y52.274 E.06118
G1 X176.624 Y52.274 E.1375
G1 X175.32 Y50.97 E.06118
G1 X171.175 Y50.97 E.1375
G1 X172.479 Y52.274 E.06118
G1 X168.334 Y52.274 E.1375
G1 X167.03 Y50.97 E.06118
G1 X162.885 Y50.97 E.1375
G1 X164.189 Y52.274 E.06118
G1 X160.044 Y52.274 E.1375
G1 X158.74 Y50.97 E.06118
G1 X154.595 Y50.97 E.1375
G1 X155.899 Y52.274 E.06118
G1 X151.754 Y52.274 E.1375
G1 X150.45 Y50.97 E.06118
G1 X152.078 Y50.97 E.05401
G1 X145.981 Y52.274 F9000
G1 F10800
G1 X147.609 Y52.274 E.05401
G1 X146.305 Y50.97 E.06118
G1 X142.16 Y50.97 E.1375
G1 X143.464 Y52.274 E.06118
G1 X139.319 Y52.274 E.1375
G1 X138.015 Y50.97 E.06118
G1 X133.87 Y50.97 E.1375
G1 X135.174 Y52.274 E.06118
G1 X133.546 Y52.274 E.05401
G1 X131.353 Y50.97 F9000
G1 F10800
G1 X129.725 Y50.97 E.05401
G1 X131.029 Y52.274 E.06118
G1 X126.884 Y52.274 E.1375
G1 X125.58 Y50.97 E.06118
G1 X121.435 Y50.97 E.1375
G1 X122.739 Y52.274 E.06118
G1 X118.594 Y52.274 E.1375
G1 X117.29 Y50.97 E.06118
G1 X118.918 Y50.97 E.05401
G1 X112.821 Y52.274 F9000
G1 F10800
G1 X114.449 Y52.274 E.05401
G1 X113.145 Y50.97 E.06118
G1 X109 Y50.97 E.1375
G1 X110.304 Y52.274 E.06118
G1 X106.159 Y52.274 E.1375
G1 X104.855 Y50.97 E.06118
G1 X100.71 Y50.97 E.1375
G1 X102.014 Y52.274 E.06118
G1 X97.869 Y52.274 E.1375
G1 X96.565 Y50.97 E.06118
G1 X92.42 Y50.97 E.1375
G1 X93.724 Y52.274 E.06118
G1 X92.096 Y52.274 E.05401
G1 X89.903 Y50.97 F9000
G1 F10800
G1 X88.275 Y50.97 E.05401
G1 X89.579 Y52.274 E.06118
G1 X85.434 Y52.274 E.1375
G1 X84.13 Y50.97 E.06118
G1 X79.985 Y50.97 E.1375
G1 X81.289 Y52.274 E.06118
G1 X77.144 Y52.274 E.1375
G1 X75.84 Y50.97 E.06118
G1 X71.695 Y50.97 E.1375
G1 X72.999 Y52.274 E.06118
G1 X68.854 Y52.274 E.1375
G1 X67.55 Y50.97 E.06118
G1 X63.405 Y50.97 E.1375
G1 X64.709 Y52.274 E.06118
G1 X60.564 Y52.274 E.1375
G1 X59.26 Y50.97 E.06118
G1 X60.888 Y50.97 E.05401
G1 X54.79 Y52.274 F9000
G1 F10800
G1 X56.419 Y52.274 E.05401
G1 X55.115 Y50.97 E.06118
G1 X50.97 Y50.97 E.1375
G1 X52.274 Y52.274 E.06118
G1 X48.129 Y52.274 E.1375
G1 X46.825 Y50.97 E.06118
G1 X42.68 Y50.97 E.1375
G1 X43.984 Y52.274 E.06118
G1 X39.839 Y52.274 E.1375
G1 X38.534 Y50.97 E.06118
G1 X34.389 Y50.97 E.1375
G1 X35.694 Y52.274 E.06118
G1 X33.279 Y52.274 E.0801
G1 X33.082 Y52.294 E.00657
G1 X32.845 Y52.375 E.00829
G1 X32.598 Y52.543 E.00991
G1 X32.375 Y52.846 E.01247
G1 X32.318 Y53.043 E.00681
G1 X30.97 Y51.695 E.06326
G1 X30.97 Y55.84 E.1375
G1 X32.274 Y57.144 E.06118
G1 X32.274 Y61.289 E.1375
G1 X30.97 Y59.985 E.06118
G1 X30.97 Y64.13 E.1375
G1 X32.274 Y65.434 E.06118
G1 X32.274 Y67.062 E.05401
G1 X30.97 Y66.646 F9000
G1 F10800
G1 X30.97 Y68.275 E.05401
G1 X32.274 Y69.579 E.06118
G1 X32.274 Y73.724 E.1375
G1 X30.97 Y72.42 E.06118
G1 X30.97 Y76.565 E.1375
G1 X32.274 Y77.869 E.06118
G1 X32.274 Y79.497 E.05401
G1 X30.97 Y79.081 F9000
G1 F10800
G1 X30.97 Y80.71 E.05401
G1 X32.274 Y82.014 E.06118
G1 X32.274 Y86.159 E.1375
G1 X30.97 Y84.855 E.06118
G1 X30.97 Y89 E.1375
G1 X32.274 Y90.304 E.06118
G1 X32.274 Y94.449 E.1375
G1 X30.97 Y93.145 E.06118
G1 X30.97 Y97.29 E.1375
G1 X32.274 Y98.594 E.06118
G1 X32.274 Y102.739 E.1375
G1 X30.97 Y101.435 E.06118
G1 X30.97 Y105.58 E.1375
G1 X32.274 Y106.884 E.06118
G1 X32.274 Y111.029 E.1375
G1 X30.97 Y109.725 E.06118
G1 X30.97 Y113.87 E.1375
G1 X32.274 Y115.174 E.06118
G1 X32.274 Y119.319 E.1375
G1 X30.97 Y118.015 E.06118
G1 X30.97 Y122.16 E.1375
G1 X32.274 Y123.464 E.06118
G1 X32.274 Y125.093 E.05401
G1 X30.97 Y124.677 F9000
G1 F10800
G1 X30.97 Y126.305 E.05401
G1 X32.274 Y127.609 E.06118
G1 X32.274 Y131.754 E.1375
G1 X30.97 Y130.45 E.06118
G1 X30.97 Y134.595 E.1375
G1 X32.274 Y135.899 E.06118
G1 X32.274 Y140.044 E.1375
G1 X30.97 Y138.74 E.06118
G1 X30.97 Y137.112 E.05401
G1 X32.274 Y145.818 F9000
G1 F10800
G1 X32.274 Y144.189 E.05401
G1 X30.97 Y142.885 E.06118
G1 X30.97 Y147.03 E.1375
G1 X32.274 Y148.334 E.06118
G1 X32.274 Y152.479 E.1375
G1 X30.97 Y151.175 E.06118
G1 X30.97 Y152.804 E.05401
G1 X32.274 Y154.996 F9000
G1 F10800
G1 X32.274 Y156.624 E.05401
G1 X30.97 Y155.32 E.06118
G1 X30.97 Y159.465 E.1375
G1 X32.274 Y160.769 E.06118
G1 X32.274 Y164.914 E.1375
G1 X30.97 Y163.61 E.06118
G1 X30.97 Y167.755 E.1375
G1 X32.245 Y169.03 E.05982
G1 X36.39 Y169.03 E.1375
G1 X35.086 Y167.726 E.06118
G1 X39.231 Y167.726 E.1375
G1 X40.535 Y169.03 E.06118
G1 X38.906 Y169.03 E.05401
G1 X45.004 Y167.726 F9000
G1 F10800
G1 X43.376 Y167.726 E.05401
G1 X44.68 Y169.03 E.06118
G1 X48.825 Y169.03 E.1375
G1 X47.521 Y167.726 E.06118
G1 X51.666 Y167.726 E.1375
G1 X52.97 Y169.03 E.06118
G1 X57.115 Y169.03 E.1375
G1 X55.811 Y167.726 E.06118
G1 X59.956 Y167.726 E.1375
G1 X61.26 Y169.03 E.06118
G1 X59.632 Y169.03 E.05401
G1 X65.729 Y167.726 F9000
G1 F10800
G1 X64.101 Y167.726 E.05401
G1 X65.405 Y169.03 E.06118
G1 X69.55 Y169.03 E.1375
G1 X68.246 Y167.726 E.06118
G1 X72.391 Y167.726 E.1375
G1 X73.695 Y169.03 E.06118
G1 X77.84 Y169.03 E.1375
G1 X76.536 Y167.726 E.06118
G1 X80.681 Y167.726 E.1375
G1 X81.985 Y169.03 E.06118
G1 X83.613 Y169.03 E.05401
G1 X86.454 Y167.726 F9000
G1 F10800
G1 X84.826 Y167.726 E.05401
G1 X86.13 Y169.03 E.06118
G1 X90.275 Y169.03 E.1375
G1 X88.971 Y167.726 E.06118
G1 X93.116 Y167.726 E.1375
G1 X94.42 Y169.03 E.06118
G1 X98.565 Y169.03 E.1375
G1 X97.261 Y167.726 E.06118
G1 X98.889 Y167.726 E.05401
G1 X101.082 Y169.03 F9000
G1 F10800
G1 X102.71 Y169.03 E.05401
G1 X101.406 Y167.726 E.06118
G1 X105.551 Y167.726 E.1375
G1 X106.855 Y169.03 E.06118
G1 X111 Y169.03 E.1375
G1 X109.696 Y167.726 E.06118
G1 X113.841 Y167.726 E.1375
G1 X115.145 Y169.03 E.06118
G1 X119.29 Y169.03 E.1375
G1 X117.986 Y167.726 E.06118
G1 X119.614 Y167.726 E.05401
G1 X121.807 Y169.03 F9000
G1 F10800
G1 X123.435 Y169.03 E.05401
G1 X122.131 Y167.726 E.06118
G1 X126.276 Y167.726 E.1375
G1 X127.58 Y169.03 E.06118
G1 X131.725 Y169.03 E.1375
G1 X130.421 Y167.726 E.06118
G1 X134.566 Y167.726 E.1375
G1 X135.87 Y169.03 E.06118
G1 X140.015 Y169.03 E.1375
G1 X138.711 Y167.726 E.06118
G1 X142.856 Y167.726 E.1375
G1 X144.16 Y169.03 E.06118
G1 X148.305 Y169.03 E.1375
G1 X147.001 Y167.726 E.06118
G1 X151.146 Y167.726 E.1375
G1 X152.45 Y169.03 E.06118
G1 X156.595 Y169.03 E.1375
G1 X155.291 Y167.726 E.06118
G1 X159.436 Y167.726 E.1375
G1 X160.74 Y169.03 E.06118
G1 X159.112 Y169.03 E.05401
G1 E-.97778 F2400
;WIPE_START
G1 F10800
G1 X160.112 Y169.03 E-.22222
;WIPE_END
G1 F9000
G1 X160.788 Y168.219 Z2.25714
G1 X161.844 Y168.242 Z2.31429
G1 X162.484 Y169.082 Z2.37143
G1 X162.227 Y170.106 Z2.42857
G1 X161.266 Y170.544 Z2.48571
G1 X160.325 Y170.065 Z2.54286
G1 X160.112 Y169.03 Z2.6
G1 X189.03 Y53.873 Z2.6
G1 Z2.2
G1 E1.2 F1800
G1 F10800
G1 X189.03 Y52.245 E.05401
G1 X187.755 Y50.97 E.05982
G1 X186.127 Y50.97 E.05401
G1 X186.307 Y52.72 F9000
;TYPE:Internal solid infill
;WIDTH:0.509785
G1 F10800
G1 X186.395 Y52.762 E.00373
;WIDTH:0.470686
G1 X186.484 Y52.804 E.00341
;WIDTH:0.431587
G1 X186.573 Y52.845 E.0031
;WIDTH:0.381539
G1 X186.661 Y52.887 E.0027
G1 X186.948 Y53.096 E.00979
G1 X187.153 Y53.395 E.01001
;WIDTH:0.423572
G1 X187.195 Y53.494 E.00335
;WIDTH:0.465851
G1 X187.237 Y53.594 E.00373
;WIDTH:0.508131
G1 X187.28 Y53.693 E.0041
;WIDTH:0.510464
G1 X187.298 Y53.599 E.00366
;WIDTH:0.472852
G1 X187.317 Y53.505 E.00337
;WIDTH:0.43524
G1 X187.336 Y53.411 E.00307
;WIDTH:0.379182
G1 X187.355 Y53.317 E.00263
G1 X187.29 Y53.018 E.00838
G1 X187.092 Y52.783 E.00842
G1 X186.955 Y52.701 E.00438
G1 X186.625 Y52.658 E.00912
;WIDTH:0.425162
G1 X186.532 Y52.676 E.00295
;WIDTH:0.466831
G1 X186.439 Y52.695 E.00327
;WIDTH:0.487665
G1 X186.346 Y52.713 E.00343
G1 X187.28 Y53.693 F9000
;WIDTH:0.524219
G1 F10800
G1 X187.282 Y166.259 E4.41479
G1 X186.299 Y167.28 F9000
;WIDTH:0.508411
G1 F10800
G1 X186.414 Y167.297 E.00441
;WIDTH:0.469389
G1 X186.529 Y167.313 E.00404
;WIDTH:0.430367
G1 X186.644 Y167.33 E.00367
;WIDTH:0.378231
G1 X186.759 Y167.347 E.00317
G1 X186.987 Y167.289 E.00644
G1 X187.217 Y167.092 E.00826
G1 X187.301 Y166.952 E.00448
G1 X187.343 Y166.625 E.00901
;WIDTH:0.421662
G1 X187.322 Y166.519 E.00334
;WIDTH:0.462834
G1 X187.301 Y166.412 E.0037
;WIDTH:0.504005
G1 X187.279 Y166.306 E.00406
;WIDTH:0.505636
G1 X187.238 Y166.395 E.00369
;WIDTH:0.467726
G1 X187.196 Y166.484 E.00339
;WIDTH:0.429815
G1 X187.155 Y166.573 E.00309
;WIDTH:0.381238
G1 X187.113 Y166.661 E.0027
G1 X186.904 Y166.948 E.00978
G1 X186.605 Y167.152 E.00999
;WIDTH:0.421529
G1 X186.515 Y167.189 E.003
;WIDTH:0.464086
G1 X186.426 Y167.227 E.00334
;WIDTH:0.485365
G1 X186.336 Y167.265 E.0035
G1 X186.299 Y167.28 F9000
;WIDTH:0.524275
G1 F10800
G1 X33.734 Y167.28 E5.98428
G1 X33.694 Y167.278 F9000
;WIDTH:0.507876
G1 F10800
G1 X33.605 Y167.237 E.00371
;WIDTH:0.469327
G1 X33.516 Y167.196 E.0034
;WIDTH:0.430779
G1 X33.427 Y167.155 E.00309
;WIDTH:0.381272
G1 X33.339 Y167.113 E.0027
G1 X33.052 Y166.904 E.00978
G1 X32.848 Y166.605 E.00999
;WIDTH:0.421502
G1 X32.805 Y166.503 E.00341
;WIDTH:0.464044
G1 X32.763 Y166.401 E.00379
;WIDTH:0.506586
G1 X32.72 Y166.299 E.00418
;WIDTH:0.508353
G1 X32.703 Y166.414 E.00441
;WIDTH:0.469347
G1 X32.687 Y166.529 E.00404
;WIDTH:0.43034
G1 X32.67 Y166.644 E.00367
;WIDTH:0.374461
G1 X32.653 Y166.759 E.00314
G1 X32.711 Y166.987 E.00637
G1 X32.908 Y167.217 E.00817
G1 X33.045 Y167.3 E.00432
G1 X33.3 Y167.355 E.00705
;WIDTH:0.393522
G1 X33.389 Y167.338 E.00258
;WIDTH:0.431702
G1 X33.477 Y167.32 E.00286
;WIDTH:0.469881
G1 X33.566 Y167.303 E.00314
;WIDTH:0.488971
G1 X33.654 Y167.286 E.00328
G1 X32.72 Y166.299 F9000
;WIDTH:0.524212
G1 F10800
G1 X32.719 Y53.734 E4.41472
G1 X33.701 Y52.72 F9000
;WIDTH:0.508417
G1 F10800
G1 X33.586 Y52.703 E.00441
;WIDTH:0.469394
G1 X33.471 Y52.687 E.00404
;WIDTH:0.430371
G1 X33.356 Y52.67 E.00367
;WIDTH:0.374459
G1 X33.241 Y52.653 E.00314
G1 X33.013 Y52.711 E.00636
G1 X32.783 Y52.908 E.00817
G1 X32.7 Y53.045 E.00432
G1 X32.645 Y53.3 E.00705
;WIDTH:0.393487
G1 X32.664 Y53.399 E.00286
;WIDTH:0.43166
G1 X32.683 Y53.497 E.00317
;WIDTH:0.469833
G1 X32.702 Y53.595 E.00349
;WIDTH:0.508006
G1 X32.722 Y53.694 E.0038
;WIDTH:0.507825
G1 X32.763 Y53.605 E.00371
;WIDTH:0.469289
G1 X32.804 Y53.516 E.0034
;WIDTH:0.430754
G1 X32.845 Y53.427 E.00309
;WIDTH:0.381278
G1 X32.887 Y53.339 E.0027
G1 X33.096 Y53.052 E.00978
G1 X33.395 Y52.848 E.00999
;WIDTH:0.421538
G1 X33.485 Y52.811 E.003
;WIDTH:0.464094
G1 X33.574 Y52.773 E.00334
;WIDTH:0.485372
G1 X33.664 Y52.735 E.0035
G1 X33.701 Y52.72 F9000
;WIDTH:0.524281
G1 F10800
G1 X186.267 Y52.718 E5.98437
; stop printing object Object_1 id:94613208297312 copy 0
;LAYER_CHANGE
;Z:2.4
;HEIGHT:0.2
;BEFORE_LAYER_CHANGE
;2.4
G92 E0

G1 E-.97778 F2400
;WIPE_START
G1 F10800
G1 X185.267 Y52.718 E-.22222
;WIPE_END
;_SET_FAN_SPEED_CHANGING_LAYER
; printing object Object_1 id:94613208297312 copy 0
G1 F9000
G1 X184.231 Y52.9257 Z2.45714
G1 X183.423 Y52.2453 Z2.51429
G1 X183.452 Y51.1896 Z2.57143
G1 X184.295 Y50.5536 Z2.62857
G1 X185.318 Y50.8162 Z2.68571
G1 X185.75 Y51.7797 Z2.74286
G1 X185.267 Y52.7185 Z2.8
G1 X30.624 Y169.376 Z2.8
G1 Z2.4
G1 E1.2 F1800
M204 P2000
;TYPE:Inner wall
;WIDTH:0.449999
G1 F5400
G1 X30.624 Y50.624 E3.93925
G1 X189.376 Y50.624 E5.26612
G1 X189.376 Y169.376 E3.93925
G1 X30.664 Y169.376 E5.26479
M204 T1000
G1 X30.21 Y169.79 F9000
M204 P1000
;TYPE:Outer wall
;WIDTH:0.419999
G1 F3600
G1 X30.21 Y50.21 E3.67435
G1 X189.79 Y50.21 E4.90344
G1 X189.79 Y169.79 E3.67435
G1 X30.25 Y169.79 E4.90221
M204 T2500
G1 E-.84 F2400
;WIPE_START
G1 F3600
G1 X30.25 Y168.79 E-.36
;WIPE_END
G1 F9000
G1 X31.2072 Y169.235 Z2.45714
G1 X31.4559 Y170.262 Z2.51429
G1 X30.8085 Y171.096 Z2.57143
G1 X29.7526 Y171.11 Z2.62857
G1 X29.0832 Y170.293 Z2.68571
G1 X29.3044 Y169.261 Z2.74286
G1 X30.2497 Y168.79 Z2.8
G1 X186.387 Y166.705 Z2.8
G1 Z2.4
G1 E1.2 F1800
M204 P2000
;TYPE:Inner wall
;WIDTH:0.449999
G1 F5400
G1 X186.4 Y166.703 E.00044
G1 X186.58 Y166.58 E.00722
G1 X186.703 Y166.4 E.00722
G1 X186.75 Y166.17 E.00781
G1 X186.75 Y53.83 E3.7265
G1 X186.703 Y53.6 E.00781
G1 X186.58 Y53.42 E.00722
G1 X186.4 Y53.297 E.00722
G1 X186.17 Y53.25 E.00781
G1 X33.83 Y53.25 E5.05338
G1 X33.6 Y53.297 E.00781
G1 X33.42 Y53.42 E.00722
G1 X33.297 Y53.6 E.00722
G1 X33.25 Y53.83 E.00781
G1 X33.25 Y166.17 E3.7265
G1 X33.297 Y166.4 E.00781
G1 X33.42 Y166.58 E.00722
G1 X33.6 Y166.703 E.00722
G1 X33.83 Y166.75 E.00781
G1 X186.17 Y166.75 E5.05338
G1 X186.348 Y166.713 E.00604
M204 T1000
G1 X186.225 Y166.337 F9000
M204 P1000
;TYPE:Outer wall
;WIDTH:0.419999
G1 F3600
G1 X186.334 Y166.199 E.00541
G1 X186.337 Y53.83 E3.45276
G1 X186.288 Y53.712 E.00393
G1 X186.17 Y53.663 E.00393
G1 X33.83 Y53.663 E4.68096
G1 X33.712 Y53.712 E.00393
G1 X33.663 Y53.83 E.00393
G1 X33.663 Y166.17 E3.45187
G1 X33.712 Y166.288 E.00393
G1 X33.83 Y166.337 E.00393
G1 X186.185 Y166.337 E4.68144
M204 T2500
G1 E-.84 F2400
;WIPE_START
G1 F3600
G1 X186.334 Y166.199 E-.07318
G1 X186.334 Y165.402 E-.28682
;WIPE_END
G1 F9000
G1 X186.355 Y166.458 Z2.45714
G1 X185.543 Y167.132 Z2.51429
G1 X184.509 Y166.918 Z2.57143
G1 X184.032 Y165.976 Z2.62857
G1 X184.471 Y165.016 Z2.68571
G1 X185.496 Y164.76 Z2.74286
G1 X186.334 Y165.402 Z2.8
G1 X187.92 Y168.533 Z2.8
G1 Z2.4
G1 E1.2 F1800
M204 P2500
;TYPE:Internal solid infill
;WIDTH:0.559753
G1 F10661.483
G1 X32.231 Y168.537 E6.55689
G1 X187.92 Y168.533 F9000
;WIDTH:0.547403
G1 F10800
G1 X188.08 Y168.555 E.00666
;WIDTH:0.503455
G1 X188.241 Y168.577 E.00608
;WIDTH:0.443255
G1 X188.401 Y168.599 E.00528
G1 X188.599 Y168.599 E.00644
G1 X188.599 Y168.336 E.00858
;WIDTH:0.459508
G1 X188.577 Y168.197 E.00476
;WIDTH:0.503455
G1 X188.555 Y168.058 E.00527
;WIDTH:0.547403
G1 X188.533 Y167.92 E.00577
G1 X188.427 Y168.049 E.00687
;WIDTH:0.503455
G1 X188.321 Y168.179 E.00627
;WIDTH:0.459508
G1 X188.215 Y168.308 E.00567
G1 X188.127 Y168.375 E.00375
;WIDTH:0.503455
G1 X188.04 Y168.442 E.00414
;WIDTH:0.525429
G1 X187.952 Y168.508 E.00434
G1 X188.537 Y52.191 F9000
;WIDTH:0.559746
G1 F10661.624
G1 X188.534 Y167.88 E4.87222
G1 X187.809 Y51.463 F9000
;WIDTH:0.539378
G1 F10800
G1 X187.96 Y51.554 E.00715
;WIDTH:0.49864
G1 X188.111 Y51.646 E.00656
;WIDTH:0.457903
G1 X188.262 Y51.738 E.00597
G1 X188.354 Y51.889 E.00597
;WIDTH:0.49864
G1 X188.446 Y52.04 E.00656
;WIDTH:0.539378
G1 X188.537 Y52.191 E.00715
G1 X188.558 Y52.015 E.00715
;WIDTH:0.49864
G1 X188.578 Y51.84 E.00656
;WIDTH:0.445721
G1 X188.599 Y51.664 E.0058
G1 X188.599 Y51.401 E.00863
;WIDTH:0.457903
G1 X188.349 Y51.421 E.00847
;WIDTH:0.49864
G1 X188.099 Y51.44 E.00931
;WIDTH:0.519009
G1 X187.849 Y51.459 E.00972
G1 X32.08 Y51.467 F9000
;WIDTH:0.547401
G1 F10800
G1 X31.92 Y51.445 E.00666
;WIDTH:0.503454
G1 X31.759 Y51.423 E.00608
;WIDTH:0.447439
G1 X31.599 Y51.401 E.00534
G1 X31.401 Y51.401 E.0065
;WIDTH:0.457902
G1 X31.422 Y51.665 E.00892
;WIDTH:0.498639
G1 X31.442 Y51.928 E.0098
;WIDTH:0.539376
G1 X31.463 Y52.191 E.01068
G1 X31.554 Y52.04 E.00715
;WIDTH:0.498639
G1 X31.646 Y51.889 E.00656
;WIDTH:0.457902
G1 X31.738 Y51.738 E.00597
;WIDTH:0.459507
G1 X31.842 Y51.656 E.00448
;WIDTH:0.503454
G1 X31.945 Y51.574 E.00496
;WIDTH:0.525427
G1 X32.049 Y51.492 E.00519
G1 X32.08 Y51.467 F9000
;WIDTH:0.559751
G1 F10661.523
G1 X187.769 Y51.463 E6.55687
G1 E-.97489 F2400
;WIPE_START
G1 F10661.523
G1 X186.769 Y51.463 E-.22511
;WIPE_END
G1 F9000
G1 X185.734 Y51.6718 Z2.45714
G1 X184.925 Y50.9929 Z2.51429
G1 X184.952 Y49.9372 Z2.57143
G1 X185.793 Y49.2996 Z2.62857
G1 X186.817 Y49.5603 Z2.68571
G1 X187.251 Y50.5229 Z2.74286
G1 X186.769 Y51.4626 Z2.8
G1 X32.191 Y168.537 Z2.8
G1 Z2.4
G1 E1.2 F1800
;WIDTH:0.539377
G1 F10800
G1 X32.04 Y168.446 E.00715
;WIDTH:0.498639
G1 X31.889 Y168.354 E.00656
;WIDTH:0.457901
G1 X31.738 Y168.262 E.00597
;WIDTH:0.459506
G1 X31.648 Y168.148 E.00494
;WIDTH:0.503453
G1 X31.558 Y168.034 E.00546
;WIDTH:0.547401
G1 X31.467 Y167.92 E.00598
G1 X31.445 Y168.08 E.00666
;WIDTH:0.503453
G1 X31.423 Y168.241 E.00608
;WIDTH:0.447439
G1 X31.401 Y168.401 E.00534
G1 X31.401 Y168.599 E.0065
;WIDTH:0.457901
G1 X31.651 Y168.579 E.00847
;WIDTH:0.498639
G1 X31.901 Y168.56 E.00931
;WIDTH:0.519008
G1 X32.151 Y168.541 E.00972
G1 X32.191 Y168.09 F9000
;WIDTH:0.419999
G1 F10800
G1 X32.011 Y167.989 E.00634
G1 X31.91 Y167.809 E.00634
G1 X31.91 Y52.191 E3.55262
G1 X32.011 Y52.011 E.00634
G1 X32.191 Y51.91 E.00634
G1 X187.809 Y51.91 E4.78171
G1 X187.989 Y52.011 E.00634
G1 X188.09 Y52.191 E.00634
G1 X188.088 Y167.842 E3.55363
G1 X187.943 Y168.035 E.00743
G1 X187.809 Y168.09 E.00443
G1 X32.231 Y168.09 E4.78048
G1 X31.467 Y167.92 F9000
;WIDTH:0.559754
G1 F10661.474
G1 X31.463 Y52.231 E4.87228
G1 X31.016 Y168.984 F9000
;WIDTH:0.419999
G1 F10800
G1 X188.984 Y168.984 E4.85393
G1 X188.984 Y51.016 E3.62485
G1 X31.016 Y51.016 E4.85393
G1 X31.016 Y168.944 E3.62362
G1 X33.83 Y167.139 F9000
;WIDTH:0.413509
G1 F10800
G1 X186.17 Y167.14 E4.6004
;WIDTH:0.43494
G1 X186.389 Y167.108 E.00708
;WIDTH:0.475648
G1 X186.609 Y167.077 E.00782
;WIDTH:0.509814
G1 X186.755 Y166.991 E.00647
;WIDTH:0.5228
G1 X186.902 Y166.906 E.00665
G1 X187.092 Y166.566 E.0152
;WIDTH:0.4647
G1 X187.116 Y166.368 E.00686
;WIDTH:0.414366
G1 X187.14 Y166.17 E.00604
G1 X187.14 Y53.83 E3.4003
;WIDTH:0.430115
G1 X187.124 Y53.669 E.00512
;WIDTH:0.461285
G1 X187.109 Y53.507 E.00554
;WIDTH:0.494022
G1 X187.068 Y53.391 E.00453
;WIDTH:0.540697
G1 X187.027 Y53.274 E.005
G1 X186.866 Y53.067 E.01064
;WIDTH:0.529609
G1 X186.696 Y52.983 E.00754
;WIDTH:0.493739
G1 X186.525 Y52.899 E.00699
;WIDTH:0.460501
G1 X186.347 Y52.879 E.00608
;WIDTH:0.41461
G1 X186.17 Y52.86 E.00541
G1 X33.83 Y52.86 E4.61406
;WIDTH:0.434945
G1 X33.611 Y52.892 E.00708
;WIDTH:0.47565
G1 X33.391 Y52.923 E.00782
;WIDTH:0.510405
G1 X33.249 Y53.004 E.00626
;WIDTH:0.528341
G1 X33.106 Y53.085 E.0065
G1 X32.924 Y53.392 E.0141
;WIDTH:0.472879
G1 X32.893 Y53.611 E.00775
;WIDTH:0.413489
G1 X32.861 Y53.83 E.00668
G1 X32.86 Y166.17 E3.39227
;WIDTH:0.434885
G1 X32.892 Y166.389 E.00708
;WIDTH:0.475603
G1 X32.923 Y166.609 E.00781
;WIDTH:0.510375
G1 X33.004 Y166.751 E.00626
;WIDTH:0.528351
G1 X33.085 Y166.894 E.0065
G1 X33.392 Y167.076 E.0141
;WIDTH:0.472921
G1 X33.591 Y167.104 E.00705
;WIDTH:0.452758
G1 X33.791 Y167.133 E.00672
; stop printing object Object_1 id:94613208297312 copy 0
;LAYER_CHANGE
;Z:2.6
;HEIGHT:0.2
;BEFORE_LAYER_CHANGE
;2.6
G92 E0

G1 E-1.15528 F2400
;WIPE_START
G1 F10800
G1 X33.591 Y167.104 E-.04472
;WIPE_END
;_SET_FAN_SPEED_CHANGING_LAYER
; printing object Object_1 id:94613208297312 copy 0
G1 F9000
G1 X32.5574 Y167.319 Z2.65714
G1 X31.745 Y166.644 Z2.71429
G1 X31.7659 Y165.588 Z2.77143
G1 X32.6044 Y164.946 Z2.82857
G1 X33.6291 Y165.202 Z2.88571
G1 X34.0684 Y166.162 Z2.94286
G1 X33.5914 Y167.104 Z3
G1 X30.624 Y169.376 Z3
G1 Z2.6
G1 E1.2 F1800
M204 P2000
;TYPE:Inner wall
;WIDTH:0.449999
G1 F5400
G1 X30.624 Y50.624 E3.93925
G1 X189.376 Y50.624 E5.26612
G1 X189.376 Y169.376 E3.93925
G1 X30.664 Y169.376 E5.26479
M204 T1000
G1 X30.21 Y169.79 F9000
M204 P1000
;TYPE:Outer wall
;WIDTH:0.419999
G1 F3600
G1 X30.21 Y50.21 E3.67435
G1 X189.79 Y50.21 E4.90344
G1 X189.79 Y169.79 E3.67435
G1 X30.25 Y169.79 E4.90221
M204 T2500
G1 E-.84 F2400
;WIPE_START
G1 F3600
G1 X30.25 Y168.79 E-.36
;WIPE_END
G1 F9000
G1 X31.2073 Y169.235 Z2.65714
G1 X31.4565 Y170.261 Z2.71429
G1 X30.8095 Y171.096 Z2.77143
G1 X29.7535 Y171.11 Z2.82857
G1 X29.0838 Y170.294 Z2.88571
G1 X29.3046 Y169.261 Z2.94286
G1 X30.2497 Y168.79 Z3
G1 X186.324 Y166.642 Z3
G1 Z2.6
G1 E1.2 F1800
M204 P2000
;TYPE:Inner wall
;WIDTH:0.449999
G1 F5400
G1 X186.337 Y166.64 E.00044
G1 X186.517 Y166.517 E.00722
G1 X186.64 Y166.337 E.00722
G1 X186.687 Y166.107 E.00781
G1 X186.687 Y53.893 E3.72232
G1 X186.64 Y53.663 E.00781
G1 X186.517 Y53.483 E.00722
G1 X186.337 Y53.36 E.00722
G1 X186.107 Y53.313 E.00781
G1 X33.893 Y53.313 E5.04919
G1 X33.663 Y53.36 E.00781
G1 X33.483 Y53.483 E.00722
G1 X33.36 Y53.663 E.00722
G1 X33.313 Y53.893 E.00781
G1 X33.313 Y166.107 E3.72232
G1 X33.36 Y166.337 E.00781
G1 X33.483 Y166.517 E.00722
G1 X33.663 Y166.64 E.00722
G1 X33.893 Y166.687 E.00781
G1 X186.107 Y166.687 E5.04919
G1 X186.285 Y166.65 E.00604
M204 T1000
G1 X186.162 Y166.274 F9000
M204 P1000
;TYPE:Outer wall
;WIDTH:0.419999
G1 F3600
G1 X186.271 Y166.136 E.00541
G1 X186.274 Y53.893 E3.44889
G1 X186.225 Y53.775 E.00393
G1 X186.107 Y53.726 E.00393
G1 X33.893 Y53.726 E4.67709
G1 X33.775 Y53.775 E.00393
G1 X33.726 Y53.893 E.00393
G1 X33.726 Y166.107 E3.448
G1 X33.775 Y166.225 E.00393
G1 X33.893 Y166.274 E.00393
G1 X186.122 Y166.274 E4.67757
M204 T2500
G1 X187.195 Y167.872 F9000
M204 P2500
;TYPE:Internal solid infill
;WIDTH:0.382988
G1 F10800
G1 X187.872 Y167.872 E.01874
G1 X187.872 Y167.195 E.01874
G1 X187.581 Y167.581 E.01339
G1 X187.227 Y167.848 E.01228
G1 X36.843 Y168.912 F9000
;WIDTH:0.419972
G1 F10800
G1 X36.843 Y168.984 E.00222
G1 X188.984 Y168.984 E4.67453
G1 X188.984 Y55.412 E3.4895
G1 X188.912 Y55.412 E.00222
G1 X187.257 Y53.757 E.07192
G1 X186.792 Y53.25 E.02114
G1 X187.009 Y53.544 E.01123
G1 X187.079 Y53.893 E.01095
G1 X187.076 Y166.145 E3.44893
G1 X186.982 Y166.524 E.012
G1 X186.767 Y166.817 E.01117
G1 X186.456 Y167.011 E.01125
G1 X186.107 Y167.079 E.01095
G1 X35.011 Y167.079 E4.64242
G1 X36.815 Y168.884 E.0784
G1 X37.072 Y168.607 F9000
;WIDTH:0.419999
G1 F10800
G1 X188.607 Y168.607 E4.65625
G1 X188.607 Y55.641 E3.47114
G1 X187.457 Y54.49 E.05001
G1 X187.457 Y166.107 E3.42967
G1 X187.38 Y166.533 E.0133
G1 X187.129 Y166.979 E.01574
G1 X186.979 Y167.129 E.00651
G1 X186.533 Y167.38 E.01574
G1 X186.107 Y167.457 E.0133
G1 X35.921 Y167.457 E4.61478
G1 X37.044 Y168.579 E.04878
G1 X37.23 Y168.225 F9000
;WIDTH:0.429678
G1 F10800
G1 X188.23 Y168.23 E4.75889
G1 X188.225 Y55.799 E3.54336
G1 X187.839 Y55.412 E.01724
G1 X187.839 Y166.107 E3.48863
G1 X187.751 Y166.61 E.01609
G1 X187.606 Y166.948 E.0116
G1 X187.328 Y167.328 E.01484
G1 X186.948 Y167.606 E.01484
G1 X186.61 Y167.751 E.0116
G1 X186.107 Y167.839 E.01609
G1 X36.843 Y167.839 E4.70416
G1 X37.202 Y168.197 E.01598
G1 E-.97778 F2400
;WIPE_START
G1 F10800
G1 X36.843 Y167.839 E-.11268
G1 X37.336 Y167.839 E-.10954
;WIPE_END
G1 F9000
G1 X36.7851 Y166.938 Z2.65714
G1 X37.1459 Y165.945 Z2.71429
G1 X38.1468 Y165.608 Z2.77143
G1 X39.0341 Y166.181 Z2.82857
G1 X39.1397 Y167.232 Z2.88571
G1 X38.384 Y167.969 Z2.94286
G1 X37.3361 Y167.839 Z3
G1 X32.921 Y164.989 Z3
G1 Z2.6
G1 E1.2 F1800
;WIDTH:0.419946
G1 F10800
G1 X32.924 Y53.855 E3.41436
G1 X33.018 Y53.476 E.012
G1 X33.233 Y53.183 E.01117
G1 X33.544 Y52.989 E.01125
G1 X33.893 Y52.921 E.01095
G1 X186.145 Y52.924 E4.67761
G1 X186.52 Y53.024 E.01192
G1 X186.752 Y53.209 E.00913
G1 X186.243 Y52.743 E.02121
G1 X184.588 Y51.088 E.07191
G1 X184.588 Y51.016 E.00222
G1 X31.016 Y51.016 E4.71817
G1 X31.016 Y163.157 E3.44529
G1 X31.088 Y163.157 E.00222
G1 X32.892 Y164.961 E.0784
G1 X32.543 Y164.079 F9000
;WIDTH:0.419999
G1 F10800
G1 X32.543 Y53.893 E3.38569
G1 X32.62 Y53.467 E.0133
G1 X32.871 Y53.021 E.01574
G1 X33.021 Y52.871 E.00651
G1 X33.467 Y52.62 E.01574
G1 X33.893 Y52.543 E.0133
G1 X185.51 Y52.543 E4.65875
G1 X184.359 Y51.393 E.05001
G1 X31.393 Y51.393 E4.70023
G1 X31.393 Y162.928 E3.42717
G1 X32.515 Y164.051 E.04878
G1 X32.161 Y163.157 F9000
;WIDTH:0.429682
G1 F10800
G1 X32.161 Y53.893 E3.44357
G1 X32.248 Y53.39 E.01609
G1 X32.394 Y53.052 E.01161
G1 X32.672 Y52.672 E.01484
G1 X33.052 Y52.394 E.01484
G1 X33.39 Y52.249 E.0116
G1 X33.893 Y52.162 E.01609
G1 X184.588 Y52.162 E4.74932
G1 X184.201 Y51.775 E.01724
G1 X31.77 Y51.77 E4.80405
G1 X31.775 Y162.77 E3.4983
G1 X32.133 Y163.128 E.01598
G1 X32.805 Y52.128 F9000
;WIDTH:0.382986
G1 F10800
G1 X32.128 Y52.128 E.01874
G1 X32.128 Y52.805 E.01874
G1 X32.419 Y52.419 E.01339
G1 X32.773 Y52.152 E.01228
G1 X33.151 Y165.487 F9000
;WIDTH:0.42
G1 F10800
G1 X30.955 Y163.29 E.09546
G1 X30.955 Y163.823 E.01639
G1 X33.151 Y166.02 E.09546
G1 X34.513 Y166.849 F9000
G1 F10800
G1 X36.71 Y169.045 E.09546
G1 X36.177 Y169.045 E.01639
G1 X33.98 Y166.849 E.09546
G1 X35.813 Y169.215 F9000
G1 F10800
G1 X30.955 Y164.357 E.21113
G1 X30.955 Y164.89 E.01639
G1 X35.11 Y169.045 E.18058
G1 X34.577 Y169.045 E.01639
G1 X30.955 Y165.423 E.15741
G1 X30.955 Y165.956 E.01639
G1 X34.044 Y169.045 E.13424
G1 X33.51 Y169.045 E.01639
G1 X30.955 Y166.49 E.11106
G1 X30.955 Y167.023 E.01639
G1 X32.977 Y169.045 E.08789
G1 X32.444 Y169.045 E.01639
G1 X30.955 Y167.556 E.06472
G1 X30.955 Y168.089 E.01639
G1 X32.08 Y169.215 E.04892
G1 X31.05 Y168.931 F9000
;WIDTH:0.439958
G1 F10800
G1 X30.976 Y168.974 E.00278
G1 X31.055 Y169.009 E.0028
G1 E-1.16168 F2400
;WIPE_START
G1 F10800
G1 X30.976 Y168.974 E-.01922
G1 X31.05 Y168.931 E-.0191
;WIPE_END
G1 F9000
G1 X32.0862 Y168.725 Z2.65714
G1 X32.893 Y169.407 Z2.71429
G1 X32.8635 Y170.462 Z2.77143
G1 X32.0197 Y171.097 Z2.82857
G1 X30.9971 Y170.834 Z2.88571
G1 X30.5658 Y169.87 Z2.94286
G1 X31.0504 Y168.931 Z3
G1 X187.715 Y51.016 Z3
G1 Z2.6
G1 E1.2 F1800
;WIDTH:0.419999
G1 F10800
G1 X188.984 Y52.285 E.05516
G1 X188.984 Y51.016 E.039
G1 X187.755 Y51.016 E.03777
G1 X188.636 Y51.348 F9000
;WIDTH:0.409376
G1 F10800
G1 X188.567 Y51.387 E.00237
G1 X188.638 Y51.422 E.00238
G1 X189.215 Y52.782 F9000
;WIDTH:0.420001
G1 F10800
G1 X187.387 Y50.955 E.07943
G1 X186.854 Y50.955 E.01639
G1 X189.045 Y53.146 E.09523
G1 X189.045 Y53.679 E.01639
G1 X186.321 Y50.955 E.1184
G1 X185.788 Y50.955 E.01639
G1 X189.045 Y54.212 E.14157
G1 X189.045 Y54.746 E.01639
G1 X185.085 Y50.785 E.17212
; stop printing object Object_1 id:94613208297312 copy 0
;LAYER_CHANGE
;Z:2.8
;HEIGHT:0.2
;BEFORE_LAYER_CHANGE
;2.8
G92 E0

G1 E-.97778 F2400
;WIPE_START
G1 F10800
G1 X185.792 Y51.492 E-.22222
;WIPE_END
;_SET_FAN_SPEED_CHANGING_LAYER
; printing object Object_1 id:94613208297312 copy 0
G1 F9000
G1 X184.757 Y51.7027 Z2.85714
G1 X183.947 Y51.0251 Z2.91429
G1 X183.972 Y49.9693 Z2.97143
G1 X184.813 Y49.3305 Z3.02857
G1 X185.836 Y49.5896 Z3.08571
G1 X186.272 Y50.5515 Z3.14286
G1 X185.792 Y51.492 Z3.2
G1 X30.624 Y169.376 Z3.2
G1 Z2.8
G1 E1.2 F1800
M204 P2000
;TYPE:Inner wall
;WIDTH:0.449999
G1 F5400
G1 X30.624 Y50.624 E3.93925
G1 X189.376 Y50.624 E5.26612
G1 X189.376 Y169.376 E3.93925
G1 X30.664 Y169.376 E5.26479
M204 T1000
G1 X30.21 Y169.79 F9000
M204 P1000
;TYPE:Outer wall
;WIDTH:0.419999
G1 F3600
G1 X30.21 Y50.21 E3.67435
G1 X189.79 Y50.21 E4.90344
G1 X189.79 Y169.79 E3.67435
G1 X30.25 Y169.79 E4.90221
M204 T2500
G1 E-.84 F2400
;WIPE_START
G1 F3600
G1 X30.25 Y168.79 E-.36
;WIPE_END
G1 F9000
G1 X31.2075 Y169.235 Z2.85714
G1 X31.4569 Y170.261 Z2.91429
G1 X30.8101 Y171.096 Z2.97143
G1 X29.7541 Y171.111 Z3.02857
G1 X29.0842 Y170.294 Z3.08571
G1 X29.3047 Y169.262 Z3.14286
G1 X30.2497 Y168.79 Z3.2
G1 X186.283 Y166.601 Z3.2
G1 Z2.8
G1 E1.2 F1800
M204 P2000
;TYPE:Inner wall
;WIDTH:0.449999
G1 F5400
G1 X186.296 Y166.599 E.00044
G1 X186.476 Y166.476 E.00722
G1 X186.599 Y166.296 E.00722
G1 X186.646 Y166.066 E.00781
G1 X186.646 Y53.934 E3.7196
G1 X186.599 Y53.704 E.00781
G1 X186.476 Y53.524 E.00722
G1 X186.296 Y53.401 E.00722
G1 X186.066 Y53.354 E.00781
G1 X33.934 Y53.354 E5.04648
G1 X33.704 Y53.401 E.00781
G1 X33.524 Y53.524 E.00722
G1 X33.401 Y53.704 E.00722
G1 X33.354 Y53.934 E.00781
G1 X33.354 Y166.066 E3.7196
G1 X33.401 Y166.296 E.00781
G1 X33.524 Y166.476 E.00722
G1 X33.704 Y166.599 E.00722
G1 X33.934 Y166.646 E.00781
G1 X186.066 Y166.646 E5.04648
G1 X186.244 Y166.609 E.00604
M204 T1000
G1 X186.121 Y166.233 F9000
M204 P1000
;TYPE:Outer wall
;WIDTH:0.419999
G1 F3600
G1 X186.23 Y166.095 E.00541
G1 X186.233 Y53.934 E3.44637
G1 X186.184 Y53.816 E.00393
G1 X186.066 Y53.767 E.00393
G1 X33.934 Y53.767 E4.67457
G1 X33.816 Y53.816 E.00393
G1 X33.767 Y53.934 E.00393
G1 X33.767 Y166.066 E3.44549
G1 X33.816 Y166.184 E.00393
G1 X33.934 Y166.233 E.00393
G1 X186.081 Y166.233 E4.67505
M204 T2500
G1 E-.84 F2400
;WIPE_START
G1 F3600
G1 X186.23 Y166.095 E-.07318
G1 X186.23 Y165.298 E-.28682
;WIPE_END
G1 F9000
G1 X186.019 Y166.333 Z2.85714
G1 X185.078 Y166.812 Z2.91429
G1 X184.116 Y166.375 Z2.97143
G1 X183.858 Y165.351 Z3.02857
G1 X184.498 Y164.511 Z3.08571
G1 X185.554 Y164.487 Z3.14286
G1 X186.23 Y165.298 Z3.2
G1 X187.218 Y169.215 Z3.2
G1 Z2.8
G1 E1.2 F1800
M204 P2500
;TYPE:Internal solid infill
;WIDTH:0.420001
G1 F10800
G1 X189.045 Y167.387 E.07943
G1 X189.045 Y166.854 E.01639
G1 X186.854 Y169.045 E.09523
G1 X186.321 Y169.045 E.01639
G1 X189.045 Y166.321 E.1184
G1 X189.045 Y165.788 E.01639
G1 X185.788 Y169.045 E.14157
G1 X185.254 Y169.045 E.01639
G1 X189.045 Y165.254 E.16475
G1 X189.045 Y164.721 E.01639
G1 X184.551 Y169.215 E.19529
G1 X184.054 Y168.912 F9000
;WIDTH:0.419999
G1 F10800
G1 X185.928 Y167.038 E.08142
G1 X33.896 Y167.035 E4.67152
G1 X33.517 Y166.941 E.012
G1 X33.224 Y166.726 E.01117
G1 X33.03 Y166.415 E.01125
G1 X32.962 Y166.066 E.01095
G1 X32.962 Y54.97 E3.41367
G1 X31.088 Y56.843 E.08142
G1 X31.016 Y56.843 E.00222
G1 X31.016 Y168.984 E3.44577
G1 X184.054 Y168.984 E4.70245
G1 X184.054 Y168.952 E.00099
G1 X183.826 Y168.607 F9000
G1 F10800
G1 X185.018 Y167.416 E.05179
G1 X33.934 Y167.416 E4.64237
G1 X33.508 Y167.339 E.0133
G1 X33.062 Y167.088 E.01574
G1 X32.912 Y166.938 E.00651
G1 X32.661 Y166.492 E.01574
G1 X32.584 Y166.066 E.0133
G1 X32.584 Y55.88 E3.38569
G1 X31.393 Y57.072 E.05179
G1 X31.393 Y168.607 E3.42717
G1 X183.786 Y168.607 E4.68261
G1 X183.579 Y168.215 F9000
;WIDTH:0.449956
G1 F10800
G1 X183.664 Y168.215 E.0028
G1 X184.071 Y167.808 E.01911
G1 X33.934 Y167.808 E4.97977
G1 X33.431 Y167.713 E.017
G1 X33.093 Y167.565 E.01223
G1 X32.713 Y167.287 E.01561
G1 X32.435 Y166.907 E.01561
G1 X32.289 Y166.569 E.01221
G1 X32.192 Y166.066 E.01699
G1 X32.192 Y56.827 E3.62326
G1 X31.785 Y57.234 E.01911
G1 X31.785 Y166.066 E3.60975
G1 X31.77 Y168.23 E.07179
G1 X33.464 Y168.215 E.0562
G1 X183.539 Y168.215 E4.97773
G1 E-.97778 F2400
;WIPE_START
G1 F10800
G1 X182.539 Y168.215 E-.22222
;WIPE_END
G1 F9000
G1 X183.035 Y167.283 Z2.85714
G1 X184.073 Y167.088 Z2.91429
G1 X184.872 Y167.779 Z2.97143
G1 X184.83 Y168.834 Z3.02857
G1 X183.979 Y169.459 Z3.08571
G1 X182.959 Y169.184 Z3.14286
G1 X182.539 Y168.215 Z3.2
G1 X187.133 Y52.14 Z3.2
G1 Z2.8
G1 E1.2 F1800
;WIDTH:0.406989
G1 F10800
G1 X187.549 Y52.451 E.0154
G1 X187.86 Y52.867 E.0154
G1 X187.86 Y52.14 E.02156
G1 X187.173 Y52.14 E.02037
G1 X36.843 Y51.088 F9000
;WIDTH:0.419999
G1 F10800
G1 X34.97 Y52.962 E.08142
G1 X186.104 Y52.965 E4.64393
G1 X186.483 Y53.059 E.012
G1 X186.776 Y53.274 E.01117
G1 X186.97 Y53.585 E.01125
G1 X187.038 Y53.934 E.01095
G1 X187.038 Y165.928 E3.44125
G1 X188.912 Y164.054 E.08142
G1 X188.984 Y164.054 E.00222
G1 X188.984 Y51.016 E3.47336
G1 X36.843 Y51.016 E4.67486
G1 X36.843 Y51.048 E.00099
G1 X37.072 Y51.393 F9000
G1 F10800
G1 X35.88 Y52.584 E.05179
G1 X186.066 Y52.584 E4.61478
G1 X186.492 Y52.661 E.0133
G1 X186.938 Y52.912 E.01574
G1 X187.088 Y53.062 E.00651
G1 X187.339 Y53.508 E.01574
G1 X187.416 Y53.934 E.0133
G1 X187.416 Y165.018 E3.41328
G1 X188.607 Y163.826 E.05179
G1 X188.607 Y51.393 E3.45476
G1 X37.112 Y51.393 E4.65503
G1 X37.319 Y51.785 F9000
;WIDTH:0.44996
G1 F10800
G1 X37.234 Y51.785 E.0028
G1 X36.827 Y52.192 E.01911
G1 X186.066 Y52.192 E4.95004
G1 X186.569 Y52.287 E.017
G1 X186.907 Y52.435 E.01223
G1 X187.287 Y52.713 E.01561
G1 X187.565 Y53.093 E.01561
G1 X187.713 Y53.431 E.01223
G1 X187.808 Y53.934 E.017
G1 X187.808 Y164.071 E3.65308
G1 X188.215 Y163.664 E.01911
G1 X188.215 Y53.934 E3.63957
G1 X188.23 Y51.77 E.07179
G1 X186.536 Y51.785 E.0562
G1 X37.359 Y51.785 E4.948
G1 E-.97778 F2400
;WIPE_START
G1 F10800
G1 X38.359 Y51.785 E-.22222
;WIPE_END
G1 F9000
G1 X37.856 Y52.7136 Z2.85714
G1 X36.8165 Y52.8997 Z2.91429
G1 X36.0229 Y52.203 Z2.97143
G1 X36.0728 Y51.1481 Z3.02857
G1 X36.9286 Y50.5295 Z3.08571
G1 X37.9459 Y50.8128 Z3.14286
G1 X38.3587 Y51.7849 Z3.2
G1 X32.867 Y167.86 Z3.2
G1 Z2.8
G1 E1.2 F1800
;WIDTH:0.406991
G1 F10800
G1 X32.451 Y167.549 E.0154
G1 X32.14 Y167.133 E.0154
G1 X32.14 Y167.86 E.02156
G1 X32.827 Y167.86 E.02037
G1 E-.97778 F2400
;WIPE_START
G1 F10800
G1 X32.14 Y167.86 E-.15258
G1 X32.14 Y167.546 E-.06964
;WIPE_END
G1 F9000
G1 X32.6179 Y166.604 Z2.85714
G1 X33.652 Y166.39 Z2.91429
G1 X34.464 Y167.066 Z2.97143
G1 X34.4425 Y168.121 Z3.02857
G1 X33.6036 Y168.763 Z3.08571
G1 X32.5791 Y168.507 Z3.14286
G1 X32.1404 Y167.546 Z3.2
G1 X34.472 Y53.192 Z3.2
G1 Z2.8
G1 E1.2 F1800
;WIDTH:0.42
G1 F10800
G1 X36.71 Y50.955 E.09724
G1 X36.177 Y50.955 E.01639
G1 X33.939 Y53.192 E.09724
G1 X33.192 Y54.472 F9000
G1 F10800
G1 X30.955 Y56.71 E.09724
G1 X30.955 Y56.177 E.01639
G1 X33.192 Y53.939 E.09724
G1 X30.785 Y55.813 F9000
G1 F10800
G1 X35.643 Y50.955 E.21113
G1 X35.11 Y50.955 E.01639
G1 X30.955 Y55.11 E.18058
G1 X30.955 Y54.577 E.01639
G1 X34.577 Y50.955 E.15741
G1 X34.044 Y50.955 E.01639
G1 X30.955 Y54.044 E.13424
G1 X30.955 Y53.51 E.01639
G1 X33.51 Y50.955 E.11106
G1 X32.977 Y50.955 E.01639
G1 X30.955 Y52.977 E.08789
G1 X30.955 Y52.444 E.01639
G1 X32.444 Y50.955 E.06472
G1 X31.911 Y50.955 E.01639
G1 X30.785 Y52.08 E.04892
G1 X31.05 Y50.983 F9000
;WIDTH:0.439956
G1 F10800
G1 X30.976 Y51.026 E.00278
G1 X31.055 Y51.06 E.0028
G1 E-1.16168 F2400
;WIPE_START
G1 F10800
G1 X30.976 Y51.026 E-.01922
G1 X31.05 Y50.983 E-.0191
;WIPE_END
G1 F9000
G1 X31.5347 Y51.921 Z2.85714
G1 X31.103 Y52.8848 Z2.91429
G1 X30.0803 Y53.1482 Z2.97143
G1 X29.2368 Y52.5128 Z3.02857
G1 X29.2076 Y51.4572 Z3.08571
G1 X30.0147 Y50.7762 Z3.14286
G1 X31.0504 Y50.9826 Z3.2
G1 X187.715 Y168.984 Z3.2
G1 Z2.8
G1 E1.2 F1800
;WIDTH:0.419999
G1 F10800
G1 X188.984 Y168.984 E.039
G1 X188.984 Y167.715 E.039
G1 X187.743 Y168.956 E.05393
G1 X188.636 Y168.573 F9000
;WIDTH:0.409376
G1 F10800
G1 X188.567 Y168.613 E.00237
G1 X188.638 Y168.647 E.00238
; stop printing object Object_1 id:94613208297312 copy 0
;LAYER_CHANGE
;Z:3
;HEIGHT:0.2
;BEFORE_LAYER_CHANGE
;3
G92 E0

G1 E-1.16469 F2400
;WIPE_START
G1 F10800
G1 X188.567 Y168.613 E-.01768
G1 X188.636 Y168.573 E-.01763
;WIPE_END
;_SET_FAN_SPEED_CHANGING_LAYER
; printing object Object_1 id:94613208297312 copy 0
G1 F9000
G1 X187.682 Y168.12 Z3.05714
G1 X187.442 Y167.091 Z3.11429
G1 X188.096 Y166.262 Z3.17143
G1 X189.152 Y166.257 Z3.22857
G1 X189.814 Y167.079 Z3.28571
G1 X189.585 Y168.11 Z3.34286
G1 X188.636 Y168.573 Z3.4
G1 X30.624 Y169.376 Z3.4
G1 Z3
G1 E1.2 F1800
M204 P2000
;TYPE:Inner wall
;WIDTH:0.449999
G1 F5400
G1 X30.624 Y50.624 E3.93925
G1 X189.376 Y50.624 E5.26612
G1 X189.376 Y169.376 E3.93925
G1 X30.664 Y169.376 E5.26479
M204 T1000
G1 X30.21 Y169.79 F9000
M204 P1000
;TYPE:Outer wall
;WIDTH:0.419999
G1 F3600
G1 X30.21 Y50.21 E3.67435
G1 X189.79 Y50.21 E4.90344
G1 X189.79 Y169.79 E3.67435
G1 X30.25 Y169.79 E4.90221
M204 T2500
G1 E-.84 F2400
;WIPE_START
G1 F3600
G1 X30.25 Y168.79 E-.36
;WIPE_END
G1 F9000
G1 X31.2075 Y169.235 Z3.05714
G1 X31.4571 Y170.261 Z3.11429
G1 X30.8104 Y171.096 Z3.17143
G1 X29.7544 Y171.111 Z3.22857
G1 X29.0844 Y170.294 Z3.28571
G1 X29.3048 Y169.262 Z3.34286
G1 X30.2497 Y168.79 Z3.4
G1 X186.263 Y166.581 Z3.4
G1 Z3
G1 E1.2 F1800
M204 P2000
;TYPE:Inner wall
;WIDTH:0.449999
G1 F5400
G1 X186.276 Y166.578 E.00044
G1 X186.456 Y166.456 E.00722
G1 X186.578 Y166.276 E.00722
G1 X186.626 Y166.046 E.00781
G1 X186.626 Y53.954 E3.71826
G1 X186.578 Y53.724 E.00781
G1 X186.456 Y53.544 E.00722
G1 X186.276 Y53.422 E.00722
G1 X186.046 Y53.374 E.00781
G1 X33.954 Y53.374 E5.04513
G1 X33.724 Y53.422 E.00781
G1 X33.544 Y53.544 E.00722
G1 X33.422 Y53.724 E.00722
G1 X33.374 Y53.954 E.00781
G1 X33.374 Y166.046 E3.71826
G1 X33.422 Y166.276 E.00781
G1 X33.544 Y166.456 E.00722
G1 X33.724 Y166.578 E.00722
G1 X33.954 Y166.626 E.00781
G1 X186.046 Y166.626 E5.04513
G1 X186.224 Y166.589 E.00604
M204 T1000
G1 X186.101 Y166.213 F9000
M204 P1000
;TYPE:Outer wall
;WIDTH:0.419999
G1 F3600
G1 X186.21 Y166.074 E.00541
G1 X186.213 Y53.954 E3.44513
G1 X186.164 Y53.836 E.00393
G1 X186.046 Y53.787 E.00393
G1 X33.954 Y53.787 E4.67333
G1 X33.836 Y53.836 E.00393
G1 X33.787 Y53.954 E.00393
G1 X33.787 Y166.046 E3.44424
G1 X33.836 Y166.164 E.00393
G1 X33.954 Y166.213 E.00393
G1 X186.061 Y166.213 E4.6738
M204 T2500
G1 X186.463 Y166.883 F9000
M204 P2500
;TYPE:Internal solid infill
;WIDTH:0.356968
G1 F10800
G1 X186.887 Y166.995 E.01124
G1 X186.998 Y166.997 E.00283
G1 X186.883 Y166.463 E.01397
G1 X186.688 Y166.73 E.00845
G1 X186.496 Y166.861 E.00596
G1 X186.448 Y53.094 F9000
;WIDTH:0.361447
G1 F10800
G1 X186.732 Y53.31 E.00926
G1 X186.907 Y53.552 E.00773
G1 X186.995 Y53.004 E.01438
G1 X186.488 Y53.087 E.01334
G1 E-.97778 F2400
;WIPE_START
G1 F10800
G1 X186.995 Y53.004 E-.11421
G1 X186.918 Y53.484 E-.10801
;WIPE_END
G1 F9000
G1 X187.941 Y53.2214 Z3.05714
G1 X188.784 Y53.8571 Z3.11429
G1 X188.813 Y54.9128 Z3.17143
G1 X188.005 Y55.5934 Z3.22857
G1 X186.97 Y55.3865 Z3.28571
G1 X186.486 Y54.4479 Z3.34286
G1 X186.918 Y53.4843 Z3.4
G1 X189.215 Y51.548 Z3.4
G1 Z3
G1 E1.2 F1800
;TYPE:Top surface
;WIDTH:0.420228
G1 F3000
G1 X188.452 Y50.785 E.03317
G1 X187.919 Y50.785 F9000
G1 F3000
G1 X189.215 Y52.081 E.05637
G1 X189.215 Y52.615 F9000
G1 F3000
G1 X187.385 Y50.785 E.07957
G1 X186.852 Y50.785 F9000
G1 F3000
G1 X189.215 Y53.148 E.10277
G1 X189.215 Y53.682 F9000
G1 F3000
G1 X186.318 Y50.785 E.12597
G1 X185.784 Y50.785 F9000
G1 F3000
G1 X189.215 Y54.216 E.14917
G1 X189.215 Y54.749 F9000
G1 F3000
G1 X185.251 Y50.785 E.17237
G1 X184.717 Y50.785 F9000
G1 F3000
G1 X186.772 Y52.84 E.08937
G1 X186.334 Y52.936 F9000
G1 F3000
G1 X184.184 Y50.785 E.09352
G1 X183.65 Y50.785 F9000
G1 F3000
G1 X186.037 Y53.172 E.10381
G1 X185.544 Y53.213 F9000
G1 F3000
G1 X183.116 Y50.785 E.10556
G1 X182.583 Y50.785 F9000
G1 F3000
G1 X185.011 Y53.213 E.10556
G1 X184.477 Y53.213 F9000
G1 F3000
G1 X182.049 Y50.785 E.10556
G1 X181.516 Y50.785 F9000
G1 F3000
G1 X183.943 Y53.213 E.10556
G1 X183.41 Y53.213 F9000
G1 F3000
G1 X180.982 Y50.785 E.10556
G1 X180.448 Y50.785 F9000
G1 F3000
G1 X182.876 Y53.213 E.10556
G1 X182.343 Y53.213 F9000
G1 F3000
G1 X179.915 Y50.785 E.10556
G1 X179.381 Y50.785 F9000
G1 F3000
G1 X181.809 Y53.213 E.10556
G1 X181.275 Y53.213 F9000
G1 F3000
G1 X178.848 Y50.785 E.10556
G1 X178.314 Y50.785 F9000
G1 F3000
G1 X180.742 Y53.213 E.10556
G1 X180.208 Y53.213 F9000
G1 F3000
G1 X177.781 Y50.785 E.10556
G1 X177.247 Y50.785 F9000
G1 F3000
G1 X179.675 Y53.213 E.10556
G1 X179.141 Y53.213 F9000
G1 F3000
G1 X176.713 Y50.785 E.10556
G1 X176.18 Y50.785 F9000
G1 F3000
G1 X178.607 Y53.213 E.10556
G1 X178.074 Y53.213 F9000
G1 F3000
G1 X175.646 Y50.785 E.10556
G1 X175.113 Y50.785 F9000
G1 F3000
G1 X177.54 Y53.213 E.10556
G1 X177.007 Y53.213 F9000
G1 F3000
G1 X174.579 Y50.785 E.10556
G1 X174.045 Y50.785 F9000
G1 F3000
G1 X176.473 Y53.213 E.10556
G1 X175.939 Y53.213 F9000
G1 F3000
G1 X173.512 Y50.785 E.10556
G1 X172.978 Y50.785 F9000
G1 F3000
G1 X175.406 Y53.213 E.10556
G1 X174.872 Y53.213 F9000
G1 F3000
G1 X172.445 Y50.785 E.10556
G1 X171.911 Y50.785 F9000
G1 F3000
G1 X174.339 Y53.213 E.10556
G1 X173.805 Y53.213 F9000
G1 F3000
G1 X171.377 Y50.785 E.10556
G1 X170.844 Y50.785 F9000
G1 F3000
G1 X173.271 Y53.213 E.10556
G1 X172.738 Y53.213 F9000
G1 F3000
G1 X170.31 Y50.785 E.10556
G1 X169.777 Y50.785 F9000
G1 F3000
G1 X172.204 Y53.213 E.10556
G1 X171.671 Y53.213 F9000
G1 F3000
G1 X169.243 Y50.785 E.10556
G1 X168.709 Y50.785 F9000
G1 F3000
G1 X171.137 Y53.213 E.10556
G1 X170.603 Y53.213 F9000
G1 F3000
G1 X168.176 Y50.785 E.10556
G1 X167.642 Y50.785 F9000
G1 F3000
G1 X170.07 Y53.213 E.10556
G1 X169.536 Y53.213 F9000
G1 F3000
G1 X167.109 Y50.785 E.10556
G1 X166.575 Y50.785 F9000
G1 F3000
G1 X169.003 Y53.213 E.10556
G1 X168.469 Y53.213 F9000
G1 F3000
G1 X166.041 Y50.785 E.10556
G1 X165.508 Y50.785 F9000
G1 F3000
G1 X167.935 Y53.213 E.10556
G1 X167.402 Y53.213 F9000
G1 F3000
G1 X164.974 Y50.785 E.10556
G1 X164.441 Y50.785 F9000
G1 F3000
G1 X166.868 Y53.213 E.10556
G1 X166.335 Y53.213 F9000
G1 F3000
G1 X163.907 Y50.785 E.10556
G1 X163.373 Y50.785 F9000
G1 F3000
G1 X165.801 Y53.213 E.10556
G1 X165.268 Y53.213 F9000
G1 F3000
G1 X162.84 Y50.785 E.10556
G1 X162.306 Y50.785 F9000
G1 F3000
G1 X164.734 Y53.213 E.10556
G1 X164.2 Y53.213 F9000
G1 F3000
G1 X161.773 Y50.785 E.10556
G1 X161.239 Y50.785 F9000
G1 F3000
G1 X163.667 Y53.213 E.10556
G1 X163.133 Y53.213 F9000
G1 F3000
G1 X160.705 Y50.785 E.10556
G1 X160.172 Y50.785 F9000
G1 F3000
G1 X162.6 Y53.213 E.10556
G1 X162.066 Y53.213 F9000
G1 F3000
G1 X159.638 Y50.785 E.10556
G1 X159.105 Y50.785 F9000
G1 F3000
G1 X161.532 Y53.213 E.10556
G1 X160.999 Y53.213 F9000
G1 F3000
G1 X158.571 Y50.785 E.10556
G1 X158.038 Y50.785 F9000
G1 F3000
G1 X160.465 Y53.213 E.10556
G1 X159.932 Y53.213 F9000
G1 F3000
G1 X157.504 Y50.785 E.10556
G1 X156.97 Y50.785 F9000
G1 F3000
G1 X159.398 Y53.213 E.10556
G1 X158.864 Y53.213 F9000
G1 F3000
G1 X156.437 Y50.785 E.10556
G1 X155.903 Y50.785 F9000
G1 F3000
G1 X158.331 Y53.213 E.10556
G1 X157.797 Y53.213 F9000
G1 F3000
G1 X155.37 Y50.785 E.10556
G1 X154.836 Y50.785 F9000
G1 F3000
G1 X157.264 Y53.213 E.10556
G1 X156.73 Y53.213 F9000
G1 F3000
G1 X154.302 Y50.785 E.10556
G1 X153.769 Y50.785 F9000
G1 F3000
G1 X156.196 Y53.213 E.10556
G1 X155.663 Y53.213 F9000
G1 F3000
G1 X153.235 Y50.785 E.10556
G1 X152.702 Y50.785 F9000
G1 F3000
G1 X155.129 Y53.213 E.10556
G1 X154.596 Y53.213 F9000
G1 F3000
G1 X152.168 Y50.785 E.10556
G1 X151.634 Y50.785 F9000
G1 F3000
G1 X154.062 Y53.213 E.10556
G1 X153.528 Y53.213 F9000
G1 F3000
G1 X151.101 Y50.785 E.10556
G1 X150.567 Y50.785 F9000
G1 F3000
G1 X152.995 Y53.213 E.10556
G1 X152.461 Y53.213 F9000
G1 F3000
G1 X150.034 Y50.785 E.10556
G1 X149.5 Y50.785 F9000
G1 F3000
G1 X151.928 Y53.213 E.10556
G1 X151.394 Y53.213 F9000
G1 F3000
G1 X148.966 Y50.785 E.10556
G1 X148.433 Y50.785 F9000
G1 F3000
G1 X150.86 Y53.213 E.10556
G1 X150.327 Y53.213 F9000
G1 F3000
G1 X147.899 Y50.785 E.10556
G1 X147.366 Y50.785 F9000
G1 F3000
G1 X149.793 Y53.213 E.10556
G1 X149.26 Y53.213 F9000
G1 F3000
G1 X146.832 Y50.785 E.10556
G1 X146.298 Y50.785 F9000
G1 F3000
G1 X148.726 Y53.213 E.10556
G1 X148.193 Y53.213 F9000
G1 F3000
G1 X145.765 Y50.785 E.10556
G1 X145.231 Y50.785 F9000
G1 F3000
G1 X147.659 Y53.213 E.10556
G1 X147.125 Y53.213 F9000
G1 F3000
G1 X144.698 Y50.785 E.10556
G1 X144.164 Y50.785 F9000
G1 F3000
G1 X146.592 Y53.213 E.10556
G1 X146.058 Y53.213 F9000
G1 F3000
G1 X143.63 Y50.785 E.10556
G1 X143.097 Y50.785 F9000
G1 F3000
G1 X145.525 Y53.213 E.10556
G1 X144.991 Y53.213 F9000
G1 F3000
G1 X142.563 Y50.785 E.10556
G1 X142.03 Y50.785 F9000
G1 F3000
G1 X144.457 Y53.213 E.10556
G1 X143.924 Y53.213 F9000
G1 F3000
G1 X141.496 Y50.785 E.10556
G1 X140.963 Y50.785 F9000
G1 F3000
G1 X143.39 Y53.213 E.10556
G1 X142.857 Y53.213 F9000
G1 F3000
G1 X140.429 Y50.785 E.10556
G1 X139.895 Y50.785 F9000
G1 F3000
G1 X142.323 Y53.213 E.10556
G1 X141.789 Y53.213 F9000
G1 F3000
G1 X139.362 Y50.785 E.10556
G1 X138.828 Y50.785 F9000
G1 F3000
G1 X141.256 Y53.213 E.10556
G1 X140.722 Y53.213 F9000
G1 F3000
G1 X138.295 Y50.785 E.10556
G1 X137.761 Y50.785 F9000
G1 F3000
G1 X140.189 Y53.213 E.10556
G1 X139.655 Y53.213 F9000
G1 F3000
G1 X137.227 Y50.785 E.10556
G1 X136.694 Y50.785 F9000
G1 F3000
G1 X139.121 Y53.213 E.10556
G1 X138.588 Y53.213 F9000
G1 F3000
G1 X136.16 Y50.785 E.10556
G1 X135.627 Y50.785 F9000
G1 F3000
G1 X138.054 Y53.213 E.10556
G1 X137.521 Y53.213 F9000
G1 F3000
G1 X135.093 Y50.785 E.10556
G1 X134.559 Y50.785 F9000
G1 F3000
G1 X136.987 Y53.213 E.10556
G1 X136.453 Y53.213 F9000
G1 F3000
G1 X134.026 Y50.785 E.10556
G1 X133.492 Y50.785 F9000
G1 F3000
G1 X135.92 Y53.213 E.10556
G1 X135.386 Y53.213 F9000
G1 F3000
G1 X132.959 Y50.785 E.10556
G1 X132.425 Y50.785 F9000
G1 F3000
G1 X134.853 Y53.213 E.10556
G1 X134.319 Y53.213 F9000
G1 F3000
G1 X131.891 Y50.785 E.10556
G1 X131.358 Y50.785 F9000
G1 F3000
G1 X133.785 Y53.213 E.10556
G1 X133.252 Y53.213 F9000
G1 F3000
G1 X130.824 Y50.785 E.10556
G1 X130.291 Y50.785 F9000
G1 F3000
G1 X132.718 Y53.213 E.10556
G1 X132.185 Y53.213 F9000
G1 F3000
G1 X129.757 Y50.785 E.10556
G1 X129.223 Y50.785 F9000
G1 F3000
G1 X131.651 Y53.213 E.10556
G1 X131.118 Y53.213 F9000
G1 F3000
G1 X128.69 Y50.785 E.10556
G1 X128.156 Y50.785 F9000
G1 F3000
G1 X130.584 Y53.213 E.10556
G1 X130.05 Y53.213 F9000
G1 F3000
G1 X127.623 Y50.785 E.10556
G1 X127.089 Y50.785 F9000
G1 F3000
G1 X129.517 Y53.213 E.10556
G1 X128.983 Y53.213 F9000
G1 F3000
G1 X126.555 Y50.785 E.10556
G1 X126.022 Y50.785 F9000
G1 F3000
G1 X128.45 Y53.213 E.10556
G1 X127.916 Y53.213 F9000
G1 F3000
G1 X125.488 Y50.785 E.10556
G1 X124.955 Y50.785 F9000
G1 F3000
G1 X127.382 Y53.213 E.10556
G1 X126.849 Y53.213 F9000
G1 F3000
G1 X124.421 Y50.785 E.10556
G1 X123.888 Y50.785 F9000
G1 F3000
G1 X126.315 Y53.213 E.10556
G1 X125.782 Y53.213 F9000
G1 F3000
G1 X123.354 Y50.785 E.10556
G1 X122.82 Y50.785 F9000
G1 F3000
G1 X125.248 Y53.213 E.10556
G1 X124.714 Y53.213 F9000
G1 F3000
G1 X122.287 Y50.785 E.10556
G1 X121.753 Y50.785 F9000
G1 F3000
G1 X124.181 Y53.213 E.10556
G1 X123.647 Y53.213 F9000
G1 F3000
G1 X121.22 Y50.785 E.10556
G1 X120.686 Y50.785 F9000
G1 F3000
G1 X123.114 Y53.213 E.10556
G1 X122.58 Y53.213 F9000
G1 F3000
G1 X120.152 Y50.785 E.10556
G1 X119.619 Y50.785 F9000
G1 F3000
G1 X122.046 Y53.213 E.10556
G1 X121.513 Y53.213 F9000
G1 F3000
G1 X119.085 Y50.785 E.10556
G1 X118.552 Y50.785 F9000
G1 F3000
G1 X120.979 Y53.213 E.10556
G1 X120.446 Y53.213 F9000
G1 F3000
G1 X118.018 Y50.785 E.10556
G1 X117.484 Y50.785 F9000
G1 F3000
G1 X119.912 Y53.213 E.10556
G1 X119.378 Y53.213 F9000
G1 F3000
G1 X116.951 Y50.785 E.10556
G1 X116.417 Y50.785 F9000
G1 F3000
G1 X118.845 Y53.213 E.10556
G1 X118.311 Y53.213 F9000
G1 F3000
G1 X115.884 Y50.785 E.10556
G1 X115.35 Y50.785 F9000
G1 F3000
G1 X117.778 Y53.213 E.10556
G1 X117.244 Y53.213 F9000
G1 F3000
G1 X114.816 Y50.785 E.10556
G1 X114.283 Y50.785 F9000
G1 F3000
G1 X116.71 Y53.213 E.10556
G1 X116.177 Y53.213 F9000
G1 F3000
G1 X113.749 Y50.785 E.10556
G1 X113.216 Y50.785 F9000
G1 F3000
G1 X115.643 Y53.213 E.10556
G1 X115.11 Y53.213 F9000
G1 F3000
G1 X112.682 Y50.785 E.10556
G1 X112.148 Y50.785 F9000
G1 F3000
G1 X114.576 Y53.213 E.10556
G1 X114.042 Y53.213 F9000
G1 F3000
G1 X111.615 Y50.785 E.10556
G1 X111.081 Y50.785 F9000
G1 F3000
G1 X113.509 Y53.213 E.10556
G1 X112.975 Y53.213 F9000
G1 F3000
G1 X110.548 Y50.785 E.10556
G1 X110.014 Y50.785 F9000
G1 F3000
G1 X112.442 Y53.213 E.10556
G1 X111.908 Y53.213 F9000
G1 F3000
G1 X109.48 Y50.785 E.10556
G1 X108.947 Y50.785 F9000
G1 F3000
G1 X111.375 Y53.213 E.10556
G1 X110.841 Y53.213 F9000
G1 F3000
G1 X108.413 Y50.785 E.10556
G1 X107.88 Y50.785 F9000
G1 F3000
G1 X110.307 Y53.213 E.10556
G1 X109.774 Y53.213 F9000
G1 F3000
G1 X107.346 Y50.785 E.10556
G1 X106.812 Y50.785 F9000
G1 F3000
G1 X109.24 Y53.213 E.10556
G1 X108.707 Y53.213 F9000
G1 F3000
G1 X106.279 Y50.785 E.10556
G1 X105.745 Y50.785 F9000
G1 F3000
G1 X108.173 Y53.213 E.10556
G1 X107.639 Y53.213 F9000
G1 F3000
G1 X105.212 Y50.785 E.10556
G1 X104.678 Y50.785 F9000
G1 F3000
G1 X107.106 Y53.213 E.10556
G1 X106.572 Y53.213 F9000
G1 F3000
G1 X104.145 Y50.785 E.10556
G1 X103.611 Y50.785 F9000
G1 F3000
G1 X106.039 Y53.213 E.10556
G1 X105.505 Y53.213 F9000
G1 F3000
G1 X103.077 Y50.785 E.10556
G1 X102.544 Y50.785 F9000
G1 F3000
G1 X104.971 Y53.213 E.10556
G1 X104.438 Y53.213 F9000
G1 F3000
G1 X102.01 Y50.785 E.10556
G1 X101.477 Y50.785 F9000
G1 F3000
G1 X103.904 Y53.213 E.10556
G1 X103.371 Y53.213 F9000
G1 F3000
G1 X100.943 Y50.785 E.10556
G1 X100.409 Y50.785 F9000
G1 F3000
G1 X102.837 Y53.213 E.10556
G1 X102.303 Y53.213 F9000
G1 F3000
G1 X99.876 Y50.785 E.10556
G1 X99.342 Y50.785 F9000
G1 F3000
G1 X101.77 Y53.213 E.10556
G1 X101.236 Y53.213 F9000
G1 F3000
G1 X98.809 Y50.785 E.10556
G1 X98.275 Y50.785 F9000
G1 F3000
G1 X100.703 Y53.213 E.10556
G1 X100.169 Y53.213 F9000
G1 F3000
G1 X97.741 Y50.785 E.10556
G1 X97.208 Y50.785 F9000
G1 F3000
G1 X99.635 Y53.213 E.10556
G1 X99.102 Y53.213 F9000
G1 F3000
G1 X96.674 Y50.785 E.10556
G1 X96.141 Y50.785 F9000
G1 F3000
G1 X98.568 Y53.213 E.10556
G1 X98.035 Y53.213 F9000
G1 F3000
G1 X95.607 Y50.785 E.10556
G1 X95.073 Y50.785 F9000
G1 F3000
G1 X97.501 Y53.213 E.10556
G1 X96.967 Y53.213 F9000
G1 F3000
G1 X94.54 Y50.785 E.10556
G1 X94.006 Y50.785 F9000
G1 F3000
G1 X96.434 Y53.213 E.10556
G1 X95.9 Y53.213 F9000
G1 F3000
G1 X93.473 Y50.785 E.10556
G1 X92.939 Y50.785 F9000
G1 F3000
G1 X95.367 Y53.213 E.10556
G1 X94.833 Y53.213 F9000
G1 F3000
G1 X92.405 Y50.785 E.10556
G1 X91.872 Y50.785 F9000
G1 F3000
G1 X94.3 Y53.213 E.10556
G1 X93.766 Y53.213 F9000
G1 F3000
G1 X91.338 Y50.785 E.10556
G1 X90.805 Y50.785 F9000
G1 F3000
G1 X93.232 Y53.213 E.10556
G1 X92.699 Y53.213 F9000
G1 F3000
G1 X90.271 Y50.785 E.10556
G1 X89.737 Y50.785 F9000
G1 F3000
G1 X92.165 Y53.213 E.10556
G1 X91.632 Y53.213 F9000
G1 F3000
G1 X89.204 Y50.785 E.10556
G1 X88.67 Y50.785 F9000
G1 F3000
G1 X91.098 Y53.213 E.10556
G1 X90.564 Y53.213 F9000
G1 F3000
G1 X88.137 Y50.785 E.10556
G1 X87.603 Y50.785 F9000
G1 F3000
G1 X90.031 Y53.213 E.10556
G1 X89.497 Y53.213 F9000
G1 F3000
G1 X87.07 Y50.785 E.10556
G1 X86.536 Y50.785 F9000
G1 F3000
G1 X88.964 Y53.213 E.10556
G1 X88.43 Y53.213 F9000
G1 F3000
G1 X86.002 Y50.785 E.10556
G1 X85.469 Y50.785 F9000
G1 F3000
G1 X87.896 Y53.213 E.10556
G1 X87.363 Y53.213 F9000
G1 F3000
G1 X84.935 Y50.785 E.10556
G1 X84.402 Y50.785 F9000
G1 F3000
G1 X86.829 Y53.213 E.10556
G1 X86.296 Y53.213 F9000
G1 F3000
G1 X83.868 Y50.785 E.10556
G1 X83.334 Y50.785 F9000
G1 F3000
G1 X85.762 Y53.213 E.10556
G1 X85.228 Y53.213 F9000
G1 F3000
G1 X82.801 Y50.785 E.10556
G1 X82.267 Y50.785 F9000
G1 F3000
G1 X84.695 Y53.213 E.10556
G1 X84.161 Y53.213 F9000
G1 F3000
G1 X81.734 Y50.785 E.10556
G1 X81.2 Y50.785 F9000
G1 F3000
G1 X83.628 Y53.213 E.10556
G1 X83.094 Y53.213 F9000
G1 F3000
G1 X80.666 Y50.785 E.10556
G1 X80.133 Y50.785 F9000
G1 F3000
G1 X82.56 Y53.213 E.10556
G1 X82.027 Y53.213 F9000
G1 F3000
G1 X79.599 Y50.785 E.10556
G1 X79.066 Y50.785 F9000
G1 F3000
G1 X81.493 Y53.213 E.10556
G1 X80.96 Y53.213 F9000
G1 F3000
G1 X78.532 Y50.785 E.10556
G1 X77.998 Y50.785 F9000
G1 F3000
G1 X80.426 Y53.213 E.10556
G1 X79.892 Y53.213 F9000
G1 F3000
G1 X77.465 Y50.785 E.10556
G1 X76.931 Y50.785 F9000
G1 F3000
G1 X79.359 Y53.213 E.10556
G1 X78.825 Y53.213 F9000
G1 F3000
G1 X76.398 Y50.785 E.10556
G1 X75.864 Y50.785 F9000
G1 F3000
G1 X78.292 Y53.213 E.10556
G1 X77.758 Y53.213 F9000
G1 F3000
G1 X75.33 Y50.785 E.10556
G1 X74.797 Y50.785 F9000
G1 F3000
G1 X77.225 Y53.213 E.10556
G1 X76.691 Y53.213 F9000
G1 F3000
G1 X74.263 Y50.785 E.10556
G1 X73.73 Y50.785 F9000
G1 F3000
G1 X76.157 Y53.213 E.10556
G1 X75.624 Y53.213 F9000
G1 F3000
G1 X73.196 Y50.785 E.10556
G1 X72.662 Y50.785 F9000
G1 F3000
G1 X75.09 Y53.213 E.10556
G1 X74.557 Y53.213 F9000
G1 F3000
G1 X72.129 Y50.785 E.10556
G1 X71.595 Y50.785 F9000
G1 F3000
G1 X74.023 Y53.213 E.10556
G1 X73.489 Y53.213 F9000
G1 F3000
G1 X71.062 Y50.785 E.10556
G1 X70.528 Y50.785 F9000
G1 F3000
G1 X72.956 Y53.213 E.10556
G1 X72.422 Y53.213 F9000
G1 F3000
G1 X69.995 Y50.785 E.10556
G1 X69.461 Y50.785 F9000
G1 F3000
G1 X71.889 Y53.213 E.10556
G1 X71.355 Y53.213 F9000
G1 F3000
G1 X68.927 Y50.785 E.10556
G1 X68.394 Y50.785 F9000
G1 F3000
G1 X70.821 Y53.213 E.10556
G1 X70.288 Y53.213 F9000
G1 F3000
G1 X67.86 Y50.785 E.10556
G1 X67.327 Y50.785 F9000
G1 F3000
G1 X69.754 Y53.213 E.10556
G1 X69.221 Y53.213 F9000
G1 F3000
G1 X66.793 Y50.785 E.10556
G1 X66.259 Y50.785 F9000
G1 F3000
G1 X68.687 Y53.213 E.10556
G1 X68.153 Y53.213 F9000
G1 F3000
G1 X65.726 Y50.785 E.10556
G1 X65.192 Y50.785 F9000
G1 F3000
G1 X67.62 Y53.213 E.10556
G1 X67.086 Y53.213 F9000
G1 F3000
G1 X64.659 Y50.785 E.10556
G1 X64.125 Y50.785 F9000
G1 F3000
G1 X66.553 Y53.213 E.10556
G1 X66.019 Y53.213 F9000
G1 F3000
G1 X63.591 Y50.785 E.10556
G1 X63.058 Y50.785 F9000
G1 F3000
G1 X65.485 Y53.213 E.10556
G1 X64.952 Y53.213 F9000
G1 F3000
G1 X62.524 Y50.785 E.10556
G1 X61.991 Y50.785 F9000
G1 F3000
G1 X64.418 Y53.213 E.10556
G1 X63.885 Y53.213 F9000
G1 F3000
G1 X61.457 Y50.785 E.10556
G1 X60.923 Y50.785 F9000
G1 F3000
G1 X63.351 Y53.213 E.10556
G1 X62.817 Y53.213 F9000
G1 F3000
G1 X60.39 Y50.785 E.10556
G1 X59.856 Y50.785 F9000
G1 F3000
G1 X62.284 Y53.213 E.10556
G1 X61.75 Y53.213 F9000
G1 F3000
G1 X59.323 Y50.785 E.10556
G1 X58.789 Y50.785 F9000
G1 F3000
G1 X61.217 Y53.213 E.10556
G1 X60.683 Y53.213 F9000
G1 F3000
G1 X58.255 Y50.785 E.10556
G1 X57.722 Y50.785 F9000
G1 F3000
G1 X60.149 Y53.213 E.10556
G1 X59.616 Y53.213 F9000
G1 F3000
G1 X57.188 Y50.785 E.10556
G1 X56.655 Y50.785 F9000
G1 F3000
G1 X59.082 Y53.213 E.10556
G1 X58.549 Y53.213 F9000
G1 F3000
G1 X56.121 Y50.785 E.10556
G1 X55.587 Y50.785 F9000
G1 F3000
G1 X58.015 Y53.213 E.10556
G1 X57.482 Y53.213 F9000
G1 F3000
G1 X55.054 Y50.785 E.10556
G1 X54.52 Y50.785 F9000
G1 F3000
G1 X56.948 Y53.213 E.10556
G1 X56.414 Y53.213 F9000
G1 F3000
G1 X53.987 Y50.785 E.10556
G1 X53.453 Y50.785 F9000
G1 F3000
G1 X55.881 Y53.213 E.10556
G1 X55.347 Y53.213 F9000
G1 F3000
G1 X52.919 Y50.785 E.10556
G1 X52.386 Y50.785 F9000
G1 F3000
G1 X54.814 Y53.213 E.10556
G1 X54.28 Y53.213 F9000
G1 F3000
G1 X51.852 Y50.785 E.10556
G1 X51.319 Y50.785 F9000
G1 F3000
G1 X53.746 Y53.213 E.10556
G1 X53.213 Y53.213 F9000
G1 F3000
G1 X50.785 Y50.785 E.10556
G1 X50.252 Y50.785 F9000
G1 F3000
G1 X52.679 Y53.213 E.10556
G1 X52.146 Y53.213 F9000
G1 F3000
G1 X49.718 Y50.785 E.10556
G1 X49.184 Y50.785 F9000
G1 F3000
G1 X51.612 Y53.213 E.10556
G1 X51.078 Y53.213 F9000
G1 F3000
G1 X48.651 Y50.785 E.10556
G1 X48.117 Y50.785 F9000
G1 F3000
G1 X50.545 Y53.213 E.10556
G1 X50.011 Y53.213 F9000
G1 F3000
G1 X47.584 Y50.785 E.10556
G1 X47.05 Y50.785 F9000
G1 F3000
G1 X49.478 Y53.213 E.10556
G1 X48.944 Y53.213 F9000
G1 F3000
G1 X46.516 Y50.785 E.10556
G1 X45.983 Y50.785 F9000
G1 F3000
G1 X48.41 Y53.213 E.10556
G1 X47.877 Y53.213 F9000
G1 F3000
G1 X45.449 Y50.785 E.10556
G1 X44.916 Y50.785 F9000
G1 F3000
G1 X47.343 Y53.213 E.10556
G1 X46.81 Y53.213 F9000
G1 F3000
G1 X44.382 Y50.785 E.10556
G1 X43.848 Y50.785 F9000
G1 F3000
G1 X46.276 Y53.213 E.10556
G1 X45.742 Y53.213 F9000
G1 F3000
G1 X43.315 Y50.785 E.10556
G1 X42.781 Y50.785 F9000
G1 F3000
G1 X45.209 Y53.213 E.10556
G1 X44.675 Y53.213 F9000
G1 F3000
G1 X42.248 Y50.785 E.10556
G1 X41.714 Y50.785 F9000
G1 F3000
G1 X44.142 Y53.213 E.10556
G1 X43.608 Y53.213 F9000
G1 F3000
G1 X41.18 Y50.785 E.10556
G1 X40.647 Y50.785 F9000
G1 F3000
G1 X43.074 Y53.213 E.10556
G1 X42.541 Y53.213 F9000
G1 F3000
G1 X40.113 Y50.785 E.10556
G1 X39.58 Y50.785 F9000
G1 F3000
G1 X42.007 Y53.213 E.10556
G1 X41.474 Y53.213 F9000
G1 F3000
G1 X39.046 Y50.785 E.10556
G1 X38.512 Y50.785 F9000
G1 F3000
G1 X40.94 Y53.213 E.10556
G1 X40.407 Y53.213 F9000
G1 F3000
G1 X37.979 Y50.785 E.10556
G1 X37.445 Y50.785 F9000
G1 F3000
G1 X39.873 Y53.213 E.10556
G1 X39.339 Y53.213 F9000
G1 F3000
G1 X36.912 Y50.785 E.10556
G1 X36.378 Y50.785 F9000
G1 F3000
G1 X38.806 Y53.213 E.10556
G1 X38.272 Y53.213 F9000
G1 F3000
G1 X35.844 Y50.785 E.10556
G1 X35.311 Y50.785 F9000
G1 F3000
G1 X37.739 Y53.213 E.10556
G1 X37.205 Y53.213 F9000
G1 F3000
G1 X34.777 Y50.785 E.10556
G1 X34.244 Y50.785 F9000
G1 F3000
G1 X36.671 Y53.213 E.10556
G1 X36.138 Y53.213 F9000
G1 F3000
G1 X33.71 Y50.785 E.10556
G1 X33.177 Y50.785 F9000
G1 F3000
G1 X35.604 Y53.213 E.10556
G1 X35.071 Y53.213 F9000
G1 F3000
G1 X32.643 Y50.785 E.10556
G1 X32.109 Y50.785 F9000
G1 F3000
G1 X34.537 Y53.213 E.10556
G1 X34.003 Y53.213 F9000
G1 F3000
G1 X31.576 Y50.785 E.10556
G1 X31.042 Y50.785 F9000
G1 F3000
G1 X33.084 Y52.826 E.08877
G1 X32.826 Y53.103 F9000
G1 F3000
G1 X30.785 Y51.061 E.08877
G1 X30.785 Y51.595 F9000
G1 F3000
G1 X32.958 Y53.768 E.09449
G1 X33.213 Y54.556 F9000
G1 F3000
G1 X30.785 Y52.128 E.10556
G1 X30.785 Y52.662 F9000
G1 F3000
G1 X33.213 Y55.09 E.10556
G1 X33.213 Y55.623 F9000
G1 F3000
G1 X30.785 Y53.196 E.10556
G1 X30.785 Y53.729 F9000
G1 F3000
G1 X33.213 Y56.157 E.10556
G1 X33.213 Y56.69 F9000
G1 F3000
G1 X30.785 Y54.263 E.10556
G1 X30.785 Y54.796 F9000
G1 F3000
G1 X33.213 Y57.224 E.10556
G1 X33.213 Y57.758 F9000
G1 F3000
G1 X30.785 Y55.33 E.10556
G1 X30.785 Y55.864 F9000
G1 F3000
G1 X33.213 Y58.291 E.10556
G1 X33.213 Y58.825 F9000
G1 F3000
G1 X30.785 Y56.397 E.10556
G1 X30.785 Y56.931 F9000
G1 F3000
G1 X33.213 Y59.358 E.10556
G1 X33.213 Y59.892 F9000
G1 F3000
G1 X30.785 Y57.464 E.10556
G1 X30.785 Y57.998 F9000
G1 F3000
G1 X33.213 Y60.426 E.10556
G1 X33.213 Y60.959 F9000
G1 F3000
G1 X30.785 Y58.531 E.10556
G1 X30.785 Y59.065 F9000
G1 F3000
G1 X33.213 Y61.493 E.10556
G1 X33.213 Y62.026 F9000
G1 F3000
G1 X30.785 Y59.599 E.10556
G1 X30.785 Y60.132 F9000
G1 F3000
G1 X33.213 Y62.56 E.10556
G1 X33.213 Y63.094 F9000
G1 F3000
G1 X30.785 Y60.666 E.10556
G1 X30.785 Y61.199 F9000
G1 F3000
G1 X33.213 Y63.627 E.10556
G1 X33.213 Y64.161 F9000
G1 F3000
G1 X30.785 Y61.733 E.10556
G1 X30.785 Y62.267 F9000
G1 F3000
G1 X33.213 Y64.694 E.10556
G1 X33.213 Y65.228 F9000
G1 F3000
G1 X30.785 Y62.8 E.10556
G1 X30.785 Y63.334 F9000
G1 F3000
G1 X33.213 Y65.761 E.10556
G1 X33.213 Y66.295 F9000
G1 F3000
G1 X30.785 Y63.867 E.10556
G1 X30.785 Y64.401 F9000
G1 F3000
G1 X33.213 Y66.829 E.10556
G1 X33.213 Y67.362 F9000
G1 F3000
G1 X30.785 Y64.935 E.10556
G1 X30.785 Y65.468 F9000
G1 F3000
G1 X33.213 Y67.896 E.10556
G1 X33.213 Y68.429 F9000
G1 F3000
G1 X30.785 Y66.002 E.10556
G1 X30.785 Y66.535 F9000
G1 F3000
G1 X33.213 Y68.963 E.10556
G1 X33.213 Y69.497 F9000
G1 F3000
G1 X30.785 Y67.069 E.10556
G1 X30.785 Y67.603 F9000
G1 F3000
G1 X33.213 Y70.03 E.10556
G1 X33.213 Y70.564 F9000
G1 F3000
G1 X30.785 Y68.136 E.10556
G1 X30.785 Y68.67 F9000
G1 F3000
G1 X33.213 Y71.097 E.10556
G1 X33.213 Y71.631 F9000
G1 F3000
G1 X30.785 Y69.203 E.10556
G1 X30.785 Y69.737 F9000
G1 F3000
G1 X33.213 Y72.165 E.10556
G1 X33.213 Y72.698 F9000
G1 F3000
G1 X30.785 Y70.271 E.10556
G1 X30.785 Y70.804 F9000
G1 F3000
G1 X33.213 Y73.232 E.10556
G1 X33.213 Y73.765 F9000
G1 F3000
G1 X30.785 Y71.338 E.10556
G1 X30.785 Y71.871 F9000
G1 F3000
G1 X33.213 Y74.299 E.10556
G1 X33.213 Y74.833 F9000
G1 F3000
G1 X30.785 Y72.405 E.10556
G1 X30.785 Y72.939 F9000
G1 F3000
G1 X33.213 Y75.366 E.10556
G1 X33.213 Y75.9 F9000
G1 F3000
G1 X30.785 Y73.472 E.10556
G1 X30.785 Y74.006 F9000
G1 F3000
G1 X33.213 Y76.433 E.10556
G1 X33.213 Y76.967 F9000
G1 F3000
G1 X30.785 Y74.539 E.10556
G1 X30.785 Y75.073 F9000
G1 F3000
G1 X33.213 Y77.501 E.10556
G1 X33.213 Y78.034 F9000
G1 F3000
G1 X30.785 Y75.607 E.10556
G1 X30.785 Y76.14 F9000
G1 F3000
G1 X33.213 Y78.568 E.10556
G1 X33.213 Y79.101 F9000
G1 F3000
G1 X30.785 Y76.674 E.10556
G1 X30.785 Y77.207 F9000
G1 F3000
G1 X33.213 Y79.635 E.10556
G1 X33.213 Y80.169 F9000
G1 F3000
G1 X30.785 Y77.741 E.10556
G1 X30.785 Y78.274 F9000
G1 F3000
G1 X33.213 Y80.702 E.10556
G1 X33.213 Y81.236 F9000
G1 F3000
G1 X30.785 Y78.808 E.10556
G1 X30.785 Y79.342 F9000
G1 F3000
G1 X33.213 Y81.769 E.10556
G1 X33.213 Y82.303 F9000
G1 F3000
G1 X30.785 Y79.875 E.10556
G1 X30.785 Y80.409 F9000
G1 F3000
G1 X33.213 Y82.837 E.10556
G1 X33.213 Y83.37 F9000
G1 F3000
G1 X30.785 Y80.942 E.10556
G1 X30.785 Y81.476 F9000
G1 F3000
G1 X33.213 Y83.904 E.10556
G1 X33.213 Y84.437 F9000
G1 F3000
G1 X30.785 Y82.01 E.10556
G1 X30.785 Y82.543 F9000
G1 F3000
G1 X33.213 Y84.971 E.10556
G1 X33.213 Y85.504 F9000
G1 F3000
G1 X30.785 Y83.077 E.10556
G1 X30.785 Y83.61 F9000
G1 F3000
G1 X33.213 Y86.038 E.10556
G1 X33.213 Y86.572 F9000
G1 F3000
G1 X30.785 Y84.144 E.10556
G1 X30.785 Y84.678 F9000
G1 F3000
G1 X33.213 Y87.105 E.10556
G1 X33.213 Y87.639 F9000
G1 F3000
G1 X30.785 Y85.211 E.10556
G1 X30.785 Y85.745 F9000
G1 F3000
G1 X33.213 Y88.172 E.10556
G1 X33.213 Y88.706 F9000
G1 F3000
G1 X30.785 Y86.278 E.10556
G1 X30.785 Y86.812 F9000
G1 F3000
G1 X33.213 Y89.24 E.10556
G1 X33.213 Y89.773 F9000
G1 F3000
G1 X30.785 Y87.346 E.10556
G1 X30.785 Y87.879 F9000
G1 F3000
G1 X33.213 Y90.307 E.10556
G1 X33.213 Y90.84 F9000
G1 F3000
G1 X30.785 Y88.413 E.10556
G1 X30.785 Y88.946 F9000
G1 F3000
G1 X33.213 Y91.374 E.10556
G1 X33.213 Y91.908 F9000
G1 F3000
G1 X30.785 Y89.48 E.10556
G1 X30.785 Y90.014 F9000
G1 F3000
G1 X33.213 Y92.441 E.10556
G1 X33.213 Y92.975 F9000
G1 F3000
G1 X30.785 Y90.547 E.10556
G1 X30.785 Y91.081 F9000
G1 F3000
G1 X33.213 Y93.508 E.10556
G1 X33.213 Y94.042 F9000
G1 F3000
G1 X30.785 Y91.614 E.10556
G1 X30.785 Y92.148 F9000
G1 F3000
G1 X33.213 Y94.576 E.10556
G1 X33.213 Y95.109 F9000
G1 F3000
G1 X30.785 Y92.682 E.10556
G1 X30.785 Y93.215 F9000
G1 F3000
G1 X33.213 Y95.643 E.10556
G1 X33.213 Y96.176 F9000
G1 F3000
G1 X30.785 Y93.749 E.10556
G1 X30.785 Y94.282 F9000
G1 F3000
G1 X33.213 Y96.71 E.10556
G1 X33.213 Y97.244 F9000
G1 F3000
G1 X30.785 Y94.816 E.10556
G1 X30.785 Y95.349 F9000
G1 F3000
G1 X33.213 Y97.777 E.10556
G1 X33.213 Y98.311 F9000
G1 F3000
G1 X30.785 Y95.883 E.10556
G1 X30.785 Y96.417 F9000
G1 F3000
G1 X33.213 Y98.844 E.10556
G1 X33.213 Y99.378 F9000
G1 F3000
G1 X30.785 Y96.95 E.10556
G1 X30.785 Y97.484 F9000
G1 F3000
G1 X33.213 Y99.912 E.10556
G1 X33.213 Y100.445 F9000
G1 F3000
G1 X30.785 Y98.017 E.10556
G1 X30.785 Y98.551 F9000
G1 F3000
G1 X33.213 Y100.979 E.10556
G1 X33.213 Y101.512 F9000
G1 F3000
G1 X30.785 Y99.085 E.10556
G1 X30.785 Y99.618 F9000
G1 F3000
G1 X33.213 Y102.046 E.10556
G1 X33.213 Y102.579 F9000
G1 F3000
G1 X30.785 Y100.152 E.10556
G1 X30.785 Y100.685 F9000
G1 F3000
G1 X33.213 Y103.113 E.10556
G1 X33.213 Y103.647 F9000
G1 F3000
G1 X30.785 Y101.219 E.10556
G1 X30.785 Y101.753 F9000
G1 F3000
G1 X33.213 Y104.18 E.10556
G1 X33.213 Y104.714 F9000
G1 F3000
G1 X30.785 Y102.286 E.10556
G1 X30.785 Y102.82 F9000
G1 F3000
G1 X33.213 Y105.247 E.10556
G1 X33.213 Y105.781 F9000
G1 F3000
G1 X30.785 Y103.353 E.10556
G1 X30.785 Y103.887 F9000
G1 F3000
G1 X33.213 Y106.315 E.10556
G1 X33.213 Y106.848 F9000
G1 F3000
G1 X30.785 Y104.421 E.10556
G1 X30.785 Y104.954 F9000
G1 F3000
G1 X33.213 Y107.382 E.10556
G1 X33.213 Y107.915 F9000
G1 F3000
G1 X30.785 Y105.488 E.10556
G1 X30.785 Y106.021 F9000
G1 F3000
G1 X33.213 Y108.449 E.10556
G1 X33.213 Y108.983 F9000
G1 F3000
G1 X30.785 Y106.555 E.10556
G1 X30.785 Y107.089 F9000
G1 F3000
G1 X33.213 Y109.516 E.10556
G1 X33.213 Y110.05 F9000
G1 F3000
G1 X30.785 Y107.622 E.10556
G1 X30.785 Y108.156 F9000
G1 F3000
G1 X33.213 Y110.583 E.10556
G1 X33.213 Y111.117 F9000
G1 F3000
G1 X30.785 Y108.689 E.10556
G1 X30.785 Y109.223 F9000
G1 F3000
G1 X33.213 Y111.651 E.10556
G1 X33.213 Y112.184 F9000
G1 F3000
G1 X30.785 Y109.757 E.10556
G1 X30.785 Y110.29 F9000
G1 F3000
G1 X33.213 Y112.718 E.10556
G1 X33.213 Y113.251 F9000
G1 F3000
G1 X30.785 Y110.824 E.10556
G1 X30.785 Y111.357 F9000
G1 F3000
G1 X33.213 Y113.785 E.10556
G1 X33.213 Y114.319 F9000
G1 F3000
G1 X30.785 Y111.891 E.10556
G1 X30.785 Y112.425 F9000
G1 F3000
G1 X33.213 Y114.852 E.10556
G1 X33.213 Y115.386 F9000
G1 F3000
G1 X30.785 Y112.958 E.10556
G1 X30.785 Y113.492 F9000
G1 F3000
G1 X33.213 Y115.919 E.10556
G1 X33.213 Y116.453 F9000
G1 F3000
G1 X30.785 Y114.025 E.10556
G1 X30.785 Y114.559 F9000
G1 F3000
G1 X33.213 Y116.987 E.10556
G1 X33.213 Y117.52 F9000
G1 F3000
G1 X30.785 Y115.092 E.10556
G1 X30.785 Y115.626 F9000
G1 F3000
G1 X33.213 Y118.054 E.10556
G1 X33.213 Y118.587 F9000
G1 F3000
G1 X30.785 Y116.16 E.10556
G1 X30.785 Y116.693 F9000
G1 F3000
G1 X33.213 Y119.121 E.10556
G1 X33.213 Y119.654 F9000
G1 F3000
G1 X30.785 Y117.227 E.10556
G1 X30.785 Y117.76 F9000
G1 F3000
G1 X33.213 Y120.188 E.10556
G1 X33.213 Y120.722 F9000
G1 F3000
G1 X30.785 Y118.294 E.10556
G1 X30.785 Y118.828 F9000
G1 F3000
G1 X33.213 Y121.255 E.10556
G1 X33.213 Y121.789 F9000
G1 F3000
G1 X30.785 Y119.361 E.10556
G1 X30.785 Y119.895 F9000
G1 F3000
G1 X33.213 Y122.322 E.10556
G1 X33.213 Y122.856 F9000
G1 F3000
G1 X30.785 Y120.428 E.10556
G1 X30.785 Y120.962 F9000
G1 F3000
G1 X33.213 Y123.39 E.10556
G1 X33.213 Y123.923 F9000
G1 F3000
G1 X30.785 Y121.496 E.10556
G1 X30.785 Y122.029 F9000
G1 F3000
G1 X33.213 Y124.457 E.10556
G1 X33.213 Y124.99 F9000
G1 F3000
G1 X30.785 Y122.563 E.10556
G1 X30.785 Y123.096 F9000
G1 F3000
G1 X33.213 Y125.524 E.10556
G1 X33.213 Y126.058 F9000
G1 F3000
G1 X30.785 Y123.63 E.10556
G1 X30.785 Y124.164 F9000
G1 F3000
G1 X33.213 Y126.591 E.10556
G1 X33.213 Y127.125 F9000
G1 F3000
G1 X30.785 Y124.697 E.10556
G1 X30.785 Y125.231 F9000
G1 F3000
G1 X33.213 Y127.658 E.10556
G1 X33.213 Y128.192 F9000
G1 F3000
G1 X30.785 Y125.764 E.10556
G1 X30.785 Y126.298 F9000
G1 F3000
G1 X33.213 Y128.726 E.10556
G1 X33.213 Y129.259 F9000
G1 F3000
G1 X30.785 Y126.832 E.10556
G1 X30.785 Y127.365 F9000
G1 F3000
G1 X33.213 Y129.793 E.10556
G1 X33.213 Y130.326 F9000
G1 F3000
G1 X30.785 Y127.899 E.10556
G1 X30.785 Y128.432 F9000
G1 F3000
G1 X33.213 Y130.86 E.10556
G1 X33.213 Y131.394 F9000
G1 F3000
G1 X30.785 Y128.966 E.10556
G1 X30.785 Y129.5 F9000
G1 F3000
G1 X33.213 Y131.927 E.10556
G1 X33.213 Y132.461 F9000
G1 F3000
G1 X30.785 Y130.033 E.10556
G1 X30.785 Y130.567 F9000
G1 F3000
G1 X33.213 Y132.994 E.10556
G1 X33.213 Y133.528 F9000
G1 F3000
G1 X30.785 Y131.1 E.10556
G1 X30.785 Y131.634 F9000
G1 F3000
G1 X33.213 Y134.062 E.10556
G1 X33.213 Y134.595 F9000
G1 F3000
G1 X30.785 Y132.167 E.10556
G1 X30.785 Y132.701 F9000
G1 F3000
G1 X33.213 Y135.129 E.10556
G1 X33.213 Y135.662 F9000
G1 F3000
G1 X30.785 Y133.235 E.10556
G1 X30.785 Y133.768 F9000
G1 F3000
G1 X33.213 Y136.196 E.10556
G1 X33.213 Y136.73 F9000
G1 F3000
G1 X30.785 Y134.302 E.10556
G1 X30.785 Y134.835 F9000
G1 F3000
G1 X33.213 Y137.263 E.10556
G1 X33.213 Y137.797 F9000
G1 F3000
G1 X30.785 Y135.369 E.10556
G1 X30.785 Y135.903 F9000
G1 F3000
G1 X33.213 Y138.33 E.10556
G1 X33.213 Y138.864 F9000
G1 F3000
G1 X30.785 Y136.436 E.10556
G1 X30.785 Y136.97 F9000
G1 F3000
G1 X33.213 Y139.397 E.10556
G1 X33.213 Y139.931 F9000
G1 F3000
G1 X30.785 Y137.503 E.10556
G1 X30.785 Y138.037 F9000
G1 F3000
G1 X33.213 Y140.465 E.10556
G1 X33.213 Y140.998 F9000
G1 F3000
G1 X30.785 Y138.571 E.10556
G1 X30.785 Y139.104 F9000
G1 F3000
G1 X33.213 Y141.532 E.10556
G1 X33.213 Y142.065 F9000
G1 F3000
G1 X30.785 Y139.638 E.10556
G1 X30.785 Y140.171 F9000
G1 F3000
G1 X33.213 Y142.599 E.10556
G1 X33.213 Y143.133 F9000
G1 F3000
G1 X30.785 Y140.705 E.10556
G1 X30.785 Y141.239 F9000
G1 F3000
G1 X33.213 Y143.666 E.10556
G1 X33.213 Y144.2 F9000
G1 F3000
G1 X30.785 Y141.772 E.10556
G1 X30.785 Y142.306 F9000
G1 F3000
G1 X33.213 Y144.733 E.10556
G1 X33.213 Y145.267 F9000
G1 F3000
G1 X30.785 Y142.839 E.10556
G1 X30.785 Y143.373 F9000
G1 F3000
G1 X33.213 Y145.801 E.10556
G1 X33.213 Y146.334 F9000
G1 F3000
G1 X30.785 Y143.907 E.10556
G1 X30.785 Y144.44 F9000
G1 F3000
G1 X33.213 Y146.868 E.10556
G1 X33.213 Y147.401 F9000
G1 F3000
G1 X30.785 Y144.974 E.10556
G1 X30.785 Y145.507 F9000
G1 F3000
G1 X33.213 Y147.935 E.10556
G1 X33.213 Y148.469 F9000
G1 F3000
G1 X30.785 Y146.041 E.10556
G1 X30.785 Y146.575 F9000
G1 F3000
G1 X33.213 Y149.002 E.10556
G1 X33.213 Y149.536 F9000
G1 F3000
G1 X30.785 Y147.108 E.10556
G1 X30.785 Y147.642 F9000
G1 F3000
G1 X33.213 Y150.069 E.10556
G1 X33.213 Y150.603 F9000
G1 F3000
G1 X30.785 Y148.175 E.10556
G1 X30.785 Y148.709 F9000
G1 F3000
G1 X33.213 Y151.137 E.10556
G1 X33.213 Y151.67 F9000
G1 F3000
G1 X30.785 Y149.242 E.10556
G1 X30.785 Y149.776 F9000
G1 F3000
G1 X33.213 Y152.204 E.10556
G1 X33.213 Y152.737 F9000
G1 F3000
G1 X30.785 Y150.31 E.10556
G1 X30.785 Y150.843 F9000
G1 F3000
G1 X33.213 Y153.271 E.10556
G1 X33.213 Y153.805 F9000
G1 F3000
G1 X30.785 Y151.377 E.10556
G1 X30.785 Y151.91 F9000
G1 F3000
G1 X33.213 Y154.338 E.10556
G1 X33.213 Y154.872 F9000
G1 F3000
G1 X30.785 Y152.444 E.10556
G1 X30.785 Y152.978 F9000
G1 F3000
G1 X33.213 Y155.405 E.10556
G1 X33.213 Y155.939 F9000
G1 F3000
G1 X30.785 Y153.511 E.10556
G1 X30.785 Y154.045 F9000
G1 F3000
G1 X33.213 Y156.472 E.10556
G1 X33.213 Y157.006 F9000
G1 F3000
G1 X30.785 Y154.578 E.10556
G1 X30.785 Y155.112 F9000
G1 F3000
G1 X33.213 Y157.54 E.10556
G1 X33.213 Y158.073 F9000
G1 F3000
G1 X30.785 Y155.646 E.10556
G1 X30.785 Y156.179 F9000
G1 F3000
G1 X33.213 Y158.607 E.10556
G1 X33.213 Y159.14 F9000
G1 F3000
G1 X30.785 Y156.713 E.10556
G1 X30.785 Y157.246 F9000
G1 F3000
G1 X33.213 Y159.674 E.10556
G1 X33.213 Y160.208 F9000
G1 F3000
G1 X30.785 Y157.78 E.10556
G1 X30.785 Y158.314 F9000
G1 F3000
G1 X33.213 Y160.741 E.10556
G1 X33.213 Y161.275 F9000
G1 F3000
G1 X30.785 Y158.847 E.10556
G1 X30.785 Y159.381 F9000
G1 F3000
G1 X33.213 Y161.808 E.10556
G1 X33.213 Y162.342 F9000
G1 F3000
G1 X30.785 Y159.914 E.10556
G1 X30.785 Y160.448 F9000
G1 F3000
G1 X33.213 Y162.876 E.10556
G1 X33.213 Y163.409 F9000
G1 F3000
G1 X30.785 Y160.982 E.10556
G1 X30.785 Y161.515 F9000
G1 F3000
G1 X33.213 Y163.943 E.10556
G1 X33.213 Y164.476 F9000
G1 F3000
G1 X30.785 Y162.049 E.10556
G1 X30.785 Y162.582 F9000
G1 F3000
G1 X33.213 Y165.01 E.10556
G1 X33.213 Y165.544 F9000
G1 F3000
G1 X30.785 Y163.116 E.10556
G1 X30.785 Y163.65 F9000
G1 F3000
G1 X33.216 Y166.08 E.1057
G1 X32.963 Y166.361 F9000
G1 F3000
G1 X30.785 Y164.183 E.0947
G1 X30.785 Y164.717 F9000
G1 F3000
G1 X32.844 Y166.776 E.08952
G1 E-.84 F2400
;WIPE_START
G1 F3000
G1 X32.137 Y166.068 E-.36
;WIPE_END
G1 F9000
G1 X33.1755 Y165.879 Z3.05714
G1 X33.9713 Y166.573 Z3.11429
G1 X33.9249 Y167.628 Z3.17143
G1 X33.0711 Y168.25 Z3.22857
G1 X32.0529 Y167.969 Z3.28571
G1 X31.6369 Y166.999 Z3.34286
G1 X32.1365 Y166.068 Z3.4
G1 X187.16 Y53.228 Z3.4
G1 Z3
G1 E1.2 F1800
G1 F3000
G1 X189.215 Y55.283 E.08937
G1 X189.215 Y55.816 F9000
G1 F3000
G1 X187.064 Y53.666 E.09352
G1 X186.828 Y53.963 F9000
G1 F3000
G1 X189.215 Y56.35 E.10381
G1 X189.215 Y56.884 F9000
G1 F3000
G1 X186.787 Y54.456 E.10556
G1 X186.787 Y54.989 F9000
G1 F3000
G1 X189.215 Y57.417 E.10556
G1 X189.215 Y57.951 F9000
G1 F3000
G1 X186.787 Y55.523 E.10556
G1 X186.787 Y56.057 F9000
G1 F3000
G1 X189.215 Y58.484 E.10556
G1 X189.215 Y59.018 F9000
G1 F3000
G1 X186.787 Y56.59 E.10556
G1 X186.787 Y57.124 F9000
G1 F3000
G1 X189.215 Y59.552 E.10556
G1 X189.215 Y60.085 F9000
G1 F3000
G1 X186.787 Y57.657 E.10556
G1 X186.787 Y58.191 F9000
G1 F3000
G1 X189.215 Y60.619 E.10556
G1 X189.215 Y61.152 F9000
G1 F3000
G1 X186.787 Y58.725 E.10556
G1 X186.787 Y59.258 F9000
G1 F3000
G1 X189.215 Y61.686 E.10556
G1 X189.215 Y62.219 F9000
G1 F3000
G1 X186.787 Y59.792 E.10556
G1 X186.787 Y60.325 F9000
G1 F3000
G1 X189.215 Y62.753 E.10556
G1 X189.215 Y63.287 F9000
G1 F3000
G1 X186.787 Y60.859 E.10556
G1 X186.787 Y61.393 F9000
G1 F3000
G1 X189.215 Y63.82 E.10556
G1 X189.215 Y64.354 F9000
G1 F3000
G1 X186.787 Y61.926 E.10556
G1 X186.787 Y62.46 F9000
G1 F3000
G1 X189.215 Y64.887 E.10556
G1 X189.215 Y65.421 F9000
G1 F3000
G1 X186.787 Y62.993 E.10556
G1 X186.787 Y63.527 F9000
G1 F3000
G1 X189.215 Y65.955 E.10556
G1 X189.215 Y66.488 F9000
G1 F3000
G1 X186.787 Y64.061 E.10556
G1 X186.787 Y64.594 F9000
G1 F3000
G1 X189.215 Y67.022 E.10556
G1 X189.215 Y67.555 F9000
G1 F3000
G1 X186.787 Y65.128 E.10556
G1 X186.787 Y65.661 F9000
G1 F3000
G1 X189.215 Y68.089 E.10556
G1 X189.215 Y68.623 F9000
G1 F3000
G1 X186.787 Y66.195 E.10556
G1 X186.787 Y66.729 F9000
G1 F3000
G1 X189.215 Y69.156 E.10556
G1 X189.215 Y69.69 F9000
G1 F3000
G1 X186.787 Y67.262 E.10556
G1 X186.787 Y67.796 F9000
G1 F3000
G1 X189.215 Y70.223 E.10556
G1 X189.215 Y70.757 F9000
G1 F3000
G1 X186.787 Y68.329 E.10556
G1 X186.787 Y68.863 F9000
G1 F3000
G1 X189.215 Y71.291 E.10556
G1 X189.215 Y71.824 F9000
G1 F3000
G1 X186.787 Y69.397 E.10556
G1 X186.787 Y69.93 F9000
G1 F3000
G1 X189.215 Y72.358 E.10556
G1 X189.215 Y72.891 F9000
G1 F3000
G1 X186.787 Y70.464 E.10556
G1 X186.787 Y70.997 F9000
G1 F3000
G1 X189.215 Y73.425 E.10556
G1 X189.215 Y73.959 F9000
G1 F3000
G1 X186.787 Y71.531 E.10556
G1 X186.787 Y72.065 F9000
G1 F3000
G1 X189.215 Y74.492 E.10556
G1 X189.215 Y75.026 F9000
G1 F3000
G1 X186.787 Y72.598 E.10556
G1 X186.787 Y73.132 F9000
G1 F3000
G1 X189.215 Y75.559 E.10556
G1 X189.215 Y76.093 F9000
G1 F3000
G1 X186.787 Y73.665 E.10556
G1 X186.787 Y74.199 F9000
G1 F3000
G1 X189.215 Y76.627 E.10556
G1 X189.215 Y77.16 F9000
G1 F3000
G1 X186.787 Y74.732 E.10556
G1 X186.787 Y75.266 F9000
G1 F3000
G1 X189.215 Y77.694 E.10556
G1 X189.215 Y78.227 F9000
G1 F3000
G1 X186.787 Y75.8 E.10556
G1 X186.787 Y76.333 F9000
G1 F3000
G1 X189.215 Y78.761 E.10556
G1 X189.215 Y79.295 F9000
G1 F3000
G1 X186.787 Y76.867 E.10556
G1 X186.787 Y77.4 F9000
G1 F3000
G1 X189.215 Y79.828 E.10556
G1 X189.215 Y80.362 F9000
G1 F3000
G1 X186.787 Y77.934 E.10556
G1 X186.787 Y78.468 F9000
G1 F3000
G1 X189.215 Y80.895 E.10556
G1 X189.215 Y81.429 F9000
G1 F3000
G1 X186.787 Y79.001 E.10556
G1 X186.787 Y79.535 F9000
G1 F3000
G1 X189.215 Y81.962 E.10556
G1 X189.215 Y82.496 F9000
G1 F3000
G1 X186.787 Y80.068 E.10556
G1 X186.787 Y80.602 F9000
G1 F3000
G1 X189.215 Y83.03 E.10556
G1 X189.215 Y83.563 F9000
G1 F3000
G1 X186.787 Y81.136 E.10556
G1 X186.787 Y81.669 F9000
G1 F3000
G1 X189.215 Y84.097 E.10556
G1 X189.215 Y84.63 F9000
G1 F3000
G1 X186.787 Y82.203 E.10556
G1 X186.787 Y82.736 F9000
G1 F3000
G1 X189.215 Y85.164 E.10556
G1 X189.215 Y85.698 F9000
G1 F3000
G1 X186.787 Y83.27 E.10556
G1 X186.787 Y83.804 F9000
G1 F3000
G1 X189.215 Y86.231 E.10556
G1 X189.215 Y86.765 F9000
G1 F3000
G1 X186.787 Y84.337 E.10556
G1 X186.787 Y84.871 F9000
G1 F3000
G1 X189.215 Y87.298 E.10556
G1 X189.215 Y87.832 F9000
G1 F3000
G1 X186.787 Y85.404 E.10556
G1 X186.787 Y85.938 F9000
G1 F3000
G1 X189.215 Y88.366 E.10556
G1 X189.215 Y88.899 F9000
G1 F3000
G1 X186.787 Y86.472 E.10556
G1 X186.787 Y87.005 F9000
G1 F3000
G1 X189.215 Y89.433 E.10556
G1 X189.215 Y89.966 F9000
G1 F3000
G1 X186.787 Y87.539 E.10556
G1 X186.787 Y88.072 F9000
G1 F3000
G1 X189.215 Y90.5 E.10556
G1 X189.215 Y91.034 F9000
G1 F3000
G1 X186.787 Y88.606 E.10556
G1 X186.787 Y89.14 F9000
G1 F3000
G1 X189.215 Y91.567 E.10556
G1 X189.215 Y92.101 F9000
G1 F3000
G1 X186.787 Y89.673 E.10556
G1 X186.787 Y90.207 F9000
G1 F3000
G1 X189.215 Y92.634 E.10556
G1 X189.215 Y93.168 F9000
G1 F3000
G1 X186.787 Y90.74 E.10556
G1 X186.787 Y91.274 F9000
G1 F3000
G1 X189.215 Y93.702 E.10556
G1 X189.215 Y94.235 F9000
G1 F3000
G1 X186.787 Y91.807 E.10556
G1 X186.787 Y92.341 F9000
G1 F3000
G1 X189.215 Y94.769 E.10556
G1 X189.215 Y95.302 F9000
G1 F3000
G1 X186.787 Y92.875 E.10556
G1 X186.787 Y93.408 F9000
G1 F3000
G1 X189.215 Y95.836 E.10556
G1 X189.215 Y96.37 F9000
G1 F3000
G1 X186.787 Y93.942 E.10556
G1 X186.787 Y94.475 F9000
G1 F3000
G1 X189.215 Y96.903 E.10556
G1 X189.215 Y97.437 F9000
G1 F3000
G1 X186.787 Y95.009 E.10556
G1 X186.787 Y95.543 F9000
G1 F3000
G1 X189.215 Y97.97 E.10556
G1 X189.215 Y98.504 F9000
G1 F3000
G1 X186.787 Y96.076 E.10556
G1 X186.787 Y96.61 F9000
G1 F3000
G1 X189.215 Y99.037 E.10556
G1 X189.215 Y99.571 F9000
G1 F3000
G1 X186.787 Y97.143 E.10556
G1 X186.787 Y97.677 F9000
G1 F3000
G1 X189.215 Y100.105 E.10556
G1 X189.215 Y100.638 F9000
G1 F3000
G1 X186.787 Y98.211 E.10556
G1 X186.787 Y98.744 F9000
G1 F3000
G1 X189.215 Y101.172 E.10556
G1 X189.215 Y101.705 F9000
G1 F3000
G1 X186.787 Y99.278 E.10556
G1 X186.787 Y99.811 F9000
G1 F3000
G1 X189.215 Y102.239 E.10556
G1 X189.215 Y102.773 F9000
G1 F3000
G1 X186.787 Y100.345 E.10556
G1 X186.787 Y100.879 F9000
G1 F3000
G1 X189.215 Y103.306 E.10556
G1 X189.215 Y103.84 F9000
G1 F3000
G1 X186.787 Y101.412 E.10556
G1 X186.787 Y101.946 F9000
G1 F3000
G1 X189.215 Y104.373 E.10556
G1 X189.215 Y104.907 F9000
G1 F3000
G1 X186.787 Y102.479 E.10556
G1 X186.787 Y103.013 F9000
G1 F3000
G1 X189.215 Y105.441 E.10556
G1 X189.215 Y105.974 F9000
G1 F3000
G1 X186.787 Y103.547 E.10556
G1 X186.787 Y104.08 F9000
G1 F3000
G1 X189.215 Y106.508 E.10556
G1 X189.215 Y107.041 F9000
G1 F3000
G1 X186.787 Y104.614 E.10556
G1 X186.787 Y105.147 F9000
G1 F3000
G1 X189.215 Y107.575 E.10556
G1 X189.215 Y108.109 F9000
G1 F3000
G1 X186.787 Y105.681 E.10556
G1 X186.787 Y106.215 F9000
G1 F3000
G1 X189.215 Y108.642 E.10556
G1 X189.215 Y109.176 F9000
G1 F3000
G1 X186.787 Y106.748 E.10556
G1 X186.787 Y107.282 F9000
G1 F3000
G1 X189.215 Y109.709 E.10556
G1 X189.215 Y110.243 F9000
G1 F3000
G1 X186.787 Y107.815 E.10556
G1 X186.787 Y108.349 F9000
G1 F3000
G1 X189.215 Y110.777 E.10556
G1 X189.215 Y111.31 F9000
G1 F3000
G1 X186.787 Y108.883 E.10556
G1 X186.787 Y109.416 F9000
G1 F3000
G1 X189.215 Y111.844 E.10556
G1 X189.215 Y112.377 F9000
G1 F3000
G1 X186.787 Y109.95 E.10556
G1 X186.787 Y110.483 F9000
G1 F3000
G1 X189.215 Y112.911 E.10556
G1 X189.215 Y113.445 F9000
G1 F3000
G1 X186.787 Y111.017 E.10556
G1 X186.787 Y111.55 F9000
G1 F3000
G1 X189.215 Y113.978 E.10556
G1 X189.215 Y114.512 F9000
G1 F3000
G1 X186.787 Y112.084 E.10556
G1 X186.787 Y112.618 F9000
G1 F3000
G1 X189.215 Y115.045 E.10556
G1 X189.215 Y115.579 F9000
G1 F3000
G1 X186.787 Y113.151 E.10556
G1 X186.787 Y113.685 F9000
G1 F3000
G1 X189.215 Y116.112 E.10556
G1 X189.215 Y116.646 F9000
G1 F3000
G1 X186.787 Y114.218 E.10556
G1 X186.787 Y114.752 F9000
G1 F3000
G1 X189.215 Y117.18 E.10556
G1 X189.215 Y117.713 F9000
G1 F3000
G1 X186.787 Y115.286 E.10556
G1 X186.787 Y115.819 F9000
G1 F3000
G1 X189.215 Y118.247 E.10556
G1 X189.215 Y118.78 F9000
G1 F3000
G1 X186.787 Y116.353 E.10556
G1 X186.787 Y116.886 F9000
G1 F3000
G1 X189.215 Y119.314 E.10556
G1 X189.215 Y119.848 F9000
G1 F3000
G1 X186.787 Y117.42 E.10556
G1 X186.787 Y117.954 F9000
G1 F3000
G1 X189.215 Y120.381 E.10556
G1 X189.215 Y120.915 F9000
G1 F3000
G1 X186.787 Y118.487 E.10556
G1 X186.787 Y119.021 F9000
G1 F3000
G1 X189.215 Y121.448 E.10556
G1 X189.215 Y121.982 F9000
G1 F3000
G1 X186.787 Y119.554 E.10556
G1 X186.787 Y120.088 F9000
G1 F3000
G1 X189.215 Y122.516 E.10556
G1 X189.215 Y123.049 F9000
G1 F3000
G1 X186.787 Y120.622 E.10556
G1 X186.787 Y121.155 F9000
G1 F3000
G1 X189.215 Y123.583 E.10556
G1 X189.215 Y124.116 F9000
G1 F3000
G1 X186.787 Y121.689 E.10556
G1 X186.787 Y122.222 F9000
G1 F3000
G1 X189.215 Y124.65 E.10556
G1 X189.215 Y125.184 F9000
G1 F3000
G1 X186.787 Y122.756 E.10556
G1 X186.787 Y123.29 F9000
G1 F3000
G1 X189.215 Y125.717 E.10556
G1 X189.215 Y126.251 F9000
G1 F3000
G1 X186.787 Y123.823 E.10556
G1 X186.787 Y124.357 F9000
G1 F3000
G1 X189.215 Y126.784 E.10556
G1 X189.215 Y127.318 F9000
G1 F3000
G1 X186.787 Y124.89 E.10556
G1 X186.787 Y125.424 F9000
G1 F3000
G1 X189.215 Y127.852 E.10556
G1 X189.215 Y128.385 F9000
G1 F3000
G1 X186.787 Y125.958 E.10556
G1 X186.787 Y126.491 F9000
G1 F3000
G1 X189.215 Y128.919 E.10556
G1 X189.215 Y129.452 F9000
G1 F3000
G1 X186.787 Y127.025 E.10556
G1 X186.787 Y127.558 F9000
G1 F3000
G1 X189.215 Y129.986 E.10556
G1 X189.215 Y130.52 F9000
G1 F3000
G1 X186.787 Y128.092 E.10556
G1 X186.787 Y128.625 F9000
G1 F3000
G1 X189.215 Y131.053 E.10556
G1 X189.215 Y131.587 F9000
G1 F3000
G1 X186.787 Y129.159 E.10556
G1 X186.787 Y129.693 F9000
G1 F3000
G1 X189.215 Y132.12 E.10556
G1 X189.215 Y132.654 F9000
G1 F3000
G1 X186.787 Y130.226 E.10556
G1 X186.787 Y130.76 F9000
G1 F3000
G1 X189.215 Y133.188 E.10556
G1 X189.215 Y133.721 F9000
G1 F3000
G1 X186.787 Y131.293 E.10556
G1 X186.787 Y131.827 F9000
G1 F3000
G1 X189.215 Y134.255 E.10556
G1 X189.215 Y134.788 F9000
G1 F3000
G1 X186.787 Y132.361 E.10556
G1 X186.787 Y132.894 F9000
G1 F3000
G1 X189.215 Y135.322 E.10556
G1 X189.215 Y135.855 F9000
G1 F3000
G1 X186.787 Y133.428 E.10556
G1 X186.787 Y133.961 F9000
G1 F3000
G1 X189.215 Y136.389 E.10556
G1 X189.215 Y136.923 F9000
G1 F3000
G1 X186.787 Y134.495 E.10556
G1 X186.787 Y135.029 F9000
G1 F3000
G1 X189.215 Y137.456 E.10556
G1 X189.215 Y137.99 F9000
G1 F3000
G1 X186.787 Y135.562 E.10556
G1 X186.787 Y136.096 F9000
G1 F3000
G1 X189.215 Y138.523 E.10556
G1 X189.215 Y139.057 F9000
G1 F3000
G1 X186.787 Y136.629 E.10556
G1 X186.787 Y137.163 F9000
G1 F3000
G1 X189.215 Y139.591 E.10556
G1 X189.215 Y140.124 F9000
G1 F3000
G1 X186.787 Y137.697 E.10556
G1 X186.787 Y138.23 F9000
G1 F3000
G1 X189.215 Y140.658 E.10556
G1 X189.215 Y141.191 F9000
G1 F3000
G1 X186.787 Y138.764 E.10556
G1 X186.787 Y139.297 F9000
G1 F3000
G1 X189.215 Y141.725 E.10556
G1 X189.215 Y142.259 F9000
G1 F3000
G1 X186.787 Y139.831 E.10556
G1 X186.787 Y140.365 F9000
G1 F3000
G1 X189.215 Y142.792 E.10556
G1 X189.215 Y143.326 F9000
G1 F3000
G1 X186.787 Y140.898 E.10556
G1 X186.787 Y141.432 F9000
G1 F3000
G1 X189.215 Y143.859 E.10556
G1 X189.215 Y144.393 F9000
G1 F3000
G1 X186.787 Y141.965 E.10556
G1 X186.787 Y142.499 F9000
G1 F3000
G1 X189.215 Y144.927 E.10556
G1 X189.215 Y145.46 F9000
G1 F3000
G1 X186.787 Y143.033 E.10556
G1 X186.787 Y143.566 F9000
G1 F3000
G1 X189.215 Y145.994 E.10556
G1 X189.215 Y146.527 F9000
G1 F3000
G1 X186.787 Y144.1 E.10556
G1 X186.787 Y144.633 F9000
G1 F3000
G1 X189.215 Y147.061 E.10556
G1 X189.215 Y147.595 F9000
G1 F3000
G1 X186.787 Y145.167 E.10556
G1 X186.787 Y145.7 F9000
G1 F3000
G1 X189.215 Y148.128 E.10556
G1 X189.215 Y148.662 F9000
G1 F3000
G1 X186.787 Y146.234 E.10556
G1 X186.787 Y146.768 F9000
G1 F3000
G1 X189.215 Y149.195 E.10556
G1 X189.215 Y149.729 F9000
G1 F3000
G1 X186.787 Y147.301 E.10556
G1 X186.787 Y147.835 F9000
G1 F3000
G1 X189.215 Y150.263 E.10556
G1 X189.215 Y150.796 F9000
G1 F3000
G1 X186.787 Y148.368 E.10556
G1 X186.787 Y148.902 F9000
G1 F3000
G1 X189.215 Y151.33 E.10556
G1 X189.215 Y151.863 F9000
G1 F3000
G1 X186.787 Y149.436 E.10556
G1 X186.787 Y149.969 F9000
G1 F3000
G1 X189.215 Y152.397 E.10556
G1 X189.215 Y152.93 F9000
G1 F3000
G1 X186.787 Y150.503 E.10556
G1 X186.787 Y151.036 F9000
G1 F3000
G1 X189.215 Y153.464 E.10556
G1 X189.215 Y153.998 F9000
G1 F3000
G1 X186.787 Y151.57 E.10556
G1 X186.787 Y152.104 F9000
G1 F3000
G1 X189.215 Y154.531 E.10556
G1 X189.215 Y155.065 F9000
G1 F3000
G1 X186.787 Y152.637 E.10556
G1 X186.787 Y153.171 F9000
G1 F3000
G1 X189.215 Y155.598 E.10556
G1 X189.215 Y156.132 F9000
G1 F3000
G1 X186.787 Y153.704 E.10556
G1 X186.787 Y154.238 F9000
G1 F3000
G1 X189.215 Y156.666 E.10556
G1 X189.215 Y157.199 F9000
G1 F3000
G1 X186.787 Y154.772 E.10556
G1 X186.787 Y155.305 F9000
G1 F3000
G1 X189.215 Y157.733 E.10556
G1 X189.215 Y158.266 F9000
G1 F3000
G1 X186.787 Y155.839 E.10556
G1 X186.787 Y156.372 F9000
G1 F3000
G1 X189.215 Y158.8 E.10556
G1 X189.215 Y159.334 F9000
G1 F3000
G1 X186.787 Y156.906 E.10556
G1 X186.787 Y157.44 F9000
G1 F3000
G1 X189.215 Y159.867 E.10556
G1 X189.215 Y160.401 F9000
G1 F3000
G1 X186.787 Y157.973 E.10556
G1 X186.787 Y158.507 F9000
G1 F3000
G1 X189.215 Y160.934 E.10556
G1 X189.215 Y161.468 F9000
G1 F3000
G1 X186.787 Y159.04 E.10556
G1 X186.787 Y159.574 F9000
G1 F3000
G1 X189.215 Y162.002 E.10556
G1 X189.215 Y162.535 F9000
G1 F3000
G1 X186.787 Y160.108 E.10556
G1 X186.787 Y160.641 F9000
G1 F3000
G1 X189.215 Y163.069 E.10556
G1 X189.215 Y163.602 F9000
G1 F3000
G1 X186.787 Y161.175 E.10556
G1 X186.787 Y161.708 F9000
G1 F3000
G1 X189.215 Y164.136 E.10556
G1 X189.215 Y164.67 F9000
G1 F3000
G1 X186.787 Y162.242 E.10556
G1 X186.787 Y162.776 F9000
G1 F3000
G1 X189.215 Y165.203 E.10556
G1 X189.215 Y165.737 F9000
G1 F3000
G1 X186.787 Y163.309 E.10556
G1 X186.787 Y163.843 F9000
G1 F3000
G1 X189.215 Y166.27 E.10556
G1 X189.215 Y166.804 F9000
G1 F3000
G1 X186.787 Y164.376 E.10556
G1 X186.787 Y164.91 F9000
G1 F3000
G1 X189.215 Y167.338 E.10556
G1 X189.215 Y167.871 F9000
G1 F3000
G1 X186.787 Y165.443 E.10556
G1 X186.787 Y165.977 F9000
G1 F3000
G1 X189.215 Y168.405 E.10556
G1 X189.215 Y168.938 F9000
G1 F3000
G1 X187.174 Y166.897 E.08877
G1 X186.917 Y167.174 F9000
G1 F3000
G1 X188.958 Y169.215 E.08877
G1 X188.425 Y169.215 F9000
G1 F3000
G1 X185.997 Y166.787 E.10556
G1 X185.464 Y166.787 F9000
G1 F3000
G1 X187.891 Y169.215 E.10556
G1 X187.358 Y169.215 F9000
G1 F3000
G1 X184.93 Y166.787 E.10556
G1 X184.396 Y166.787 F9000
G1 F3000
G1 X186.824 Y169.215 E.10556
G1 X186.29 Y169.215 F9000
G1 F3000
G1 X183.863 Y166.787 E.10556
G1 X183.329 Y166.787 F9000
G1 F3000
G1 X185.757 Y169.215 E.10556
G1 X185.223 Y169.215 F9000
G1 F3000
G1 X182.796 Y166.787 E.10556
G1 X182.262 Y166.787 F9000
G1 F3000
G1 X184.69 Y169.215 E.10556
G1 X184.156 Y169.215 F9000
G1 F3000
G1 X181.728 Y166.787 E.10556
G1 X181.195 Y166.787 F9000
G1 F3000
G1 X183.622 Y169.215 E.10556
G1 X183.089 Y169.215 F9000
G1 F3000
G1 X180.661 Y166.787 E.10556
G1 X180.128 Y166.787 F9000
G1 F3000
G1 X182.555 Y169.215 E.10556
G1 X182.022 Y169.215 F9000
G1 F3000
G1 X179.594 Y166.787 E.10556
G1 X179.06 Y166.787 F9000
G1 F3000
G1 X181.488 Y169.215 E.10556
G1 X180.954 Y169.215 F9000
G1 F3000
G1 X178.527 Y166.787 E.10556
G1 X177.993 Y166.787 F9000
G1 F3000
G1 X180.421 Y169.215 E.10556
G1 X179.887 Y169.215 F9000
G1 F3000
G1 X177.46 Y166.787 E.10556
G1 X176.926 Y166.787 F9000
G1 F3000
G1 X179.354 Y169.215 E.10556
G1 X178.82 Y169.215 F9000
G1 F3000
G1 X176.392 Y166.787 E.10556
G1 X175.859 Y166.787 F9000
G1 F3000
G1 X178.286 Y169.215 E.10556
G1 X177.753 Y169.215 F9000
G1 F3000
G1 X175.325 Y166.787 E.10556
G1 X174.792 Y166.787 F9000
G1 F3000
G1 X177.219 Y169.215 E.10556
G1 X176.686 Y169.215 F9000
G1 F3000
G1 X174.258 Y166.787 E.10556
G1 X173.724 Y166.787 F9000
G1 F3000
G1 X176.152 Y169.215 E.10556
G1 X175.619 Y169.215 F9000
G1 F3000
G1 X173.191 Y166.787 E.10556
G1 X172.657 Y166.787 F9000
G1 F3000
G1 X175.085 Y169.215 E.10556
G1 X174.551 Y169.215 F9000
G1 F3000
G1 X172.124 Y166.787 E.10556
G1 X171.59 Y166.787 F9000
G1 F3000
G1 X174.018 Y169.215 E.10556
G1 X173.484 Y169.215 F9000
G1 F3000
G1 X171.056 Y166.787 E.10556
G1 X170.523 Y166.787 F9000
G1 F3000
G1 X172.951 Y169.215 E.10556
G1 X172.417 Y169.215 F9000
G1 F3000
G1 X169.989 Y166.787 E.10556
G1 X169.456 Y166.787 F9000
G1 F3000
G1 X171.883 Y169.215 E.10556
G1 X171.35 Y169.215 F9000
G1 F3000
G1 X168.922 Y166.787 E.10556
G1 X168.389 Y166.787 F9000
G1 F3000
G1 X170.816 Y169.215 E.10556
G1 X170.283 Y169.215 F9000
G1 F3000
G1 X167.855 Y166.787 E.10556
G1 X167.321 Y166.787 F9000
G1 F3000
G1 X169.749 Y169.215 E.10556
G1 X169.215 Y169.215 F9000
G1 F3000
G1 X166.788 Y166.787 E.10556
G1 X166.254 Y166.787 F9000
G1 F3000
G1 X168.682 Y169.215 E.10556
G1 X168.148 Y169.215 F9000
G1 F3000
G1 X165.721 Y166.787 E.10556
G1 X165.187 Y166.787 F9000
G1 F3000
G1 X167.615 Y169.215 E.10556
G1 X167.081 Y169.215 F9000
G1 F3000
G1 X164.653 Y166.787 E.10556
G1 X164.12 Y166.787 F9000
G1 F3000
G1 X166.547 Y169.215 E.10556
G1 X166.014 Y169.215 F9000
G1 F3000
G1 X163.586 Y166.787 E.10556
G1 X163.053 Y166.787 F9000
G1 F3000
G1 X165.48 Y169.215 E.10556
G1 X164.947 Y169.215 F9000
G1 F3000
G1 X162.519 Y166.787 E.10556
G1 X161.985 Y166.787 F9000
G1 F3000
G1 X164.413 Y169.215 E.10556
G1 X163.879 Y169.215 F9000
G1 F3000
G1 X161.452 Y166.787 E.10556
G1 X160.918 Y166.787 F9000
G1 F3000
G1 X163.346 Y169.215 E.10556
G1 X162.812 Y169.215 F9000
G1 F3000
G1 X160.385 Y166.787 E.10556
G1 X159.851 Y166.787 F9000
G1 F3000
G1 X162.279 Y169.215 E.10556
G1 X161.745 Y169.215 F9000
G1 F3000
G1 X159.317 Y166.787 E.10556
G1 X158.784 Y166.787 F9000
G1 F3000
G1 X161.211 Y169.215 E.10556
G1 X160.678 Y169.215 F9000
G1 F3000
G1 X158.25 Y166.787 E.10556
G1 X157.717 Y166.787 F9000
G1 F3000
G1 X160.144 Y169.215 E.10556
G1 X159.611 Y169.215 F9000
G1 F3000
G1 X157.183 Y166.787 E.10556
G1 X156.649 Y166.787 F9000
G1 F3000
G1 X159.077 Y169.215 E.10556
G1 X158.544 Y169.215 F9000
G1 F3000
G1 X156.116 Y166.787 E.10556
G1 X155.582 Y166.787 F9000
G1 F3000
G1 X158.01 Y169.215 E.10556
G1 X157.476 Y169.215 F9000
G1 F3000
G1 X155.049 Y166.787 E.10556
G1 X154.515 Y166.787 F9000
G1 F3000
G1 X156.943 Y169.215 E.10556
G1 X156.409 Y169.215 F9000
G1 F3000
G1 X153.981 Y166.787 E.10556
G1 X153.448 Y166.787 F9000
G1 F3000
G1 X155.876 Y169.215 E.10556
G1 X155.342 Y169.215 F9000
G1 F3000
G1 X152.914 Y166.787 E.10556
G1 X152.381 Y166.787 F9000
G1 F3000
G1 X154.808 Y169.215 E.10556
G1 X154.275 Y169.215 F9000
G1 F3000
G1 X151.847 Y166.787 E.10556
G1 X151.314 Y166.787 F9000
G1 F3000
G1 X153.741 Y169.215 E.10556
G1 X153.208 Y169.215 F9000
G1 F3000
G1 X150.78 Y166.787 E.10556
G1 X150.246 Y166.787 F9000
G1 F3000
G1 X152.674 Y169.215 E.10556
G1 X152.14 Y169.215 F9000
G1 F3000
G1 X149.713 Y166.787 E.10556
G1 X149.179 Y166.787 F9000
G1 F3000
G1 X151.607 Y169.215 E.10556
G1 X151.073 Y169.215 F9000
G1 F3000
G1 X148.646 Y166.787 E.10556
G1 X148.112 Y166.787 F9000
G1 F3000
G1 X150.54 Y169.215 E.10556
G1 X150.006 Y169.215 F9000
G1 F3000
G1 X147.578 Y166.787 E.10556
G1 X147.045 Y166.787 F9000
G1 F3000
G1 X149.472 Y169.215 E.10556
G1 X148.939 Y169.215 F9000
G1 F3000
G1 X146.511 Y166.787 E.10556
G1 X145.978 Y166.787 F9000
G1 F3000
G1 X148.405 Y169.215 E.10556
G1 X147.872 Y169.215 F9000
G1 F3000
G1 X145.444 Y166.787 E.10556
G1 X144.91 Y166.787 F9000
G1 F3000
G1 X147.338 Y169.215 E.10556
G1 X146.804 Y169.215 F9000
G1 F3000
G1 X144.377 Y166.787 E.10556
G1 X143.843 Y166.787 F9000
G1 F3000
G1 X146.271 Y169.215 E.10556
G1 X145.737 Y169.215 F9000
G1 F3000
G1 X143.31 Y166.787 E.10556
G1 X142.776 Y166.787 F9000
G1 F3000
G1 X145.204 Y169.215 E.10556
G1 X144.67 Y169.215 F9000
G1 F3000
G1 X142.242 Y166.787 E.10556
G1 X141.709 Y166.787 F9000
G1 F3000
G1 X144.136 Y169.215 E.10556
G1 X143.603 Y169.215 F9000
G1 F3000
G1 X141.175 Y166.787 E.10556
G1 X140.642 Y166.787 F9000
G1 F3000
G1 X143.069 Y169.215 E.10556
G1 X142.536 Y169.215 F9000
G1 F3000
G1 X140.108 Y166.787 E.10556
G1 X139.574 Y166.787 F9000
G1 F3000
G1 X142.002 Y169.215 E.10556
G1 X141.469 Y169.215 F9000
G1 F3000
G1 X139.041 Y166.787 E.10556
G1 X138.507 Y166.787 F9000
G1 F3000
G1 X140.935 Y169.215 E.10556
G1 X140.401 Y169.215 F9000
G1 F3000
G1 X137.974 Y166.787 E.10556
G1 X137.44 Y166.787 F9000
G1 F3000
G1 X139.868 Y169.215 E.10556
G1 X139.334 Y169.215 F9000
G1 F3000
G1 X136.906 Y166.787 E.10556
G1 X136.373 Y166.787 F9000
G1 F3000
G1 X138.801 Y169.215 E.10556
G1 X138.267 Y169.215 F9000
G1 F3000
G1 X135.839 Y166.787 E.10556
G1 X135.306 Y166.787 F9000
G1 F3000
G1 X137.733 Y169.215 E.10556
G1 X137.2 Y169.215 F9000
G1 F3000
G1 X134.772 Y166.787 E.10556
G1 X134.239 Y166.787 F9000
G1 F3000
G1 X136.666 Y169.215 E.10556
G1 X136.133 Y169.215 F9000
G1 F3000
G1 X133.705 Y166.787 E.10556
G1 X133.171 Y166.787 F9000
G1 F3000
G1 X135.599 Y169.215 E.10556
G1 X135.065 Y169.215 F9000
G1 F3000
G1 X132.638 Y166.787 E.10556
G1 X132.104 Y166.787 F9000
G1 F3000
G1 X134.532 Y169.215 E.10556
G1 X133.998 Y169.215 F9000
G1 F3000
G1 X131.571 Y166.787 E.10556
G1 X131.037 Y166.787 F9000
G1 F3000
G1 X133.465 Y169.215 E.10556
G1 X132.931 Y169.215 F9000
G1 F3000
G1 X130.503 Y166.787 E.10556
G1 X129.97 Y166.787 F9000
G1 F3000
G1 X132.397 Y169.215 E.10556
G1 X131.864 Y169.215 F9000
G1 F3000
G1 X129.436 Y166.787 E.10556
G1 X128.903 Y166.787 F9000
G1 F3000
G1 X131.33 Y169.215 E.10556
G1 X130.797 Y169.215 F9000
G1 F3000
G1 X128.369 Y166.787 E.10556
G1 X127.835 Y166.787 F9000
G1 F3000
G1 X130.263 Y169.215 E.10556
G1 X129.729 Y169.215 F9000
G1 F3000
G1 X127.302 Y166.787 E.10556
G1 X126.768 Y166.787 F9000
G1 F3000
G1 X129.196 Y169.215 E.10556
G1 X128.662 Y169.215 F9000
G1 F3000
G1 X126.235 Y166.787 E.10556
G1 X125.701 Y166.787 F9000
G1 F3000
G1 X128.129 Y169.215 E.10556
G1 X127.595 Y169.215 F9000
G1 F3000
G1 X125.167 Y166.787 E.10556
G1 X124.634 Y166.787 F9000
G1 F3000
G1 X127.061 Y169.215 E.10556
G1 X126.528 Y169.215 F9000
G1 F3000
G1 X124.1 Y166.787 E.10556
G1 X123.567 Y166.787 F9000
G1 F3000
G1 X125.994 Y169.215 E.10556
G1 X125.461 Y169.215 F9000
G1 F3000
G1 X123.033 Y166.787 E.10556
G1 X122.499 Y166.787 F9000
G1 F3000
G1 X124.927 Y169.215 E.10556
G1 X124.393 Y169.215 F9000
G1 F3000
G1 X121.966 Y166.787 E.10556
G1 X121.432 Y166.787 F9000
G1 F3000
G1 X123.86 Y169.215 E.10556
G1 X123.326 Y169.215 F9000
G1 F3000
G1 X120.899 Y166.787 E.10556
G1 X120.365 Y166.787 F9000
G1 F3000
G1 X122.793 Y169.215 E.10556
G1 X122.259 Y169.215 F9000
G1 F3000
G1 X119.831 Y166.787 E.10556
G1 X119.298 Y166.787 F9000
G1 F3000
G1 X121.726 Y169.215 E.10556
G1 X121.192 Y169.215 F9000
G1 F3000
G1 X118.764 Y166.787 E.10556
G1 X118.231 Y166.787 F9000
G1 F3000
G1 X120.658 Y169.215 E.10556
G1 X120.125 Y169.215 F9000
G1 F3000
G1 X117.697 Y166.787 E.10556
G1 X117.163 Y166.787 F9000
G1 F3000
G1 X119.591 Y169.215 E.10556
G1 X119.058 Y169.215 F9000
G1 F3000
G1 X116.63 Y166.787 E.10556
G1 X116.096 Y166.787 F9000
G1 F3000
G1 X118.524 Y169.215 E.10556
G1 X117.99 Y169.215 F9000
G1 F3000
G1 X115.563 Y166.787 E.10556
G1 X115.029 Y166.787 F9000
G1 F3000
G1 X117.457 Y169.215 E.10556
G1 X116.923 Y169.215 F9000
G1 F3000
G1 X114.496 Y166.787 E.10556
G1 X113.962 Y166.787 F9000
G1 F3000
G1 X116.39 Y169.215 E.10556
G1 X115.856 Y169.215 F9000
G1 F3000
G1 X113.428 Y166.787 E.10556
G1 X112.895 Y166.787 F9000
G1 F3000
G1 X115.322 Y169.215 E.10556
G1 X114.789 Y169.215 F9000
G1 F3000
G1 X112.361 Y166.787 E.10556
G1 X111.828 Y166.787 F9000
G1 F3000
G1 X114.255 Y169.215 E.10556
G1 X113.722 Y169.215 F9000
G1 F3000
G1 X111.294 Y166.787 E.10556
G1 X110.76 Y166.787 F9000
G1 F3000
G1 X113.188 Y169.215 E.10556
G1 X112.654 Y169.215 F9000
G1 F3000
G1 X110.227 Y166.787 E.10556
G1 X109.693 Y166.787 F9000
G1 F3000
G1 X112.121 Y169.215 E.10556
G1 X111.587 Y169.215 F9000
G1 F3000
G1 X109.16 Y166.787 E.10556
G1 X108.626 Y166.787 F9000
G1 F3000
G1 X111.054 Y169.215 E.10556
G1 X110.52 Y169.215 F9000
G1 F3000
G1 X108.092 Y166.787 E.10556
G1 X107.559 Y166.787 F9000
G1 F3000
G1 X109.986 Y169.215 E.10556
G1 X109.453 Y169.215 F9000
G1 F3000
G1 X107.025 Y166.787 E.10556
G1 X106.492 Y166.787 F9000
G1 F3000
G1 X108.919 Y169.215 E.10556
G1 X108.386 Y169.215 F9000
G1 F3000
G1 X105.958 Y166.787 E.10556
G1 X105.424 Y166.787 F9000
G1 F3000
G1 X107.852 Y169.215 E.10556
G1 X107.318 Y169.215 F9000
G1 F3000
G1 X104.891 Y166.787 E.10556
G1 X104.357 Y166.787 F9000
G1 F3000
G1 X106.785 Y169.215 E.10556
G1 X106.251 Y169.215 F9000
G1 F3000
G1 X103.824 Y166.787 E.10556
G1 X103.29 Y166.787 F9000
G1 F3000
G1 X105.718 Y169.215 E.10556
G1 X105.184 Y169.215 F9000
G1 F3000
G1 X102.756 Y166.787 E.10556
G1 X102.223 Y166.787 F9000
G1 F3000
G1 X104.651 Y169.215 E.10556
G1 X104.117 Y169.215 F9000
G1 F3000
G1 X101.689 Y166.787 E.10556
G1 X101.156 Y166.787 F9000
G1 F3000
G1 X103.583 Y169.215 E.10556
G1 X103.05 Y169.215 F9000
G1 F3000
G1 X100.622 Y166.787 E.10556
G1 X100.088 Y166.787 F9000
G1 F3000
G1 X102.516 Y169.215 E.10556
G1 X101.983 Y169.215 F9000
G1 F3000
G1 X99.555 Y166.787 E.10556
G1 X99.021 Y166.787 F9000
G1 F3000
G1 X101.449 Y169.215 E.10556
G1 X100.915 Y169.215 F9000
G1 F3000
G1 X98.488 Y166.787 E.10556
G1 X97.954 Y166.787 F9000
G1 F3000
G1 X100.382 Y169.215 E.10556
G1 X99.848 Y169.215 F9000
G1 F3000
G1 X97.421 Y166.787 E.10556
G1 X96.887 Y166.787 F9000
G1 F3000
G1 X99.315 Y169.215 E.10556
G1 X98.781 Y169.215 F9000
G1 F3000
G1 X96.353 Y166.787 E.10556
G1 X95.82 Y166.787 F9000
G1 F3000
G1 X98.247 Y169.215 E.10556
G1 X97.714 Y169.215 F9000
G1 F3000
G1 X95.286 Y166.787 E.10556
G1 X94.753 Y166.787 F9000
G1 F3000
G1 X97.18 Y169.215 E.10556
G1 X96.647 Y169.215 F9000
G1 F3000
G1 X94.219 Y166.787 E.10556
G1 X93.685 Y166.787 F9000
G1 F3000
G1 X96.113 Y169.215 E.10556
G1 X95.579 Y169.215 F9000
G1 F3000
G1 X93.152 Y166.787 E.10556
G1 X92.618 Y166.787 F9000
G1 F3000
G1 X95.046 Y169.215 E.10556
G1 X94.512 Y169.215 F9000
G1 F3000
G1 X92.085 Y166.787 E.10556
G1 X91.551 Y166.787 F9000
G1 F3000
G1 X93.979 Y169.215 E.10556
G1 X93.445 Y169.215 F9000
G1 F3000
G1 X91.017 Y166.787 E.10556
G1 X90.484 Y166.787 F9000
G1 F3000
G1 X92.911 Y169.215 E.10556
G1 X92.378 Y169.215 F9000
G1 F3000
G1 X89.95 Y166.787 E.10556
G1 X89.417 Y166.787 F9000
G1 F3000
G1 X91.844 Y169.215 E.10556
G1 X91.311 Y169.215 F9000
G1 F3000
G1 X88.883 Y166.787 E.10556
G1 X88.349 Y166.787 F9000
G1 F3000
G1 X90.777 Y169.215 E.10556
G1 X90.243 Y169.215 F9000
G1 F3000
G1 X87.816 Y166.787 E.10556
G1 X87.282 Y166.787 F9000
G1 F3000
G1 X89.71 Y169.215 E.10556
G1 X89.176 Y169.215 F9000
G1 F3000
G1 X86.749 Y166.787 E.10556
G1 X86.215 Y166.787 F9000
G1 F3000
G1 X88.643 Y169.215 E.10556
G1 X88.109 Y169.215 F9000
G1 F3000
G1 X85.681 Y166.787 E.10556
G1 X85.148 Y166.787 F9000
G1 F3000
G1 X87.576 Y169.215 E.10556
G1 X87.042 Y169.215 F9000
G1 F3000
G1 X84.614 Y166.787 E.10556
G1 X84.081 Y166.787 F9000
G1 F3000
G1 X86.508 Y169.215 E.10556
G1 X85.975 Y169.215 F9000
G1 F3000
G1 X83.547 Y166.787 E.10556
G1 X83.013 Y166.787 F9000
G1 F3000
G1 X85.441 Y169.215 E.10556
G1 X84.908 Y169.215 F9000
G1 F3000
G1 X82.48 Y166.787 E.10556
G1 X81.946 Y166.787 F9000
G1 F3000
G1 X84.374 Y169.215 E.10556
G1 X83.84 Y169.215 F9000
G1 F3000
G1 X81.413 Y166.787 E.10556
G1 X80.879 Y166.787 F9000
G1 F3000
G1 X83.307 Y169.215 E.10556
G1 X82.773 Y169.215 F9000
G1 F3000
G1 X80.346 Y166.787 E.10556
G1 X79.812 Y166.787 F9000
G1 F3000
G1 X82.24 Y169.215 E.10556
G1 X81.706 Y169.215 F9000
G1 F3000
G1 X79.278 Y166.787 E.10556
G1 X78.745 Y166.787 F9000
G1 F3000
G1 X81.172 Y169.215 E.10556
G1 X80.639 Y169.215 F9000
G1 F3000
G1 X78.211 Y166.787 E.10556
G1 X77.678 Y166.787 F9000
G1 F3000
G1 X80.105 Y169.215 E.10556
G1 X79.572 Y169.215 F9000
G1 F3000
G1 X77.144 Y166.787 E.10556
G1 X76.61 Y166.787 F9000
G1 F3000
G1 X79.038 Y169.215 E.10556
G1 X78.504 Y169.215 F9000
G1 F3000
G1 X76.077 Y166.787 E.10556
G1 X75.543 Y166.787 F9000
G1 F3000
G1 X77.971 Y169.215 E.10556
G1 X77.437 Y169.215 F9000
G1 F3000
G1 X75.01 Y166.787 E.10556
G1 X74.476 Y166.787 F9000
G1 F3000
G1 X76.904 Y169.215 E.10556
G1 X76.37 Y169.215 F9000
G1 F3000
G1 X73.942 Y166.787 E.10556
G1 X73.409 Y166.787 F9000
G1 F3000
G1 X75.836 Y169.215 E.10556
G1 X75.303 Y169.215 F9000
G1 F3000
G1 X72.875 Y166.787 E.10556
G1 X72.342 Y166.787 F9000
G1 F3000
G1 X74.769 Y169.215 E.10556
G1 X74.236 Y169.215 F9000
G1 F3000
G1 X71.808 Y166.787 E.10556
G1 X71.274 Y166.787 F9000
G1 F3000
G1 X73.702 Y169.215 E.10556
G1 X73.168 Y169.215 F9000
G1 F3000
G1 X70.741 Y166.787 E.10556
G1 X70.207 Y166.787 F9000
G1 F3000
G1 X72.635 Y169.215 E.10556
G1 X72.101 Y169.215 F9000
G1 F3000
G1 X69.674 Y166.787 E.10556
G1 X69.14 Y166.787 F9000
G1 F3000
G1 X71.568 Y169.215 E.10556
G1 X71.034 Y169.215 F9000
G1 F3000
G1 X68.606 Y166.787 E.10556
G1 X68.073 Y166.787 F9000
G1 F3000
G1 X70.5 Y169.215 E.10556
G1 X69.967 Y169.215 F9000
G1 F3000
G1 X67.539 Y166.787 E.10556
G1 X67.006 Y166.787 F9000
G1 F3000
G1 X69.433 Y169.215 E.10556
G1 X68.9 Y169.215 F9000
G1 F3000
G1 X66.472 Y166.787 E.10556
G1 X65.938 Y166.787 F9000
G1 F3000
G1 X68.366 Y169.215 E.10556
G1 X67.833 Y169.215 F9000
G1 F3000
G1 X65.405 Y166.787 E.10556
G1 X64.871 Y166.787 F9000
G1 F3000
G1 X67.299 Y169.215 E.10556
G1 X66.765 Y169.215 F9000
G1 F3000
G1 X64.338 Y166.787 E.10556
G1 X63.804 Y166.787 F9000
G1 F3000
G1 X66.232 Y169.215 E.10556
G1 X65.698 Y169.215 F9000
G1 F3000
G1 X63.27 Y166.787 E.10556
G1 X62.737 Y166.787 F9000
G1 F3000
G1 X65.165 Y169.215 E.10556
G1 X64.631 Y169.215 F9000
G1 F3000
G1 X62.203 Y166.787 E.10556
G1 X61.67 Y166.787 F9000
G1 F3000
G1 X64.097 Y169.215 E.10556
G1 X63.564 Y169.215 F9000
G1 F3000
G1 X61.136 Y166.787 E.10556
G1 X60.603 Y166.787 F9000
G1 F3000
G1 X63.03 Y169.215 E.10556
G1 X62.497 Y169.215 F9000
G1 F3000
G1 X60.069 Y166.787 E.10556
G1 X59.535 Y166.787 F9000
G1 F3000
G1 X61.963 Y169.215 E.10556
G1 X61.429 Y169.215 F9000
G1 F3000
G1 X59.002 Y166.787 E.10556
G1 X58.468 Y166.787 F9000
G1 F3000
G1 X60.896 Y169.215 E.10556
G1 X60.362 Y169.215 F9000
G1 F3000
G1 X57.935 Y166.787 E.10556
G1 X57.401 Y166.787 F9000
G1 F3000
G1 X59.829 Y169.215 E.10556
G1 X59.295 Y169.215 F9000
G1 F3000
G1 X56.867 Y166.787 E.10556
G1 X56.334 Y166.787 F9000
G1 F3000
G1 X58.761 Y169.215 E.10556
G1 X58.228 Y169.215 F9000
G1 F3000
G1 X55.8 Y166.787 E.10556
G1 X55.267 Y166.787 F9000
G1 F3000
G1 X57.694 Y169.215 E.10556
G1 X57.161 Y169.215 F9000
G1 F3000
G1 X54.733 Y166.787 E.10556
G1 X54.199 Y166.787 F9000
G1 F3000
G1 X56.627 Y169.215 E.10556
G1 X56.093 Y169.215 F9000
G1 F3000
G1 X53.666 Y166.787 E.10556
G1 X53.132 Y166.787 F9000
G1 F3000
G1 X55.56 Y169.215 E.10556
G1 X55.026 Y169.215 F9000
G1 F3000
G1 X52.599 Y166.787 E.10556
G1 X52.065 Y166.787 F9000
G1 F3000
G1 X54.493 Y169.215 E.10556
G1 X53.959 Y169.215 F9000
G1 F3000
G1 X51.531 Y166.787 E.10556
G1 X50.998 Y166.787 F9000
G1 F3000
G1 X53.425 Y169.215 E.10556
G1 X52.892 Y169.215 F9000
G1 F3000
G1 X50.464 Y166.787 E.10556
G1 X49.931 Y166.787 F9000
G1 F3000
G1 X52.358 Y169.215 E.10556
G1 X51.825 Y169.215 F9000
G1 F3000
G1 X49.397 Y166.787 E.10556
G1 X48.863 Y166.787 F9000
G1 F3000
G1 X51.291 Y169.215 E.10556
G1 X50.758 Y169.215 F9000
G1 F3000
G1 X48.33 Y166.787 E.10556
G1 X47.796 Y166.787 F9000
G1 F3000
G1 X50.224 Y169.215 E.10556
G1 X49.69 Y169.215 F9000
G1 F3000
G1 X47.263 Y166.787 E.10556
G1 X46.729 Y166.787 F9000
G1 F3000
G1 X49.157 Y169.215 E.10556
G1 X48.623 Y169.215 F9000
G1 F3000
G1 X46.195 Y166.787 E.10556
G1 X45.662 Y166.787 F9000
G1 F3000
G1 X48.09 Y169.215 E.10556
G1 X47.556 Y169.215 F9000
G1 F3000
G1 X45.128 Y166.787 E.10556
G1 X44.595 Y166.787 F9000
G1 F3000
G1 X47.022 Y169.215 E.10556
G1 X46.489 Y169.215 F9000
G1 F3000
G1 X44.061 Y166.787 E.10556
G1 X43.528 Y166.787 F9000
G1 F3000
G1 X45.955 Y169.215 E.10556
G1 X45.422 Y169.215 F9000
G1 F3000
G1 X42.994 Y166.787 E.10556
G1 X42.46 Y166.787 F9000
G1 F3000
G1 X44.888 Y169.215 E.10556
G1 X44.354 Y169.215 F9000
G1 F3000
G1 X41.927 Y166.787 E.10556
G1 X41.393 Y166.787 F9000
G1 F3000
G1 X43.821 Y169.215 E.10556
G1 X43.287 Y169.215 F9000
G1 F3000
G1 X40.86 Y166.787 E.10556
G1 X40.326 Y166.787 F9000
G1 F3000
G1 X42.754 Y169.215 E.10556
G1 X42.22 Y169.215 F9000
G1 F3000
G1 X39.792 Y166.787 E.10556
G1 X39.259 Y166.787 F9000
G1 F3000
G1 X41.686 Y169.215 E.10556
G1 X41.153 Y169.215 F9000
G1 F3000
G1 X38.725 Y166.787 E.10556
G1 X38.192 Y166.787 F9000
G1 F3000
G1 X40.619 Y169.215 E.10556
G1 X40.086 Y169.215 F9000
G1 F3000
G1 X37.658 Y166.787 E.10556
G1 X37.124 Y166.787 F9000
G1 F3000
G1 X39.552 Y169.215 E.10556
G1 X39.018 Y169.215 F9000
G1 F3000
G1 X36.591 Y166.787 E.10556
G1 X36.057 Y166.787 F9000
G1 F3000
G1 X38.485 Y169.215 E.10556
G1 X37.951 Y169.215 F9000
G1 F3000
G1 X35.524 Y166.787 E.10556
G1 X34.99 Y166.787 F9000
G1 F3000
G1 X37.418 Y169.215 E.10556
G1 X36.884 Y169.215 F9000
G1 F3000
G1 X34.456 Y166.787 E.10556
G1 X33.963 Y166.827 F9000
G1 F3000
G1 X36.35 Y169.215 E.10383
G1 X35.817 Y169.215 F9000
G1 F3000
G1 X33.666 Y167.064 E.09352
G1 X33.228 Y167.16 F9000
G1 F3000
G1 X35.283 Y169.215 E.08937
G1 X34.75 Y169.215 F9000
G1 F3000
G1 X30.785 Y165.25 E.1724
G1 X30.785 Y165.784 F9000
G1 F3000
G1 X34.216 Y169.215 E.14919
G1 X33.682 Y169.215 F9000
G1 F3000
G1 X30.785 Y166.318 E.12599
G1 X30.785 Y166.851 F9000
G1 F3000
G1 X33.149 Y169.215 E.10279
G1 X32.615 Y169.215 F9000
G1 F3000
G1 X30.785 Y167.385 E.07959
G1 X30.785 Y167.918 F9000
G1 F3000
G1 X32.082 Y169.215 E.05639
G1 X31.548 Y169.215 F9000
G1 F3000
G1 X30.785 Y168.452 E.03319
G1 E-.84 F2400
;WIPE_START
G1 F3000
G1 X31.492 Y169.159 E-.36
;WIPE_END
G1 F9000
G1 X32.4723 Y168.766 Z3.05714
G1 X33.3905 Y169.288 Z3.11429
G1 X33.5553 Y170.331 Z3.17143
G1 X32.8425 Y171.11 Z3.22857
G1 X31.7889 Y171.039 Z3.28571
G1 X31.1878 Y170.17 Z3.34286
G1 X31.492 Y169.159 Z3.4
G1 X33.552 Y166.907 Z3.4
G1 Z3
G1 E1.2 F1800
;TYPE:Internal solid infill
;WIDTH:0.359423
G1 F10800
G1 X33.269 Y166.689 E.00921
G1 X33.117 Y166.465 E.00697
G1 X33.006 Y166.877 E.01099
G1 X33.004 Y166.997 E.00309
G1 X33.512 Y166.914 E.01328
G1 X33.535 Y53.117 F9000
;WIDTH:0.358643
G1 F10800
G1 X33.113 Y53.003 E.01124
G1 X33.004 Y53.004 E.00283
G1 X33.092 Y53.552 E.01429
G1 X33.311 Y53.269 E.00919
G1 X33.502 Y53.14 E.00593
; stop printing object Object_1 id:94613208297312 copy 0
;LAYER_CHANGE
;Z:3.2
;HEIGHT:0.2
;BEFORE_LAYER_CHANGE
;3.2
G92 E0

G1 E-.97778 F2400
;WIPE_START
G1 F10800
G1 X33.311 Y53.269 E-.05123
G1 X33.092 Y53.552 E-.07941
G1 X33.027 Y53.145 E-.09158
;WIPE_END
;_SET_FAN_SPEED_CHANGING_LAYER
; printing object Object_1 id:94613208297312 copy 0
G1 F9000
G1 X33.5187 Y54.0795 Z3.25714
G1 X33.0952 Y55.0468 Z3.31429
G1 X32.0747 Y55.3188 Z3.37143
G1 X31.2259 Y54.6906 Z3.42857
G1 X31.1878 Y53.6352 Z3.48571
G1 X31.9891 Y52.9475 Z3.54286
G1 X33.0265 Y53.1452 Z3.6
G1 X187.376 Y167.376 Z3.6
G1 Z3.2
G1 E1.2 F1800
M204 P2000
;TYPE:Inner wall
;WIDTH:0.449999
G1 F5400
G1 X186.836 Y167.376 E.01794
;WIDTH:0.49323
G1 X186.638 Y167.355 E.00732
;WIDTH:0.53646
G1 X186.439 Y167.333 E.00802
;WIDTH:0.579691
G1 X186.241 Y167.312 E.00872
;WIDTH:0.622921
G1 X186.043 Y167.29 E.00942
G1 X33.957 Y167.29 E7.18799
G1 X33.759 Y167.312 E.00942
;WIDTH:0.579691
G1 X33.561 Y167.333 E.00872
;WIDTH:0.53646
G1 X33.362 Y167.355 E.00802
;WIDTH:0.49323
G1 X33.164 Y167.376 E.00732
;WIDTH:0.449999
G1 X32.624 Y167.376 E.01793
G1 X32.624 Y166.836 E.01793
;WIDTH:0.49323
G1 X32.645 Y166.638 E.00732
;WIDTH:0.53646
G1 X32.667 Y166.439 E.00802
;WIDTH:0.579691
G1 X32.688 Y166.241 E.00872
;WIDTH:0.622921
G1 X32.71 Y166.043 E.00942
G1 X32.71 Y53.957 E5.29748
G1 X32.688 Y53.759 E.00942
;WIDTH:0.579691
G1 X32.667 Y53.561 E.00872
;WIDTH:0.53646
G1 X32.645 Y53.362 E.00802
;WIDTH:0.49323
G1 X32.624 Y53.164 E.00732
;WIDTH:0.449999
G1 X32.624 Y52.624 E.01793
G1 X33.164 Y52.624 E.01793
;WIDTH:0.49323
G1 X33.362 Y52.645 E.00732
;WIDTH:0.53646
G1 X33.561 Y52.667 E.00802
;WIDTH:0.579691
G1 X33.759 Y52.688 E.00872
;WIDTH:0.622921
G1 X33.957 Y52.71 E.00942
G1 X186.043 Y52.71 E7.18799
G1 X186.241 Y52.688 E.00942
;WIDTH:0.579691
G1 X186.439 Y52.667 E.00872
;WIDTH:0.53646
G1 X186.638 Y52.645 E.00802
;WIDTH:0.49323
G1 X186.836 Y52.624 E.00732
;WIDTH:0.449999
G1 X187.376 Y52.624 E.01794
G1 X187.376 Y53.164 E.01794
;WIDTH:0.49323
G1 X187.355 Y53.362 E.00732
;WIDTH:0.53646
G1 X187.333 Y53.561 E.00802
;WIDTH:0.579691
G1 X187.312 Y53.759 E.00872
;WIDTH:0.622921
G1 X187.29 Y53.957 E.00942
G1 X187.29 Y166.235 E5.30655
G1 X187.312 Y166.385 E.00717
;WIDTH:0.579691
G1 X187.333 Y166.535 E.00664
;WIDTH:0.53646
G1 X187.355 Y166.686 E.00611
;WIDTH:0.49323
G1 X187.376 Y166.836 E.00557
;WIDTH:0.449999
G1 X187.376 Y167.336 E.01661
M204 T1000
G1 X187.79 Y167.79 F9000
M204 P1000
;TYPE:Outer wall
;WIDTH:0.419999
G1 F3600
G1 X32.21 Y167.79 E4.78053
G1 X32.21 Y52.21 E3.55145
G1 X187.79 Y52.21 E4.78053
G1 X187.79 Y167.75 E3.55022
M204 T2500
G1 X186.27 Y166.609 F9000
M204 P2000
;TYPE:Inner wall
;WIDTH:0.579691
G1 F5400
G1 X186.302 Y166.582 E.00187
;WIDTH:0.53646
G1 X186.378 Y166.518 E.00399
;WIDTH:0.49323
G1 X186.453 Y166.453 E.00364
;WIDTH:0.495043
G1 X186.516 Y166.38 E.00356
;WIDTH:0.540086
G1 X186.579 Y166.306 E.00391
;WIDTH:0.585129
G1 X186.641 Y166.232 E.00427
;WIDTH:0.630172
G1 X186.704 Y166.159 E.00462
G1 X186.71 Y166.043 E.00555
;WIDTH:0.622921
G1 X186.71 Y53.957 E5.29748
G1 X186.646 Y53.854 E.00572
;WIDTH:0.579691
G1 X186.582 Y53.752 E.00529
;WIDTH:0.53646
G1 X186.518 Y53.649 E.00487
;WIDTH:0.49323
G1 X186.453 Y53.547 E.00444
G1 X186.351 Y53.482 E.00444
;WIDTH:0.53646
G1 X186.248 Y53.418 E.00487
;WIDTH:0.579691
G1 X186.146 Y53.354 E.00529
;WIDTH:0.622921
G1 X186.043 Y53.29 E.00572
G1 X33.849 Y53.29 E7.19311
G1 X33.773 Y53.354 E.00468
;WIDTH:0.579691
G1 X33.698 Y53.418 E.00434
;WIDTH:0.53646
G1 X33.622 Y53.482 E.00399
;WIDTH:0.49323
G1 X33.547 Y53.547 E.00364
G1 X33.482 Y53.649 E.00444
;WIDTH:0.53646
G1 X33.418 Y53.752 E.00487
;WIDTH:0.579691
G1 X33.354 Y53.854 E.00529
;WIDTH:0.622921
G1 X33.29 Y53.957 E.00572
G1 X33.29 Y166.151 E5.3026
G1 X33.354 Y166.227 E.00468
;WIDTH:0.579691
G1 X33.418 Y166.302 E.00434
;WIDTH:0.53646
G1 X33.482 Y166.378 E.00399
;WIDTH:0.49323
G1 X33.547 Y166.453 E.00364
G1 X33.649 Y166.518 E.00444
;WIDTH:0.53646
G1 X33.752 Y166.582 E.00487
;WIDTH:0.579691
G1 X33.854 Y166.646 E.00529
;WIDTH:0.622921
G1 X33.957 Y166.71 E.00572
G1 X186.151 Y166.71 E7.19311
G1 X186.227 Y166.646 E.00468
;WIDTH:0.579691
G1 X186.239 Y166.635 E.00072
M204 T1000
G1 X186.043 Y166.21 F9000
M204 P1000
;TYPE:Outer wall
;WIDTH:0.419999
G1 F3600
G1 X186.161 Y166.161 E.00393
G1 X186.207 Y166.072 E.00309
G1 X186.21 Y53.957 E3.44497
G1 X186.161 Y53.839 E.00393
G1 X186.043 Y53.79 E.00393
G1 X33.957 Y53.79 E4.67317
G1 X33.839 Y53.839 E.00393
G1 X33.79 Y53.957 E.00393
G1 X33.79 Y166.043 E3.44408
G1 X33.839 Y166.161 E.00393
G1 X33.957 Y166.21 E.00393
G1 X186.003 Y166.21 E4.67194
M204 T2500
G1 X186.521 Y166.912 F9000
M204 P2500
;TYPE:Internal solid infill
;WIDTH:0.36947
G1 F10800
G1 X186.877 Y167.01 E.00984
G1 X187.01 Y167.01 E.00352
G1 X187.01 Y166.877 E.00352
G1 X186.912 Y166.521 E.00984
G1 X186.549 Y166.884 E.01367
G1 X186.44 Y53.083 F9000
;WIDTH:0.375024
G1 F10800
G1 X186.732 Y53.305 E.00991
G1 X186.917 Y53.56 E.00852
G1 X187.007 Y52.993 E.01553
G1 X186.48 Y53.077 E.01444
G1 X33.479 Y53.089 F9000
;WIDTH:0.373187
G1 F10800
G1 X33.123 Y52.992 E.00993
G1 X32.992 Y52.992 E.00351
G1 X33.083 Y53.562 E.01553
G1 X33.453 Y53.12 E.01551
G1 X33.562 Y166.917 F9000
G1 F10800
G1 X33.089 Y166.521 E.01659
G1 X32.992 Y166.877 E.00993
G1 X32.992 Y167.008 E.00351
G1 X33.522 Y166.923 E.01445
; stop printing object Object_1 id:94613208297312 copy 0
;LAYER_CHANGE
;Z:3.4
;HEIGHT:0.2
;BEFORE_LAYER_CHANGE
;3.4
G92 E0

G1 E-.97778 F2400
;WIPE_START
G1 F10800
G1 X32.992 Y167.008 E-.11931
G1 X32.992 Y166.877 E-.02896
G1 X33.08 Y166.556 E-.07395
;WIPE_END
;_SET_FAN_SPEED_CHANGING_LAYER
; printing object Object_1 id:94613208297312 copy 0
G1 F9000
G1 X34.0288 Y167.02 Z3.45714
G1 X34.2583 Y168.05 Z3.51429
G1 X33.5955 Y168.873 Z3.57143
G1 X32.5395 Y168.867 Z3.62857
G1 X31.8855 Y168.038 Z3.68571
G1 X32.1259 Y167.01 Z3.74286
G1 X33.0798 Y166.556 Z3.8
G1 X187.376 Y167.376 Z3.8
G1 Z3.4
G1 E1.2 F1800
M204 P2000
;TYPE:Inner wall
;WIDTH:0.449999
G1 F5400
G1 X186.836 Y167.376 E.01794
;WIDTH:0.49323
G1 X186.638 Y167.355 E.00732
;WIDTH:0.53646
G1 X186.439 Y167.333 E.00802
;WIDTH:0.579691
G1 X186.241 Y167.312 E.00872
;WIDTH:0.622921
G1 X186.043 Y167.29 E.00942
G1 X33.957 Y167.29 E7.18799
G1 X33.759 Y167.312 E.00942
;WIDTH:0.579691
G1 X33.561 Y167.333 E.00872
;WIDTH:0.53646
G1 X33.362 Y167.355 E.00802
;WIDTH:0.49323
G1 X33.164 Y167.376 E.00732
;WIDTH:0.449999
G1 X32.624 Y167.376 E.01793
G1 X32.624 Y166.836 E.01793
;WIDTH:0.49323
G1 X32.645 Y166.638 E.00732
;WIDTH:0.53646
G1 X32.667 Y166.439 E.00802
;WIDTH:0.579691
G1 X32.688 Y166.241 E.00872
;WIDTH:0.622921
G1 X32.71 Y166.043 E.00942
G1 X32.71 Y53.957 E5.29748
G1 X32.688 Y53.759 E.00942
;WIDTH:0.579691
G1 X32.667 Y53.561 E.00872
;WIDTH:0.53646
G1 X32.645 Y53.362 E.00802
;WIDTH:0.49323
G1 X32.624 Y53.164 E.00732
;WIDTH:0.449999
G1 X32.624 Y52.624 E.01793
G1 X33.164 Y52.624 E.01793
;WIDTH:0.49323
G1 X33.362 Y52.645 E.00732
;WIDTH:0.53646
G1 X33.561 Y52.667 E.00802
;WIDTH:0.579691
G1 X33.759 Y52.688 E.00872
;WIDTH:0.622921
G1 X33.957 Y52.71 E.00942
G1 X186.043 Y52.71 E7.18799
G1 X186.241 Y52.688 E.00942
;WIDTH:0.579691
G1 X186.439 Y52.667 E.00872
;WIDTH:0.53646
G1 X186.638 Y52.645 E.00802
;WIDTH:0.49323
G1 X186.836 Y52.624 E.00732
;WIDTH:0.449999
G1 X187.376 Y52.624 E.01794
G1 X187.376 Y53.164 E.01794
;WIDTH:0.49323
G1 X187.355 Y53.362 E.00732
;WIDTH:0.53646
G1 X187.333 Y53.561 E.00802
;WIDTH:0.579691
G1 X187.312 Y53.759 E.00872
;WIDTH:0.622921
G1 X187.29 Y53.957 E.00942
G1 X187.29 Y166.235 E5.30655
G1 X187.312 Y166.385 E.00717
;WIDTH:0.579691
G1 X187.333 Y166.535 E.00664
;WIDTH:0.53646
G1 X187.355 Y166.686 E.00611
;WIDTH:0.49323
G1 X187.376 Y166.836 E.00557
;WIDTH:0.449999
G1 X187.376 Y167.336 E.01661
M204 T1000
G1 X187.79 Y167.79 F9000
M204 P1000
;TYPE:Outer wall
;WIDTH:0.419999
G1 F3600
G1 X32.21 Y167.79 E4.78053
G1 X32.21 Y52.21 E3.55145
G1 X187.79 Y52.21 E4.78053
G1 X187.79 Y167.75 E3.55022
M204 T2500
G1 X186.27 Y166.609 F9000
M204 P2000
;TYPE:Inner wall
;WIDTH:0.579691
G1 F5400
G1 X186.302 Y166.582 E.00187
;WIDTH:0.53646
G1 X186.378 Y166.518 E.00399
;WIDTH:0.49323
G1 X186.453 Y166.453 E.00364
;WIDTH:0.495043
G1 X186.516 Y166.38 E.00356
;WIDTH:0.540086
G1 X186.579 Y166.306 E.00391
;WIDTH:0.585129
G1 X186.641 Y166.232 E.00427
;WIDTH:0.630172
G1 X186.704 Y166.159 E.00462
G1 X186.71 Y166.043 E.00555
;WIDTH:0.622921
G1 X186.71 Y53.957 E5.29748
G1 X186.646 Y53.854 E.00572
;WIDTH:0.579691
G1 X186.582 Y53.752 E.00529
;WIDTH:0.53646
G1 X186.518 Y53.649 E.00487
;WIDTH:0.49323
G1 X186.453 Y53.547 E.00444
G1 X186.351 Y53.482 E.00444
;WIDTH:0.53646
G1 X186.248 Y53.418 E.00487
;WIDTH:0.579691
G1 X186.146 Y53.354 E.00529
;WIDTH:0.622921
G1 X186.043 Y53.29 E.00572
G1 X33.849 Y53.29 E7.19311
G1 X33.773 Y53.354 E.00468
;WIDTH:0.579691
G1 X33.698 Y53.418 E.00434
;WIDTH:0.53646
G1 X33.622 Y53.482 E.00399
;WIDTH:0.49323
G1 X33.547 Y53.547 E.00364
G1 X33.482 Y53.649 E.00444
;WIDTH:0.53646
G1 X33.418 Y53.752 E.00487
;WIDTH:0.579691
G1 X33.354 Y53.854 E.00529
;WIDTH:0.622921
G1 X33.29 Y53.957 E.00572
G1 X33.29 Y166.151 E5.3026
G1 X33.354 Y166.227 E.00468
;WIDTH:0.579691
G1 X33.418 Y166.302 E.00434
;WIDTH:0.53646
G1 X33.482 Y166.378 E.00399
;WIDTH:0.49323
G1 X33.547 Y166.453 E.00364
G1 X33.649 Y166.518 E.00444
;WIDTH:0.53646
G1 X33.752 Y166.582 E.00487
;WIDTH:0.579691
G1 X33.854 Y166.646 E.00529
;WIDTH:0.622921
G1 X33.957 Y166.71 E.00572
G1 X186.151 Y166.71 E7.19311
G1 X186.227 Y166.646 E.00468
;WIDTH:0.579691
G1 X186.239 Y166.635 E.00072
M204 T1000
G1 X186.043 Y166.21 F9000
M204 P1000
;TYPE:Outer wall
;WIDTH:0.419999
G1 F3600
G1 X186.161 Y166.161 E.00393
G1 X186.207 Y166.072 E.00309
G1 X186.21 Y53.957 E3.44497
G1 X186.161 Y53.839 E.00393
G1 X186.043 Y53.79 E.00393
G1 X33.957 Y53.79 E4.67317
G1 X33.839 Y53.839 E.00393
G1 X33.79 Y53.957 E.00393
G1 X33.79 Y166.043 E3.44408
G1 X33.839 Y166.161 E.00393
G1 X33.957 Y166.21 E.00393
G1 X186.003 Y166.21 E4.67194
M204 T2500
G1 X186.521 Y166.912 F9000
M204 P2500
;TYPE:Internal solid infill
;WIDTH:0.36947
G1 F10800
G1 X186.877 Y167.01 E.00984
G1 X187.01 Y167.01 E.00352
G1 X187.01 Y166.877 E.00352
G1 X186.912 Y166.521 E.00984
G1 X186.549 Y166.884 E.01367
G1 X186.44 Y53.083 F9000
;WIDTH:0.375024
G1 F10800
G1 X186.732 Y53.305 E.00991
G1 X186.917 Y53.56 E.00852
G1 X187.007 Y52.993 E.01553
G1 X186.48 Y53.077 E.01444
G1 X33.479 Y53.089 F9000
;WIDTH:0.373187
G1 F10800
G1 X33.123 Y52.992 E.00993
G1 X32.992 Y52.992 E.00351
G1 X33.083 Y53.562 E.01553
G1 X33.453 Y53.12 E.01551
G1 X33.562 Y166.917 F9000
G1 F10800
G1 X33.089 Y166.521 E.01659
G1 X32.992 Y166.877 E.00993
G1 X32.992 Y167.008 E.00351
G1 X33.522 Y166.923 E.01445
; stop printing object Object_1 id:94613208297312 copy 0
;LAYER_CHANGE
;Z:3.6
;HEIGHT:0.2
;BEFORE_LAYER_CHANGE
;3.6
G92 E0

G1 E-.97778 F2400
;WIPE_START
G1 F10800
G1 X32.992 Y167.008 E-.11931
G1 X32.992 Y166.877 E-.02896
G1 X33.08 Y166.556 E-.07395
;WIPE_END
;_SET_FAN_SPEED_CHANGING_LAYER
; printing object Object_1 id:94613208297312 copy 0
G1 F9000
G1 X34.0288 Y167.02 Z3.65714
G1 X34.2583 Y168.05 Z3.71429
G1 X33.5955 Y168.873 Z3.77143
G1 X32.5395 Y168.867 Z3.82857
G1 X31.8855 Y168.038 Z3.88571
G1 X32.1259 Y167.01 Z3.94286
G1 X33.0798 Y166.556 Z4
G1 X187.376 Y167.376 Z4
G1 Z3.6
G1 E1.2 F1800
M204 P2000
;TYPE:Inner wall
;WIDTH:0.449999
G1 F5400
G1 X186.836 Y167.376 E.01794
;WIDTH:0.49323
G1 X186.638 Y167.355 E.00732
;WIDTH:0.53646
G1 X186.439 Y167.333 E.00802
;WIDTH:0.579691
G1 X186.241 Y167.312 E.00872
;WIDTH:0.622921
G1 X186.043 Y167.29 E.00942
G1 X33.957 Y167.29 E7.18799
G1 X33.759 Y167.312 E.00942
;WIDTH:0.579691
G1 X33.561 Y167.333 E.00872
;WIDTH:0.53646
G1 X33.362 Y167.355 E.00802
;WIDTH:0.49323
G1 X33.164 Y167.376 E.00732
;WIDTH:0.449999
G1 X32.624 Y167.376 E.01793
G1 X32.624 Y166.836 E.01793
;WIDTH:0.49323
G1 X32.645 Y166.638 E.00732
;WIDTH:0.53646
G1 X32.667 Y166.439 E.00802
;WIDTH:0.579691
G1 X32.688 Y166.241 E.00872
;WIDTH:0.622921
G1 X32.71 Y166.043 E.00942
G1 X32.71 Y53.957 E5.29748
G1 X32.688 Y53.759 E.00942
;WIDTH:0.579691
G1 X32.667 Y53.561 E.00872
;WIDTH:0.53646
G1 X32.645 Y53.362 E.00802
;WIDTH:0.49323
G1 X32.624 Y53.164 E.00732
;WIDTH:0.449999
G1 X32.624 Y52.624 E.01793
G1 X33.164 Y52.624 E.01793
;WIDTH:0.49323
G1 X33.362 Y52.645 E.00732
;WIDTH:0.53646
G1 X33.561 Y52.667 E.00802
;WIDTH:0.579691
G1 X33.759 Y52.688 E.00872
;WIDTH:0.622921
G1 X33.957 Y52.71 E.00942
G1 X186.043 Y52.71 E7.18799
G1 X186.241 Y52.688 E.00942
;WIDTH:0.579691
G1 X186.439 Y52.667 E.00872
;WIDTH:0.53646
G1 X186.638 Y52.645 E.00802
;WIDTH:0.49323
G1 X186.836 Y52.624 E.00732
;WIDTH:0.449999
G1 X187.376 Y52.624 E.01794
G1 X187.376 Y53.164 E.01794
;WIDTH:0.49323
G1 X187.355 Y53.362 E.00732
;WIDTH:0.53646
G1 X187.333 Y53.561 E.00802
;WIDTH:0.579691
G1 X187.312 Y53.759 E.00872
;WIDTH:0.622921
G1 X187.29 Y53.957 E.00942
G1 X187.29 Y166.235 E5.30655
G1 X187.312 Y166.385 E.00717
;WIDTH:0.579691
G1 X187.333 Y166.535 E.00664
;WIDTH:0.53646
G1 X187.355 Y166.686 E.00611
;WIDTH:0.49323
G1 X187.376 Y166.836 E.00557
;WIDTH:0.449999
G1 X187.376 Y167.336 E.01661
M204 T1000
G1 X187.79 Y167.79 F9000
M204 P1000
;TYPE:Outer wall
;WIDTH:0.419999
G1 F3600
G1 X32.21 Y167.79 E4.78053
G1 X32.21 Y52.21 E3.55145
G1 X187.79 Y52.21 E4.78053
G1 X187.79 Y167.75 E3.55022
M204 T2500
G1 X186.27 Y166.609 F9000
M204 P2000
;TYPE:Inner wall
;WIDTH:0.579691
G1 F5400
G1 X186.302 Y166.582 E.00187
;WIDTH:0.53646
G1 X186.378 Y166.518 E.00399
;WIDTH:0.49323
G1 X186.453 Y166.453 E.00364
;WIDTH:0.495043
G1 X186.516 Y166.38 E.00356
;WIDTH:0.540086
G1 X186.579 Y166.306 E.00391
;WIDTH:0.585129
G1 X186.641 Y166.232 E.00427
;WIDTH:0.630172
G1 X186.704 Y166.159 E.00462
G1 X186.71 Y166.043 E.00555
;WIDTH:0.622921
G1 X186.71 Y53.957 E5.29748
G1 X186.646 Y53.854 E.00572
;WIDTH:0.579691
G1 X186.582 Y53.752 E.00529
;WIDTH:0.53646
G1 X186.518 Y53.649 E.00487
;WIDTH:0.49323
G1 X186.453 Y53.547 E.00444
G1 X186.351 Y53.482 E.00444
;WIDTH:0.53646
G1 X186.248 Y53.418 E.00487
;WIDTH:0.579691
G1 X186.146 Y53.354 E.00529
;WIDTH:0.622921
G1 X186.043 Y53.29 E.00572
G1 X33.849 Y53.29 E7.19311
G1 X33.773 Y53.354 E.00468
;WIDTH:0.579691
G1 X33.698 Y53.418 E.00434
;WIDTH:0.53646
G1 X33.622 Y53.482 E.00399
;WIDTH:0.49323
G1 X33.547 Y53.547 E.00364
G1 X33.482 Y53.649 E.00444
;WIDTH:0.53646
G1 X33.418 Y53.752 E.00487
;WIDTH:0.579691
G1 X33.354 Y53.854 E.00529
;WIDTH:0.622921
G1 X33.29 Y53.957 E.00572
G1 X33.29 Y166.151 E5.3026
G1 X33.354 Y166.227 E.00468
;WIDTH:0.579691
G1 X33.418 Y166.302 E.00434
;WIDTH:0.53646
G1 X33.482 Y166.378 E.00399
;WIDTH:0.49323
G1 X33.547 Y166.453 E.00364
G1 X33.649 Y166.518 E.00444
;WIDTH:0.53646
G1 X33.752 Y166.582 E.00487
;WIDTH:0.579691
G1 X33.854 Y166.646 E.00529
;WIDTH:0.622921
G1 X33.957 Y166.71 E.00572
G1 X186.151 Y166.71 E7.19311
G1 X186.227 Y166.646 E.00468
;WIDTH:0.579691
G1 X186.239 Y166.635 E.00072
M204 T1000
G1 X186.043 Y166.21 F9000
M204 P1000
;TYPE:Outer wall
;WIDTH:0.419999
G1 F3600
G1 X186.161 Y166.161 E.00393
G1 X186.207 Y166.072 E.00309
G1 X186.21 Y53.957 E3.44497
G1 X186.161 Y53.839 E.00393
G1 X186.043 Y53.79 E.00393
G1 X33.957 Y53.79 E4.67317
G1 X33.839 Y53.839 E.00393
G1 X33.79 Y53.957 E.00393
G1 X33.79 Y166.043 E3.44408
G1 X33.839 Y166.161 E.00393
G1 X33.957 Y166.21 E.00393
G1 X186.003 Y166.21 E4.67194
M204 T2500
G1 X186.521 Y166.912 F9000
M204 P2500
;TYPE:Internal solid infill
;WIDTH:0.36947
G1 F10800
G1 X186.877 Y167.01 E.00984
G1 X187.01 Y167.01 E.00352
G1 X187.01 Y166.877 E.00352
G1 X186.912 Y166.521 E.00984
G1 X186.549 Y166.884 E.01367
G1 X186.44 Y53.083 F9000
;WIDTH:0.375024
G1 F10800
G1 X186.732 Y53.305 E.00991
G1 X186.917 Y53.56 E.00852
G1 X187.007 Y52.993 E.01553
G1 X186.48 Y53.077 E.01444
G1 X33.479 Y53.089 F9000
;WIDTH:0.373187
G1 F10800
G1 X33.123 Y52.992 E.00993
G1 X32.992 Y52.992 E.00351
G1 X33.083 Y53.562 E.01553
G1 X33.453 Y53.12 E.01551
G1 X33.562 Y166.917 F9000
G1 F10800
G1 X33.089 Y166.521 E.01659
G1 X32.992 Y166.877 E.00993
G1 X32.992 Y167.008 E.00351
G1 X33.522 Y166.923 E.01445
; stop printing object Object_1 id:94613208297312 copy 0
;LAYER_CHANGE
;Z:3.8
;HEIGHT:0.2
;BEFORE_LAYER_CHANGE
;3.8
G92 E0

G1 E-.97778 F2400
;WIPE_START
G1 F10800
G1 X32.992 Y167.008 E-.11931
G1 X32.992 Y166.877 E-.02896
G1 X33.08 Y166.556 E-.07395
;WIPE_END
;_SET_FAN_SPEED_CHANGING_LAYER
; printing object Object_1 id:94613208297312 copy 0
G1 F9000
G1 X34.0288 Y167.02 Z3.85714
G1 X34.2583 Y168.05 Z3.91429
G1 X33.5955 Y168.873 Z3.97143
G1 X32.5395 Y168.867 Z4.02857
G1 X31.8855 Y168.038 Z4.08571
G1 X32.1259 Y167.01 Z4.14286
G1 X33.0798 Y166.556 Z4.2
G1 X187.376 Y167.376 Z4.2
G1 Z3.8
G1 E1.2 F1800
M204 P2000
;TYPE:Inner wall
;WIDTH:0.449999
G1 F5400
G1 X186.836 Y167.376 E.01794
;WIDTH:0.49323
G1 X186.638 Y167.355 E.00732
;WIDTH:0.53646
G1 X186.439 Y167.333 E.00802
;WIDTH:0.579691
G1 X186.241 Y167.312 E.00872
;WIDTH:0.622921
G1 X186.043 Y167.29 E.00942
G1 X33.957 Y167.29 E7.18799
G1 X33.759 Y167.312 E.00942
;WIDTH:0.579691
G1 X33.561 Y167.333 E.00872
;WIDTH:0.53646
G1 X33.362 Y167.355 E.00802
;WIDTH:0.49323
G1 X33.164 Y167.376 E.00732
;WIDTH:0.449999
G1 X32.624 Y167.376 E.01793
G1 X32.624 Y166.836 E.01793
;WIDTH:0.49323
G1 X32.645 Y166.638 E.00732
;WIDTH:0.53646
G1 X32.667 Y166.439 E.00802
;WIDTH:0.579691
G1 X32.688 Y166.241 E.00872
;WIDTH:0.622921
G1 X32.71 Y166.043 E.00942
G1 X32.71 Y53.957 E5.29748
G1 X32.688 Y53.759 E.00942
;WIDTH:0.579691
G1 X32.667 Y53.561 E.00872
;WIDTH:0.53646
G1 X32.645 Y53.362 E.00802
;WIDTH:0.49323
G1 X32.624 Y53.164 E.00732
;WIDTH:0.449999
G1 X32.624 Y52.624 E.01793
G1 X33.164 Y52.624 E.01793
;WIDTH:0.49323
G1 X33.362 Y52.645 E.00732
;WIDTH:0.53646
G1 X33.561 Y52.667 E.00802
;WIDTH:0.579691
G1 X33.759 Y52.688 E.00872
;WIDTH:0.622921
G1 X33.957 Y52.71 E.00942
G1 X186.043 Y52.71 E7.18799
G1 X186.241 Y52.688 E.00942
;WIDTH:0.579691
G1 X186.439 Y52.667 E.00872
;WIDTH:0.53646
G1 X186.638 Y52.645 E.00802
;WIDTH:0.49323
G1 X186.836 Y52.624 E.00732
;WIDTH:0.449999
G1 X187.376 Y52.624 E.01794
G1 X187.376 Y53.164 E.01794
;WIDTH:0.49323
G1 X187.355 Y53.362 E.00732
;WIDTH:0.53646
G1 X187.333 Y53.561 E.00802
;WIDTH:0.579691
G1 X187.312 Y53.759 E.00872
;WIDTH:0.622921
G1 X187.29 Y53.957 E.00942
G1 X187.29 Y166.235 E5.30655
G1 X187.312 Y166.385 E.00717
;WIDTH:0.579691
G1 X187.333 Y166.535 E.00664
;WIDTH:0.53646
G1 X187.355 Y166.686 E.00611
;WIDTH:0.49323
G1 X187.376 Y166.836 E.00557
;WIDTH:0.449999
G1 X187.376 Y167.336 E.01661
M204 T1000
G1 X187.79 Y167.79 F9000
M204 P1000
;TYPE:Outer wall
;WIDTH:0.419999
G1 F3600
G1 X32.21 Y167.79 E4.78053
G1 X32.21 Y52.21 E3.55145
G1 X187.79 Y52.21 E4.78053
G1 X187.79 Y167.75 E3.55022
M204 T2500
G1 X186.27 Y166.609 F9000
M204 P2000
;TYPE:Inner wall
;WIDTH:0.579691
G1 F5400
G1 X186.302 Y166.582 E.00187
;WIDTH:0.53646
G1 X186.378 Y166.518 E.00399
;WIDTH:0.49323
G1 X186.453 Y166.453 E.00364
;WIDTH:0.495043
G1 X186.516 Y166.38 E.00356
;WIDTH:0.540086
G1 X186.579 Y166.306 E.00391
;WIDTH:0.585129
G1 X186.641 Y166.232 E.00427
;WIDTH:0.630172
G1 X186.704 Y166.159 E.00462
G1 X186.71 Y166.043 E.00555
;WIDTH:0.622921
G1 X186.71 Y53.957 E5.29748
G1 X186.646 Y53.854 E.00572
;WIDTH:0.579691
G1 X186.582 Y53.752 E.00529
;WIDTH:0.53646
G1 X186.518 Y53.649 E.00487
;WIDTH:0.49323
G1 X186.453 Y53.547 E.00444
G1 X186.351 Y53.482 E.00444
;WIDTH:0.53646
G1 X186.248 Y53.418 E.00487
;WIDTH:0.579691
G1 X186.146 Y53.354 E.00529
;WIDTH:0.622921
G1 X186.043 Y53.29 E.00572
G1 X33.849 Y53.29 E7.19311
G1 X33.773 Y53.354 E.00468
;WIDTH:0.579691
G1 X33.698 Y53.418 E.00434
;WIDTH:0.53646
G1 X33.622 Y53.482 E.00399
;WIDTH:0.49323
G1 X33.547 Y53.547 E.00364
G1 X33.482 Y53.649 E.00444
;WIDTH:0.53646
G1 X33.418 Y53.752 E.00487
;WIDTH:0.579691
G1 X33.354 Y53.854 E.00529
;WIDTH:0.622921
G1 X33.29 Y53.957 E.00572
G1 X33.29 Y166.151 E5.3026
G1 X33.354 Y166.227 E.00468
;WIDTH:0.579691
G1 X33.418 Y166.302 E.00434
;WIDTH:0.53646
G1 X33.482 Y166.378 E.00399
;WIDTH:0.49323
G1 X33.547 Y166.453 E.00364
G1 X33.649 Y166.518 E.00444
;WIDTH:0.53646
G1 X33.752 Y166.582 E.00487
;WIDTH:0.579691
G1 X33.854 Y166.646 E.00529
;WIDTH:0.622921
G1 X33.957 Y166.71 E.00572
G1 X186.151 Y166.71 E7.19311
G1 X186.227 Y166.646 E.00468
;WIDTH:0.579691
G1 X186.239 Y166.635 E.00072
M204 T1000
G1 X186.043 Y166.21 F9000
M204 P1000
;TYPE:Outer wall
;WIDTH:0.419999
G1 F3600
G1 X186.161 Y166.161 E.00393
G1 X186.207 Y166.072 E.00309
G1 X186.21 Y53.957 E3.44497
G1 X186.161 Y53.839 E.00393
G1 X186.043 Y53.79 E.00393
G1 X33.957 Y53.79 E4.67317
G1 X33.839 Y53.839 E.00393
G1 X33.79 Y53.957 E.00393
G1 X33.79 Y166.043 E3.44408
G1 X33.839 Y166.161 E.00393
G1 X33.957 Y166.21 E.00393
G1 X186.003 Y166.21 E4.67194
M204 T2500
G1 X186.521 Y166.912 F9000
M204 P2500
;TYPE:Internal solid infill
;WIDTH:0.36947
G1 F10800
G1 X186.877 Y167.01 E.00984
G1 X187.01 Y167.01 E.00352
G1 X187.01 Y166.877 E.00352
G1 X186.912 Y166.521 E.00984
G1 X186.549 Y166.884 E.01367
G1 X186.44 Y53.083 F9000
;WIDTH:0.375024
G1 F10800
G1 X186.732 Y53.305 E.00991
G1 X186.917 Y53.56 E.00852
G1 X187.007 Y52.993 E.01553
G1 X186.48 Y53.077 E.01444
G1 X33.479 Y53.089 F9000
;WIDTH:0.373187
G1 F10800
G1 X33.123 Y52.992 E.00993
G1 X32.992 Y52.992 E.00351
G1 X33.083 Y53.562 E.01553
G1 X33.453 Y53.12 E.01551
G1 X33.562 Y166.917 F9000
G1 F10800
G1 X33.089 Y166.521 E.01659
G1 X32.992 Y166.877 E.00993
G1 X32.992 Y167.008 E.00351
G1 X33.522 Y166.923 E.01445
; stop printing object Object_1 id:94613208297312 copy 0
;LAYER_CHANGE
;Z:4
;HEIGHT:0.2
;BEFORE_LAYER_CHANGE
;4
G92 E0

G1 E-.97778 F2400
;WIPE_START
G1 F10800
G1 X32.992 Y167.008 E-.11931
G1 X32.992 Y166.877 E-.02896
G1 X33.08 Y166.556 E-.07395
;WIPE_END
;_SET_FAN_SPEED_CHANGING_LAYER
; printing object Object_1 id:94613208297312 copy 0
G1 F9000
G1 X34.0288 Y167.02 Z4.05714
G1 X34.2583 Y168.05 Z4.11429
G1 X33.5955 Y168.873 Z4.17143
G1 X32.5395 Y168.867 Z4.22857
G1 X31.8855 Y168.038 Z4.28571
G1 X32.1259 Y167.01 Z4.34286
G1 X33.0798 Y166.556 Z4.4
G1 X187.376 Y167.376 Z4.4
G1 Z4
G1 E1.2 F1800
M204 P2000
;TYPE:Inner wall
;WIDTH:0.449999
G1 F5400
G1 X186.836 Y167.376 E.01794
;WIDTH:0.49323
G1 X186.638 Y167.355 E.00732
;WIDTH:0.53646
G1 X186.439 Y167.333 E.00802
;WIDTH:0.579691
G1 X186.241 Y167.312 E.00872
;WIDTH:0.622921
G1 X186.043 Y167.29 E.00942
G1 X33.957 Y167.29 E7.18799
G1 X33.759 Y167.312 E.00942
;WIDTH:0.579691
G1 X33.561 Y167.333 E.00872
;WIDTH:0.53646
G1 X33.362 Y167.355 E.00802
;WIDTH:0.49323
G1 X33.164 Y167.376 E.00732
;WIDTH:0.449999
G1 X32.624 Y167.376 E.01793
G1 X32.624 Y166.836 E.01793
;WIDTH:0.49323
G1 X32.645 Y166.638 E.00732
;WIDTH:0.53646
G1 X32.667 Y166.439 E.00802
;WIDTH:0.579691
G1 X32.688 Y166.241 E.00872
;WIDTH:0.622921
G1 X32.71 Y166.043 E.00942
G1 X32.71 Y53.957 E5.29748
G1 X32.688 Y53.759 E.00942
;WIDTH:0.579691
G1 X32.667 Y53.561 E.00872
;WIDTH:0.53646
G1 X32.645 Y53.362 E.00802
;WIDTH:0.49323
G1 X32.624 Y53.164 E.00732
;WIDTH:0.449999
G1 X32.624 Y52.624 E.01793
G1 X33.164 Y52.624 E.01793
;WIDTH:0.49323
G1 X33.362 Y52.645 E.00732
;WIDTH:0.53646
G1 X33.561 Y52.667 E.00802
;WIDTH:0.579691
G1 X33.759 Y52.688 E.00872
;WIDTH:0.622921
G1 X33.957 Y52.71 E.00942
G1 X186.043 Y52.71 E7.18799
G1 X186.241 Y52.688 E.00942
;WIDTH:0.579691
G1 X186.439 Y52.667 E.00872
;WIDTH:0.53646
G1 X186.638 Y52.645 E.00802
;WIDTH:0.49323
G1 X186.836 Y52.624 E.00732
;WIDTH:0.449999
G1 X187.376 Y52.624 E.01794
G1 X187.376 Y53.164 E.01794
;WIDTH:0.49323
G1 X187.355 Y53.362 E.00732
;WIDTH:0.53646
G1 X187.333 Y53.561 E.00802
;WIDTH:0.579691
G1 X187.312 Y53.759 E.00872
;WIDTH:0.622921
G1 X187.29 Y53.957 E.00942
G1 X187.29 Y166.235 E5.30655
G1 X187.312 Y166.385 E.00717
;WIDTH:0.579691
G1 X187.333 Y166.535 E.00664
;WIDTH:0.53646
G1 X187.355 Y166.686 E.00611
;WIDTH:0.49323
G1 X187.376 Y166.836 E.00557
;WIDTH:0.449999
G1 X187.376 Y167.336 E.01661
M204 T1000
G1 X187.79 Y167.79 F9000
M204 P1000
;TYPE:Outer wall
;WIDTH:0.419999
G1 F3600
G1 X32.21 Y167.79 E4.78053
G1 X32.21 Y52.21 E3.55145
G1 X187.79 Y52.21 E4.78053
G1 X187.79 Y167.75 E3.55022
M204 T2500
G1 X186.27 Y166.609 F9000
M204 P2000
;TYPE:Inner wall
;WIDTH:0.579691
G1 F5400
G1 X186.302 Y166.582 E.00187
;WIDTH:0.53646
G1 X186.378 Y166.518 E.00399
;WIDTH:0.49323
G1 X186.453 Y166.453 E.00364
;WIDTH:0.495043
G1 X186.516 Y166.38 E.00356
;WIDTH:0.540086
G1 X186.579 Y166.306 E.00391
;WIDTH:0.585129
G1 X186.641 Y166.232 E.00427
;WIDTH:0.630172
G1 X186.704 Y166.159 E.00462
G1 X186.71 Y166.043 E.00555
;WIDTH:0.622921
G1 X186.71 Y53.957 E5.29748
G1 X186.646 Y53.854 E.00572
;WIDTH:0.579691
G1 X186.582 Y53.752 E.00529
;WIDTH:0.53646
G1 X186.518 Y53.649 E.00487
;WIDTH:0.49323
G1 X186.453 Y53.547 E.00444
G1 X186.351 Y53.482 E.00444
;WIDTH:0.53646
G1 X186.248 Y53.418 E.00487
;WIDTH:0.579691
G1 X186.146 Y53.354 E.00529
;WIDTH:0.622921
G1 X186.043 Y53.29 E.00572
G1 X33.849 Y53.29 E7.19311
G1 X33.773 Y53.354 E.00468
;WIDTH:0.579691
G1 X33.698 Y53.418 E.00434
;WIDTH:0.53646
G1 X33.622 Y53.482 E.00399
;WIDTH:0.49323
G1 X33.547 Y53.547 E.00364
G1 X33.482 Y53.649 E.00444
;WIDTH:0.53646
G1 X33.418 Y53.752 E.00487
;WIDTH:0.579691
G1 X33.354 Y53.854 E.00529
;WIDTH:0.622921
G1 X33.29 Y53.957 E.00572
G1 X33.29 Y166.151 E5.3026
G1 X33.354 Y166.227 E.00468
;WIDTH:0.579691
G1 X33.418 Y166.302 E.00434
;WIDTH:0.53646
G1 X33.482 Y166.378 E.00399
;WIDTH:0.49323
G1 X33.547 Y166.453 E.00364
G1 X33.649 Y166.518 E.00444
;WIDTH:0.53646
G1 X33.752 Y166.582 E.00487
;WIDTH:0.579691
G1 X33.854 Y166.646 E.00529
;WIDTH:0.622921
G1 X33.957 Y166.71 E.00572
G1 X186.151 Y166.71 E7.19311
G1 X186.227 Y166.646 E.00468
;WIDTH:0.579691
G1 X186.239 Y166.635 E.00072
M204 T1000
G1 X186.043 Y166.21 F9000
M204 P1000
;TYPE:Outer wall
;WIDTH:0.419999
G1 F3600
G1 X186.161 Y166.161 E.00393
G1 X186.207 Y166.072 E.00309
G1 X186.21 Y53.957 E3.44497
G1 X186.161 Y53.839 E.00393
G1 X186.043 Y53.79 E.00393
G1 X33.957 Y53.79 E4.67317
G1 X33.839 Y53.839 E.00393
G1 X33.79 Y53.957 E.00393
G1 X33.79 Y166.043 E3.44408
G1 X33.839 Y166.161 E.00393
G1 X33.957 Y166.21 E.00393
G1 X186.003 Y166.21 E4.67194
M204 T2500
G1 X186.521 Y166.912 F9000
M204 P2500
;TYPE:Internal solid infill
;WIDTH:0.36947
G1 F10800
G1 X186.877 Y167.01 E.00984
G1 X187.01 Y167.01 E.00352
G1 X187.01 Y166.877 E.00352
G1 X186.912 Y166.521 E.00984
G1 X186.549 Y166.884 E.01367
G1 X186.44 Y53.083 F9000
;WIDTH:0.375024
G1 F10800
G1 X186.732 Y53.305 E.00991
G1 X186.917 Y53.56 E.00852
G1 X187.007 Y52.993 E.01553
G1 X186.48 Y53.077 E.01444
G1 X33.479 Y53.089 F9000
;WIDTH:0.373187
G1 F10800
G1 X33.123 Y52.992 E.00993
G1 X32.992 Y52.992 E.00351
G1 X33.083 Y53.562 E.01553
G1 X33.453 Y53.12 E.01551
G1 X33.562 Y166.917 F9000
G1 F10800
G1 X33.089 Y166.521 E.01659
G1 X32.992 Y166.877 E.00993
G1 X32.992 Y167.008 E.00351
G1 X33.522 Y166.923 E.01445
; stop printing object Object_1 id:94613208297312 copy 0
;LAYER_CHANGE
;Z:4.2
;HEIGHT:0.2
;BEFORE_LAYER_CHANGE
;4.2
G92 E0

G1 E-.97778 F2400
;WIPE_START
G1 F10800
G1 X32.992 Y167.008 E-.11931
G1 X32.992 Y166.877 E-.02896
G1 X33.08 Y166.556 E-.07395
;WIPE_END
;_SET_FAN_SPEED_CHANGING_LAYER
; printing object Object_1 id:94613208297312 copy 0
G1 F9000
G1 X34.0288 Y167.02 Z4.25714
G1 X34.2583 Y168.05 Z4.31429
G1 X33.5955 Y168.873 Z4.37143
G1 X32.5395 Y168.867 Z4.42857
G1 X31.8855 Y168.038 Z4.48571
G1 X32.1259 Y167.01 Z4.54286
G1 X33.0798 Y166.556 Z4.6
G1 X187.376 Y167.376 Z4.6
G1 Z4.2
G1 E1.2 F1800
M204 P2000
;TYPE:Inner wall
;WIDTH:0.449999
G1 F5400
G1 X186.836 Y167.376 E.01794
;WIDTH:0.49323
G1 X186.638 Y167.355 E.00732
;WIDTH:0.53646
G1 X186.439 Y167.333 E.00802
;WIDTH:0.579691
G1 X186.241 Y167.312 E.00872
;WIDTH:0.622921
G1 X186.043 Y167.29 E.00942
G1 X33.957 Y167.29 E7.18799
G1 X33.759 Y167.312 E.00942
;WIDTH:0.579691
G1 X33.561 Y167.333 E.00872
;WIDTH:0.53646
G1 X33.362 Y167.355 E.00802
;WIDTH:0.49323
G1 X33.164 Y167.376 E.00732
;WIDTH:0.449999
G1 X32.624 Y167.376 E.01793
G1 X32.624 Y166.836 E.01793
;WIDTH:0.49323
G1 X32.645 Y166.638 E.00732
;WIDTH:0.53646
G1 X32.667 Y166.439 E.00802
;WIDTH:0.579691
G1 X32.688 Y166.241 E.00872
;WIDTH:0.622921
G1 X32.71 Y166.043 E.00942
G1 X32.71 Y53.957 E5.29748
G1 X32.688 Y53.759 E.00942
;WIDTH:0.579691
G1 X32.667 Y53.561 E.00872
;WIDTH:0.53646
G1 X32.645 Y53.362 E.00802
;WIDTH:0.49323
G1 X32.624 Y53.164 E.00732
;WIDTH:0.449999
G1 X32.624 Y52.624 E.01793
G1 X33.164 Y52.624 E.01793
;WIDTH:0.49323
G1 X33.362 Y52.645 E.00732
;WIDTH:0.53646
G1 X33.561 Y52.667 E.00802
;WIDTH:0.579691
G1 X33.759 Y52.688 E.00872
;WIDTH:0.622921
G1 X33.957 Y52.71 E.00942
G1 X186.043 Y52.71 E7.18799
G1 X186.241 Y52.688 E.00942
;WIDTH:0.579691
G1 X186.439 Y52.667 E.00872
;WIDTH:0.53646
G1 X186.638 Y52.645 E.00802
;WIDTH:0.49323
G1 X186.836 Y52.624 E.00732
;WIDTH:0.449999
G1 X187.376 Y52.624 E.01794
G1 X187.376 Y53.164 E.01794
;WIDTH:0.49323
G1 X187.355 Y53.362 E.00732
;WIDTH:0.53646
G1 X187.333 Y53.561 E.00802
;WIDTH:0.579691
G1 X187.312 Y53.759 E.00872
;WIDTH:0.622921
G1 X187.29 Y53.957 E.00942
G1 X187.29 Y166.235 E5.30655
G1 X187.312 Y166.385 E.00717
;WIDTH:0.579691
G1 X187.333 Y166.535 E.00664
;WIDTH:0.53646
G1 X187.355 Y166.686 E.00611
;WIDTH:0.49323
G1 X187.376 Y166.836 E.00557
;WIDTH:0.449999
G1 X187.376 Y167.336 E.01661
M204 T1000
G1 X187.79 Y167.79 F9000
M204 P1000
;TYPE:Outer wall
;WIDTH:0.419999
G1 F3600
G1 X32.21 Y167.79 E4.78053
G1 X32.21 Y52.21 E3.55145
G1 X187.79 Y52.21 E4.78053
G1 X187.79 Y167.75 E3.55022
M204 T2500
G1 X186.27 Y166.609 F9000
M204 P2000
;TYPE:Inner wall
;WIDTH:0.579691
G1 F5400
G1 X186.302 Y166.582 E.00187
;WIDTH:0.53646
G1 X186.378 Y166.518 E.00399
;WIDTH:0.49323
G1 X186.453 Y166.453 E.00364
;WIDTH:0.495043
G1 X186.516 Y166.38 E.00356
;WIDTH:0.540086
G1 X186.579 Y166.306 E.00391
;WIDTH:0.585129
G1 X186.641 Y166.232 E.00427
;WIDTH:0.630172
G1 X186.704 Y166.159 E.00462
G1 X186.71 Y166.043 E.00555
;WIDTH:0.622921
G1 X186.71 Y53.957 E5.29748
G1 X186.646 Y53.854 E.00572
;WIDTH:0.579691
G1 X186.582 Y53.752 E.00529
;WIDTH:0.53646
G1 X186.518 Y53.649 E.00487
;WIDTH:0.49323
G1 X186.453 Y53.547 E.00444
G1 X186.351 Y53.482 E.00444
;WIDTH:0.53646
G1 X186.248 Y53.418 E.00487
;WIDTH:0.579691
G1 X186.146 Y53.354 E.00529
;WIDTH:0.622921
G1 X186.043 Y53.29 E.00572
G1 X33.849 Y53.29 E7.19311
G1 X33.773 Y53.354 E.00468
;WIDTH:0.579691
G1 X33.698 Y53.418 E.00434
;WIDTH:0.53646
G1 X33.622 Y53.482 E.00399
;WIDTH:0.49323
G1 X33.547 Y53.547 E.00364
G1 X33.482 Y53.649 E.00444
;WIDTH:0.53646
G1 X33.418 Y53.752 E.00487
;WIDTH:0.579691
G1 X33.354 Y53.854 E.00529
;WIDTH:0.622921
G1 X33.29 Y53.957 E.00572
G1 X33.29 Y166.151 E5.3026
G1 X33.354 Y166.227 E.00468
;WIDTH:0.579691
G1 X33.418 Y166.302 E.00434
;WIDTH:0.53646
G1 X33.482 Y166.378 E.00399
;WIDTH:0.49323
G1 X33.547 Y166.453 E.00364
G1 X33.649 Y166.518 E.00444
;WIDTH:0.53646
G1 X33.752 Y166.582 E.00487
;WIDTH:0.579691
G1 X33.854 Y166.646 E.00529
;WIDTH:0.622921
G1 X33.957 Y166.71 E.00572
G1 X186.151 Y166.71 E7.19311
G1 X186.227 Y166.646 E.00468
;WIDTH:0.579691
G1 X186.239 Y166.635 E.00072
M204 T1000
G1 X186.043 Y166.21 F9000
M204 P1000
;TYPE:Outer wall
;WIDTH:0.419999
G1 F3600
G1 X186.161 Y166.161 E.00393
G1 X186.207 Y166.072 E.00309
G1 X186.21 Y53.957 E3.44497
G1 X186.161 Y53.839 E.00393
G1 X186.043 Y53.79 E.00393
G1 X33.957 Y53.79 E4.67317
G1 X33.839 Y53.839 E.00393
G1 X33.79 Y53.957 E.00393
G1 X33.79 Y166.043 E3.44408
G1 X33.839 Y166.161 E.00393
G1 X33.957 Y166.21 E.00393
G1 X186.003 Y166.21 E4.67194
M204 T2500
G1 X186.521 Y166.912 F9000
M204 P2500
;TYPE:Internal solid infill
;WIDTH:0.36947
G1 F10800
G1 X186.877 Y167.01 E.00984
G1 X187.01 Y167.01 E.00352
G1 X187.01 Y166.877 E.00352
G1 X186.912 Y166.521 E.00984
G1 X186.549 Y166.884 E.01367
G1 X186.44 Y53.083 F9000
;WIDTH:0.375024
G1 F10800
G1 X186.732 Y53.305 E.00991
G1 X186.917 Y53.56 E.00852
G1 X187.007 Y52.993 E.01553
G1 X186.48 Y53.077 E.01444
G1 X33.479 Y53.089 F9000
;WIDTH:0.373187
G1 F10800
G1 X33.123 Y52.992 E.00993
G1 X32.992 Y52.992 E.00351
G1 X33.083 Y53.562 E.01553
G1 X33.453 Y53.12 E.01551
G1 X33.562 Y166.917 F9000
G1 F10800
G1 X33.089 Y166.521 E.01659
G1 X32.992 Y166.877 E.00993
G1 X32.992 Y167.008 E.00351
G1 X33.522 Y166.923 E.01445
; stop printing object Object_1 id:94613208297312 copy 0
;LAYER_CHANGE
;Z:4.4
;HEIGHT:0.2
;BEFORE_LAYER_CHANGE
;4.4
G92 E0

G1 E-.97778 F2400
;WIPE_START
G1 F10800
G1 X32.992 Y167.008 E-.11931
G1 X32.992 Y166.877 E-.02896
G1 X33.08 Y166.556 E-.07395
;WIPE_END
;_SET_FAN_SPEED_CHANGING_LAYER
; printing object Object_1 id:94613208297312 copy 0
G1 F9000
G1 X34.0288 Y167.02 Z4.45714
G1 X34.2583 Y168.05 Z4.51429
G1 X33.5955 Y168.873 Z4.57143
G1 X32.5395 Y168.867 Z4.62857
G1 X31.8855 Y168.038 Z4.68571
G1 X32.1259 Y167.01 Z4.74286
G1 X33.0798 Y166.556 Z4.8
G1 X187.376 Y167.376 Z4.8
G1 Z4.4
G1 E1.2 F1800
M204 P2000
;TYPE:Inner wall
;WIDTH:0.449999
G1 F5400
G1 X186.836 Y167.376 E.01794
;WIDTH:0.49323
G1 X186.638 Y167.355 E.00732
;WIDTH:0.53646
G1 X186.439 Y167.333 E.00802
;WIDTH:0.579691
G1 X186.241 Y167.312 E.00872
;WIDTH:0.622921
G1 X186.043 Y167.29 E.00942
G1 X33.957 Y167.29 E7.18799
G1 X33.759 Y167.312 E.00942
;WIDTH:0.579691
G1 X33.561 Y167.333 E.00872
;WIDTH:0.53646
G1 X33.362 Y167.355 E.00802
;WIDTH:0.49323
G1 X33.164 Y167.376 E.00732
;WIDTH:0.449999
G1 X32.624 Y167.376 E.01793
G1 X32.624 Y166.836 E.01793
;WIDTH:0.49323
G1 X32.645 Y166.638 E.00732
;WIDTH:0.53646
G1 X32.667 Y166.439 E.00802
;WIDTH:0.579691
G1 X32.688 Y166.241 E.00872
;WIDTH:0.622921
G1 X32.71 Y166.043 E.00942
G1 X32.71 Y53.957 E5.29748
G1 X32.688 Y53.759 E.00942
;WIDTH:0.579691
G1 X32.667 Y53.561 E.00872
;WIDTH:0.53646
G1 X32.645 Y53.362 E.00802
;WIDTH:0.49323
G1 X32.624 Y53.164 E.00732
;WIDTH:0.449999
G1 X32.624 Y52.624 E.01793
G1 X33.164 Y52.624 E.01793
;WIDTH:0.49323
G1 X33.362 Y52.645 E.00732
;WIDTH:0.53646
G1 X33.561 Y52.667 E.00802
;WIDTH:0.579691
G1 X33.759 Y52.688 E.00872
;WIDTH:0.622921
G1 X33.957 Y52.71 E.00942
G1 X186.043 Y52.71 E7.18799
G1 X186.241 Y52.688 E.00942
;WIDTH:0.579691
G1 X186.439 Y52.667 E.00872
;WIDTH:0.53646
G1 X186.638 Y52.645 E.00802
;WIDTH:0.49323
G1 X186.836 Y52.624 E.00732
;WIDTH:0.449999
G1 X187.376 Y52.624 E.01794
G1 X187.376 Y53.164 E.01794
;WIDTH:0.49323
G1 X187.355 Y53.362 E.00732
;WIDTH:0.53646
G1 X187.333 Y53.561 E.00802
;WIDTH:0.579691
G1 X187.312 Y53.759 E.00872
;WIDTH:0.622921
G1 X187.29 Y53.957 E.00942
G1 X187.29 Y166.235 E5.30655
G1 X187.312 Y166.385 E.00717
;WIDTH:0.579691
G1 X187.333 Y166.535 E.00664
;WIDTH:0.53646
G1 X187.355 Y166.686 E.00611
;WIDTH:0.49323
G1 X187.376 Y166.836 E.00557
;WIDTH:0.449999
G1 X187.376 Y167.336 E.01661
M204 T1000
G1 X187.79 Y167.79 F9000
M204 P1000
;TYPE:Outer wall
;WIDTH:0.419999
G1 F3600
G1 X32.21 Y167.79 E4.78053
G1 X32.21 Y52.21 E3.55145
G1 X187.79 Y52.21 E4.78053
G1 X187.79 Y167.75 E3.55022
M204 T2500
G1 X186.27 Y166.609 F9000
M204 P2000
;TYPE:Inner wall
;WIDTH:0.579691
G1 F5400
G1 X186.302 Y166.582 E.00187
;WIDTH:0.53646
G1 X186.378 Y166.518 E.00399
;WIDTH:0.49323
G1 X186.453 Y166.453 E.00364
;WIDTH:0.495043
G1 X186.516 Y166.38 E.00356
;WIDTH:0.540086
G1 X186.579 Y166.306 E.00391
;WIDTH:0.585129
G1 X186.641 Y166.232 E.00427
;WIDTH:0.630172
G1 X186.704 Y166.159 E.00462
G1 X186.71 Y166.043 E.00555
;WIDTH:0.622921
G1 X186.71 Y53.957 E5.29748
G1 X186.646 Y53.854 E.00572
;WIDTH:0.579691
G1 X186.582 Y53.752 E.00529
;WIDTH:0.53646
G1 X186.518 Y53.649 E.00487
;WIDTH:0.49323
G1 X186.453 Y53.547 E.00444
G1 X186.351 Y53.482 E.00444
;WIDTH:0.53646
G1 X186.248 Y53.418 E.00487
;WIDTH:0.579691
G1 X186.146 Y53.354 E.00529
;WIDTH:0.622921
G1 X186.043 Y53.29 E.00572
G1 X33.849 Y53.29 E7.19311
G1 X33.773 Y53.354 E.00468
;WIDTH:0.579691
G1 X33.698 Y53.418 E.00434
;WIDTH:0.53646
G1 X33.622 Y53.482 E.00399
;WIDTH:0.49323
G1 X33.547 Y53.547 E.00364
G1 X33.482 Y53.649 E.00444
;WIDTH:0.53646
G1 X33.418 Y53.752 E.00487
;WIDTH:0.579691
G1 X33.354 Y53.854 E.00529
;WIDTH:0.622921
G1 X33.29 Y53.957 E.00572
G1 X33.29 Y166.151 E5.3026
G1 X33.354 Y166.227 E.00468
;WIDTH:0.579691
G1 X33.418 Y166.302 E.00434
;WIDTH:0.53646
G1 X33.482 Y166.378 E.00399
;WIDTH:0.49323
G1 X33.547 Y166.453 E.00364
G1 X33.649 Y166.518 E.00444
;WIDTH:0.53646
G1 X33.752 Y166.582 E.00487
;WIDTH:0.579691
G1 X33.854 Y166.646 E.00529
;WIDTH:0.622921
G1 X33.957 Y166.71 E.00572
G1 X186.151 Y166.71 E7.19311
G1 X186.227 Y166.646 E.00468
;WIDTH:0.579691
G1 X186.239 Y166.635 E.00072
M204 T1000
G1 X186.043 Y166.21 F9000
M204 P1000
;TYPE:Outer wall
;WIDTH:0.419999
G1 F3600
G1 X186.161 Y166.161 E.00393
G1 X186.207 Y166.072 E.00309
G1 X186.21 Y53.957 E3.44497
G1 X186.161 Y53.839 E.00393
G1 X186.043 Y53.79 E.00393
G1 X33.957 Y53.79 E4.67317
G1 X33.839 Y53.839 E.00393
G1 X33.79 Y53.957 E.00393
G1 X33.79 Y166.043 E3.44408
G1 X33.839 Y166.161 E.00393
G1 X33.957 Y166.21 E.00393
G1 X186.003 Y166.21 E4.67194
M204 T2500
G1 X186.521 Y166.912 F9000
M204 P2500
;TYPE:Internal solid infill
;WIDTH:0.36947
G1 F10800
G1 X186.877 Y167.01 E.00984
G1 X187.01 Y167.01 E.00352
G1 X187.01 Y166.877 E.00352
G1 X186.912 Y166.521 E.00984
G1 X186.549 Y166.884 E.01367
G1 X186.44 Y53.083 F9000
;WIDTH:0.375024
G1 F10800
G1 X186.732 Y53.305 E.00991
G1 X186.917 Y53.56 E.00852
G1 X187.007 Y52.993 E.01553
G1 X186.48 Y53.077 E.01444
G1 X33.479 Y53.089 F9000
;WIDTH:0.373187
G1 F10800
G1 X33.123 Y52.992 E.00993
G1 X32.992 Y52.992 E.00351
G1 X33.083 Y53.562 E.01553
G1 X33.453 Y53.12 E.01551
G1 X33.562 Y166.917 F9000
G1 F10800
G1 X33.089 Y166.521 E.01659
G1 X32.992 Y166.877 E.00993
G1 X32.992 Y167.008 E.00351
G1 X33.522 Y166.923 E.01445
; stop printing object Object_1 id:94613208297312 copy 0
;LAYER_CHANGE
;Z:4.6
;HEIGHT:0.2
;BEFORE_LAYER_CHANGE
;4.6
G92 E0

G1 E-.97778 F2400
;WIPE_START
G1 F10800
G1 X32.992 Y167.008 E-.11931
G1 X32.992 Y166.877 E-.02896
G1 X33.08 Y166.556 E-.07395
;WIPE_END
;_SET_FAN_SPEED_CHANGING_LAYER
; printing object Object_1 id:94613208297312 copy 0
G1 F9000
G1 X34.0288 Y167.02 Z4.65714
G1 X34.2583 Y168.05 Z4.71429
G1 X33.5955 Y168.873 Z4.77143
G1 X32.5395 Y168.867 Z4.82857
G1 X31.8855 Y168.038 Z4.88571
G1 X32.1259 Y167.01 Z4.94286
G1 X33.0798 Y166.556 Z5
G1 X187.376 Y167.376 Z5
G1 Z4.6
G1 E1.2 F1800
M204 P2000
;TYPE:Inner wall
;WIDTH:0.449999
G1 F5400
G1 X186.836 Y167.376 E.01794
;WIDTH:0.49323
G1 X186.638 Y167.355 E.00732
;WIDTH:0.53646
G1 X186.439 Y167.333 E.00802
;WIDTH:0.579691
G1 X186.241 Y167.312 E.00872
;WIDTH:0.622921
G1 X186.043 Y167.29 E.00942
G1 X33.957 Y167.29 E7.18799
G1 X33.759 Y167.312 E.00942
;WIDTH:0.579691
G1 X33.561 Y167.333 E.00872
;WIDTH:0.53646
G1 X33.362 Y167.355 E.00802
;WIDTH:0.49323
G1 X33.164 Y167.376 E.00732
;WIDTH:0.449999
G1 X32.624 Y167.376 E.01793
G1 X32.624 Y166.836 E.01793
;WIDTH:0.49323
G1 X32.645 Y166.638 E.00732
;WIDTH:0.53646
G1 X32.667 Y166.439 E.00802
;WIDTH:0.579691
G1 X32.688 Y166.241 E.00872
;WIDTH:0.622921
G1 X32.71 Y166.043 E.00942
G1 X32.71 Y53.957 E5.29748
G1 X32.688 Y53.759 E.00942
;WIDTH:0.579691
G1 X32.667 Y53.561 E.00872
;WIDTH:0.53646
G1 X32.645 Y53.362 E.00802
;WIDTH:0.49323
G1 X32.624 Y53.164 E.00732
;WIDTH:0.449999
G1 X32.624 Y52.624 E.01793
G1 X33.164 Y52.624 E.01793
;WIDTH:0.49323
G1 X33.362 Y52.645 E.00732
;WIDTH:0.53646
G1 X33.561 Y52.667 E.00802
;WIDTH:0.579691
G1 X33.759 Y52.688 E.00872
;WIDTH:0.622921
G1 X33.957 Y52.71 E.00942
G1 X186.043 Y52.71 E7.18799
G1 X186.241 Y52.688 E.00942
;WIDTH:0.579691
G1 X186.439 Y52.667 E.00872
;WIDTH:0.53646
G1 X186.638 Y52.645 E.00802
;WIDTH:0.49323
G1 X186.836 Y52.624 E.00732
;WIDTH:0.449999
G1 X187.376 Y52.624 E.01794
G1 X187.376 Y53.164 E.01794
;WIDTH:0.49323
G1 X187.355 Y53.362 E.00732
;WIDTH:0.53646
G1 X187.333 Y53.561 E.00802
;WIDTH:0.579691
G1 X187.312 Y53.759 E.00872
;WIDTH:0.622921
G1 X187.29 Y53.957 E.00942
G1 X187.29 Y166.235 E5.30655
G1 X187.312 Y166.385 E.00717
;WIDTH:0.579691
G1 X187.333 Y166.535 E.00664
;WIDTH:0.53646
G1 X187.355 Y166.686 E.00611
;WIDTH:0.49323
G1 X187.376 Y166.836 E.00557
;WIDTH:0.449999
G1 X187.376 Y167.336 E.01661
M204 T1000
G1 X187.79 Y167.79 F9000
M204 P1000
;TYPE:Outer wall
;WIDTH:0.419999
G1 F3600
G1 X32.21 Y167.79 E4.78053
G1 X32.21 Y52.21 E3.55145
G1 X187.79 Y52.21 E4.78053
G1 X187.79 Y167.75 E3.55022
M204 T2500
G1 X186.27 Y166.609 F9000
M204 P2000
;TYPE:Inner wall
;WIDTH:0.579691
G1 F5400
G1 X186.302 Y166.582 E.00187
;WIDTH:0.53646
G1 X186.378 Y166.518 E.00399
;WIDTH:0.49323
G1 X186.453 Y166.453 E.00364
;WIDTH:0.495043
G1 X186.516 Y166.38 E.00356
;WIDTH:0.540086
G1 X186.579 Y166.306 E.00391
;WIDTH:0.585129
G1 X186.641 Y166.232 E.00427
;WIDTH:0.630172
G1 X186.704 Y166.159 E.00462
G1 X186.71 Y166.043 E.00555
;WIDTH:0.622921
G1 X186.71 Y53.957 E5.29748
G1 X186.646 Y53.854 E.00572
;WIDTH:0.579691
G1 X186.582 Y53.752 E.00529
;WIDTH:0.53646
G1 X186.518 Y53.649 E.00487
;WIDTH:0.49323
G1 X186.453 Y53.547 E.00444
G1 X186.351 Y53.482 E.00444
;WIDTH:0.53646
G1 X186.248 Y53.418 E.00487
;WIDTH:0.579691
G1 X186.146 Y53.354 E.00529
;WIDTH:0.622921
G1 X186.043 Y53.29 E.00572
G1 X33.849 Y53.29 E7.19311
G1 X33.773 Y53.354 E.00468
;WIDTH:0.579691
G1 X33.698 Y53.418 E.00434
;WIDTH:0.53646
G1 X33.622 Y53.482 E.00399
;WIDTH:0.49323
G1 X33.547 Y53.547 E.00364
G1 X33.482 Y53.649 E.00444
;WIDTH:0.53646
G1 X33.418 Y53.752 E.00487
;WIDTH:0.579691
G1 X33.354 Y53.854 E.00529
;WIDTH:0.622921
G1 X33.29 Y53.957 E.00572
G1 X33.29 Y166.151 E5.3026
G1 X33.354 Y166.227 E.00468
;WIDTH:0.579691
G1 X33.418 Y166.302 E.00434
;WIDTH:0.53646
G1 X33.482 Y166.378 E.00399
;WIDTH:0.49323
G1 X33.547 Y166.453 E.00364
G1 X33.649 Y166.518 E.00444
;WIDTH:0.53646
G1 X33.752 Y166.582 E.00487
;WIDTH:0.579691
G1 X33.854 Y166.646 E.00529
;WIDTH:0.622921
G1 X33.957 Y166.71 E.00572
G1 X186.151 Y166.71 E7.19311
G1 X186.227 Y166.646 E.00468
;WIDTH:0.579691
G1 X186.239 Y166.635 E.00072
M204 T1000
G1 X186.043 Y166.21 F9000
M204 P1000
;TYPE:Outer wall
;WIDTH:0.419999
G1 F3600
G1 X186.161 Y166.161 E.00393
G1 X186.207 Y166.072 E.00309
G1 X186.21 Y53.957 E3.44497
G1 X186.161 Y53.839 E.00393
G1 X186.043 Y53.79 E.00393
G1 X33.957 Y53.79 E4.67317
G1 X33.839 Y53.839 E.00393
G1 X33.79 Y53.957 E.00393
G1 X33.79 Y166.043 E3.44408
G1 X33.839 Y166.161 E.00393
G1 X33.957 Y166.21 E.00393
G1 X186.003 Y166.21 E4.67194
M204 T2500
G1 X186.521 Y166.912 F9000
M204 P2500
;TYPE:Internal solid infill
;WIDTH:0.36947
G1 F10800
G1 X186.877 Y167.01 E.00984
G1 X187.01 Y167.01 E.00352
G1 X187.01 Y166.877 E.00352
G1 X186.912 Y166.521 E.00984
G1 X186.549 Y166.884 E.01367
G1 X186.44 Y53.083 F9000
;WIDTH:0.375024
G1 F10800
G1 X186.732 Y53.305 E.00991
G1 X186.917 Y53.56 E.00852
G1 X187.007 Y52.993 E.01553
G1 X186.48 Y53.077 E.01444
G1 X33.479 Y53.089 F9000
;WIDTH:0.373187
G1 F10800
G1 X33.123 Y52.992 E.00993
G1 X32.992 Y52.992 E.00351
G1 X33.083 Y53.562 E.01553
G1 X33.453 Y53.12 E.01551
G1 X33.562 Y166.917 F9000
G1 F10800
G1 X33.089 Y166.521 E.01659
G1 X32.992 Y166.877 E.00993
G1 X32.992 Y167.008 E.00351
G1 X33.522 Y166.923 E.01445
; stop printing object Object_1 id:94613208297312 copy 0
;LAYER_CHANGE
;Z:4.8
;HEIGHT:0.2
;BEFORE_LAYER_CHANGE
;4.8
G92 E0

G1 E-.97778 F2400
;WIPE_START
G1 F10800
G1 X32.992 Y167.008 E-.11931
G1 X32.992 Y166.877 E-.02896
G1 X33.08 Y166.556 E-.07395
;WIPE_END
;_SET_FAN_SPEED_CHANGING_LAYER
; printing object Object_1 id:94613208297312 copy 0
G1 F9000
G1 X34.0288 Y167.02 Z4.85714
G1 X34.2583 Y168.05 Z4.91429
G1 X33.5955 Y168.873 Z4.97143
G1 X32.5395 Y168.867 Z5.02857
G1 X31.8855 Y168.038 Z5.08571
G1 X32.1259 Y167.01 Z5.14286
G1 X33.0798 Y166.556 Z5.2
G1 X187.376 Y167.376 Z5.2
G1 Z4.8
G1 E1.2 F1800
M204 P2000
;TYPE:Inner wall
;WIDTH:0.449999
G1 F5400
G1 X186.836 Y167.376 E.01794
;WIDTH:0.49323
G1 X186.638 Y167.355 E.00732
;WIDTH:0.53646
G1 X186.439 Y167.333 E.00802
;WIDTH:0.579691
G1 X186.241 Y167.312 E.00872
;WIDTH:0.622921
G1 X186.043 Y167.29 E.00942
G1 X33.957 Y167.29 E7.18799
G1 X33.759 Y167.312 E.00942
;WIDTH:0.579691
G1 X33.561 Y167.333 E.00872
;WIDTH:0.53646
G1 X33.362 Y167.355 E.00802
;WIDTH:0.49323
G1 X33.164 Y167.376 E.00732
;WIDTH:0.449999
G1 X32.624 Y167.376 E.01793
G1 X32.624 Y166.836 E.01793
;WIDTH:0.49323
G1 X32.645 Y166.638 E.00732
;WIDTH:0.53646
G1 X32.667 Y166.439 E.00802
;WIDTH:0.579691
G1 X32.688 Y166.241 E.00872
;WIDTH:0.622921
G1 X32.71 Y166.043 E.00942
G1 X32.71 Y53.957 E5.29748
G1 X32.688 Y53.759 E.00942
;WIDTH:0.579691
G1 X32.667 Y53.561 E.00872
;WIDTH:0.53646
G1 X32.645 Y53.362 E.00802
;WIDTH:0.49323
G1 X32.624 Y53.164 E.00732
;WIDTH:0.449999
G1 X32.624 Y52.624 E.01793
G1 X33.164 Y52.624 E.01793
;WIDTH:0.49323
G1 X33.362 Y52.645 E.00732
;WIDTH:0.53646
G1 X33.561 Y52.667 E.00802
;WIDTH:0.579691
G1 X33.759 Y52.688 E.00872
;WIDTH:0.622921
G1 X33.957 Y52.71 E.00942
G1 X186.043 Y52.71 E7.18799
G1 X186.241 Y52.688 E.00942
;WIDTH:0.579691
G1 X186.439 Y52.667 E.00872
;WIDTH:0.53646
G1 X186.638 Y52.645 E.00802
;WIDTH:0.49323
G1 X186.836 Y52.624 E.00732
;WIDTH:0.449999
G1 X187.376 Y52.624 E.01794
G1 X187.376 Y53.164 E.01794
;WIDTH:0.49323
G1 X187.355 Y53.362 E.00732
;WIDTH:0.53646
G1 X187.333 Y53.561 E.00802
;WIDTH:0.579691
G1 X187.312 Y53.759 E.00872
;WIDTH:0.622921
G1 X187.29 Y53.957 E.00942
G1 X187.29 Y166.235 E5.30655
G1 X187.312 Y166.385 E.00717
;WIDTH:0.579691
G1 X187.333 Y166.535 E.00664
;WIDTH:0.53646
G1 X187.355 Y166.686 E.00611
;WIDTH:0.49323
G1 X187.376 Y166.836 E.00557
;WIDTH:0.449999
G1 X187.376 Y167.336 E.01661
M204 T1000
G1 X187.79 Y167.79 F9000
M204 P1000
;TYPE:Outer wall
;WIDTH:0.419999
G1 F3600
G1 X32.21 Y167.79 E4.78053
G1 X32.21 Y52.21 E3.55145
G1 X187.79 Y52.21 E4.78053
G1 X187.79 Y167.75 E3.55022
M204 T2500
G1 X186.27 Y166.609 F9000
M204 P2000
;TYPE:Inner wall
;WIDTH:0.579691
G1 F5400
G1 X186.302 Y166.582 E.00187
;WIDTH:0.53646
G1 X186.378 Y166.518 E.00399
;WIDTH:0.49323
G1 X186.453 Y166.453 E.00364
;WIDTH:0.495043
G1 X186.516 Y166.38 E.00356
;WIDTH:0.540086
G1 X186.579 Y166.306 E.00391
;WIDTH:0.585129
G1 X186.641 Y166.232 E.00427
;WIDTH:0.630172
G1 X186.704 Y166.159 E.00462
G1 X186.71 Y166.043 E.00555
;WIDTH:0.622921
G1 X186.71 Y53.957 E5.29748
G1 X186.646 Y53.854 E.00572
;WIDTH:0.579691
G1 X186.582 Y53.752 E.00529
;WIDTH:0.53646
G1 X186.518 Y53.649 E.00487
;WIDTH:0.49323
G1 X186.453 Y53.547 E.00444
G1 X186.351 Y53.482 E.00444
;WIDTH:0.53646
G1 X186.248 Y53.418 E.00487
;WIDTH:0.579691
G1 X186.146 Y53.354 E.00529
;WIDTH:0.622921
G1 X186.043 Y53.29 E.00572
G1 X33.849 Y53.29 E7.19311
G1 X33.773 Y53.354 E.00468
;WIDTH:0.579691
G1 X33.698 Y53.418 E.00434
;WIDTH:0.53646
G1 X33.622 Y53.482 E.00399
;WIDTH:0.49323
G1 X33.547 Y53.547 E.00364
G1 X33.482 Y53.649 E.00444
;WIDTH:0.53646
G1 X33.418 Y53.752 E.00487
;WIDTH:0.579691
G1 X33.354 Y53.854 E.00529
;WIDTH:0.622921
G1 X33.29 Y53.957 E.00572
G1 X33.29 Y166.151 E5.3026
G1 X33.354 Y166.227 E.00468
;WIDTH:0.579691
G1 X33.418 Y166.302 E.00434
;WIDTH:0.53646
G1 X33.482 Y166.378 E.00399
;WIDTH:0.49323
G1 X33.547 Y166.453 E.00364
G1 X33.649 Y166.518 E.00444
;WIDTH:0.53646
G1 X33.752 Y166.582 E.00487
;WIDTH:0.579691
G1 X33.854 Y166.646 E.00529
;WIDTH:0.622921
G1 X33.957 Y166.71 E.00572
G1 X186.151 Y166.71 E7.19311
G1 X186.227 Y166.646 E.00468
;WIDTH:0.579691
G1 X186.239 Y166.635 E.00072
M204 T1000
G1 X186.043 Y166.21 F9000
M204 P1000
;TYPE:Outer wall
;WIDTH:0.419999
G1 F3600
G1 X186.161 Y166.161 E.00393
G1 X186.207 Y166.072 E.00309
G1 X186.21 Y53.957 E3.44497
G1 X186.161 Y53.839 E.00393
G1 X186.043 Y53.79 E.00393
G1 X33.957 Y53.79 E4.67317
G1 X33.839 Y53.839 E.00393
G1 X33.79 Y53.957 E.00393
G1 X33.79 Y166.043 E3.44408
G1 X33.839 Y166.161 E.00393
G1 X33.957 Y166.21 E.00393
G1 X186.003 Y166.21 E4.67194
M204 T2500
G1 X186.521 Y166.912 F9000
M204 P2500
;TYPE:Internal solid infill
;WIDTH:0.36947
G1 F10800
G1 X186.877 Y167.01 E.00984
G1 X187.01 Y167.01 E.00352
G1 X187.01 Y166.877 E.00352
G1 X186.912 Y166.521 E.00984
G1 X186.549 Y166.884 E.01367
G1 X186.44 Y53.083 F9000
;WIDTH:0.375024
G1 F10800
G1 X186.732 Y53.305 E.00991
G1 X186.917 Y53.56 E.00852
G1 X187.007 Y52.993 E.01553
G1 X186.48 Y53.077 E.01444
G1 X33.479 Y53.089 F9000
;WIDTH:0.373187
G1 F10800
G1 X33.123 Y52.992 E.00993
G1 X32.992 Y52.992 E.00351
G1 X33.083 Y53.562 E.01553
G1 X33.453 Y53.12 E.01551
G1 X33.562 Y166.917 F9000
G1 F10800
G1 X33.089 Y166.521 E.01659
G1 X32.992 Y166.877 E.00993
G1 X32.992 Y167.008 E.00351
G1 X33.522 Y166.923 E.01445
; stop printing object Object_1 id:94613208297312 copy 0
;LAYER_CHANGE
;Z:5
;HEIGHT:0.2
;BEFORE_LAYER_CHANGE
;5
G92 E0

G1 E-.97778 F2400
;WIPE_START
G1 F10800
G1 X32.992 Y167.008 E-.11931
G1 X32.992 Y166.877 E-.02896
G1 X33.08 Y166.556 E-.07395
;WIPE_END
;_SET_FAN_SPEED_CHANGING_LAYER
; printing object Object_1 id:94613208297312 copy 0
G1 F9000
G1 X34.0288 Y167.02 Z5.05714
G1 X34.2583 Y168.05 Z5.11429
G1 X33.5955 Y168.873 Z5.17143
G1 X32.5395 Y168.867 Z5.22857
G1 X31.8855 Y168.038 Z5.28571
G1 X32.1259 Y167.01 Z5.34286
G1 X33.0798 Y166.556 Z5.4
G1 X187.376 Y167.376 Z5.4
G1 Z5
G1 E1.2 F1800
M204 P2000
;TYPE:Inner wall
;WIDTH:0.449999
G1 F5400
G1 X186.836 Y167.376 E.01794
;WIDTH:0.49323
G1 X186.638 Y167.355 E.00732
;WIDTH:0.53646
G1 X186.439 Y167.333 E.00802
;WIDTH:0.579691
G1 X186.241 Y167.312 E.00872
;WIDTH:0.622921
G1 X186.043 Y167.29 E.00942
G1 X33.957 Y167.29 E7.18799
G1 X33.759 Y167.312 E.00942
;WIDTH:0.579691
G1 X33.561 Y167.333 E.00872
;WIDTH:0.53646
G1 X33.362 Y167.355 E.00802
;WIDTH:0.49323
G1 X33.164 Y167.376 E.00732
;WIDTH:0.449999
G1 X32.624 Y167.376 E.01793
G1 X32.624 Y166.836 E.01793
;WIDTH:0.49323
G1 X32.645 Y166.638 E.00732
;WIDTH:0.53646
G1 X32.667 Y166.439 E.00802
;WIDTH:0.579691
G1 X32.688 Y166.241 E.00872
;WIDTH:0.622921
G1 X32.71 Y166.043 E.00942
G1 X32.71 Y53.957 E5.29748
G1 X32.688 Y53.759 E.00942
;WIDTH:0.579691
G1 X32.667 Y53.561 E.00872
;WIDTH:0.53646
G1 X32.645 Y53.362 E.00802
;WIDTH:0.49323
G1 X32.624 Y53.164 E.00732
;WIDTH:0.449999
G1 X32.624 Y52.624 E.01793
G1 X33.164 Y52.624 E.01793
;WIDTH:0.49323
G1 X33.362 Y52.645 E.00732
;WIDTH:0.53646
G1 X33.561 Y52.667 E.00802
;WIDTH:0.579691
G1 X33.759 Y52.688 E.00872
;WIDTH:0.622921
G1 X33.957 Y52.71 E.00942
G1 X186.043 Y52.71 E7.18799
G1 X186.241 Y52.688 E.00942
;WIDTH:0.579691
G1 X186.439 Y52.667 E.00872
;WIDTH:0.53646
G1 X186.638 Y52.645 E.00802
;WIDTH:0.49323
G1 X186.836 Y52.624 E.00732
;WIDTH:0.449999
G1 X187.376 Y52.624 E.01794
G1 X187.376 Y53.164 E.01794
;WIDTH:0.49323
G1 X187.355 Y53.362 E.00732
;WIDTH:0.53646
G1 X187.333 Y53.561 E.00802
;WIDTH:0.579691
G1 X187.312 Y53.759 E.00872
;WIDTH:0.622921
G1 X187.29 Y53.957 E.00942
G1 X187.29 Y166.235 E5.30655
G1 X187.312 Y166.385 E.00717
;WIDTH:0.579691
G1 X187.333 Y166.535 E.00664
;WIDTH:0.53646
G1 X187.355 Y166.686 E.00611
;WIDTH:0.49323
G1 X187.376 Y166.836 E.00557
;WIDTH:0.449999
G1 X187.376 Y167.336 E.01661
M204 T1000
G1 X187.79 Y167.79 F9000
M204 P1000
;TYPE:Outer wall
;WIDTH:0.419999
G1 F3600
G1 X32.21 Y167.79 E4.78053
G1 X32.21 Y52.21 E3.55145
G1 X187.79 Y52.21 E4.78053
G1 X187.79 Y167.75 E3.55022
M204 T2500
G1 X186.27 Y166.609 F9000
M204 P2000
;TYPE:Inner wall
;WIDTH:0.579691
G1 F5400
G1 X186.302 Y166.582 E.00187
;WIDTH:0.53646
G1 X186.378 Y166.518 E.00399
;WIDTH:0.49323
G1 X186.453 Y166.453 E.00364
;WIDTH:0.495043
G1 X186.516 Y166.38 E.00356
;WIDTH:0.540086
G1 X186.579 Y166.306 E.00391
;WIDTH:0.585129
G1 X186.641 Y166.232 E.00427
;WIDTH:0.630172
G1 X186.704 Y166.159 E.00462
G1 X186.71 Y166.043 E.00555
;WIDTH:0.622921
G1 X186.71 Y53.957 E5.29748
G1 X186.646 Y53.854 E.00572
;WIDTH:0.579691
G1 X186.582 Y53.752 E.00529
;WIDTH:0.53646
G1 X186.518 Y53.649 E.00487
;WIDTH:0.49323
G1 X186.453 Y53.547 E.00444
G1 X186.351 Y53.482 E.00444
;WIDTH:0.53646
G1 X186.248 Y53.418 E.00487
;WIDTH:0.579691
G1 X186.146 Y53.354 E.00529
;WIDTH:0.622921
G1 X186.043 Y53.29 E.00572
G1 X33.849 Y53.29 E7.19311
G1 X33.773 Y53.354 E.00468
;WIDTH:0.579691
G1 X33.698 Y53.418 E.00434
;WIDTH:0.53646
G1 X33.622 Y53.482 E.00399
;WIDTH:0.49323
G1 X33.547 Y53.547 E.00364
G1 X33.482 Y53.649 E.00444
;WIDTH:0.53646
G1 X33.418 Y53.752 E.00487
;WIDTH:0.579691
G1 X33.354 Y53.854 E.00529
;WIDTH:0.622921
G1 X33.29 Y53.957 E.00572
G1 X33.29 Y166.151 E5.3026
G1 X33.354 Y166.227 E.00468
;WIDTH:0.579691
G1 X33.418 Y166.302 E.00434
;WIDTH:0.53646
G1 X33.482 Y166.378 E.00399
;WIDTH:0.49323
G1 X33.547 Y166.453 E.00364
G1 X33.649 Y166.518 E.00444
;WIDTH:0.53646
G1 X33.752 Y166.582 E.00487
;WIDTH:0.579691
G1 X33.854 Y166.646 E.00529
;WIDTH:0.622921
G1 X33.957 Y166.71 E.00572
G1 X186.151 Y166.71 E7.19311
G1 X186.227 Y166.646 E.00468
;WIDTH:0.579691
G1 X186.239 Y166.635 E.00072
M204 T1000
G1 X186.043 Y166.21 F9000
M204 P1000
;TYPE:Outer wall
;WIDTH:0.419999
G1 F3600
G1 X186.161 Y166.161 E.00393
G1 X186.207 Y166.072 E.00309
G1 X186.21 Y53.957 E3.44497
G1 X186.161 Y53.839 E.00393
G1 X186.043 Y53.79 E.00393
G1 X33.957 Y53.79 E4.67317
G1 X33.839 Y53.839 E.00393
G1 X33.79 Y53.957 E.00393
G1 X33.79 Y166.043 E3.44408
G1 X33.839 Y166.161 E.00393
G1 X33.957 Y166.21 E.00393
G1 X186.003 Y166.21 E4.67194
M204 T2500
G1 X186.521 Y166.912 F9000
M204 P2500
;TYPE:Internal solid infill
;WIDTH:0.36947
G1 F10800
G1 X186.877 Y167.01 E.00984
G1 X187.01 Y167.01 E.00352
G1 X187.01 Y166.877 E.00352
G1 X186.912 Y166.521 E.00984
G1 X186.549 Y166.884 E.01367
G1 X186.44 Y53.083 F9000
;WIDTH:0.375024
G1 F10800
G1 X186.732 Y53.305 E.00991
G1 X186.917 Y53.56 E.00852
G1 X187.007 Y52.993 E.01553
G1 X186.48 Y53.077 E.01444
G1 X33.479 Y53.089 F9000
;WIDTH:0.373187
G1 F10800
G1 X33.123 Y52.992 E.00993
G1 X32.992 Y52.992 E.00351
G1 X33.083 Y53.562 E.01553
G1 X33.453 Y53.12 E.01551
G1 X33.562 Y166.917 F9000
G1 F10800
G1 X33.089 Y166.521 E.01659
G1 X32.992 Y166.877 E.00993
G1 X32.992 Y167.008 E.00351
G1 X33.522 Y166.923 E.01445
; stop printing object Object_1 id:94613208297312 copy 0
;LAYER_CHANGE
;Z:5.2
;HEIGHT:0.2
;BEFORE_LAYER_CHANGE
;5.2
G92 E0

G1 E-.97778 F2400
;WIPE_START
G1 F10800
G1 X32.992 Y167.008 E-.11931
G1 X32.992 Y166.877 E-.02896
G1 X33.08 Y166.556 E-.07395
;WIPE_END
;_SET_FAN_SPEED_CHANGING_LAYER
; printing object Object_1 id:94613208297312 copy 0
G1 F9000
G1 X34.0288 Y167.02 Z5.25714
G1 X34.2583 Y168.05 Z5.31429
G1 X33.5955 Y168.873 Z5.37143
G1 X32.5395 Y168.867 Z5.42857
G1 X31.8855 Y168.038 Z5.48571
G1 X32.1259 Y167.01 Z5.54286
G1 X33.0798 Y166.556 Z5.6
G1 X187.376 Y167.376 Z5.6
G1 Z5.2
G1 E1.2 F1800
M204 P2000
;TYPE:Inner wall
;WIDTH:0.449999
G1 F5400
G1 X186.836 Y167.376 E.01794
;WIDTH:0.49323
G1 X186.638 Y167.355 E.00732
;WIDTH:0.53646
G1 X186.439 Y167.333 E.00802
;WIDTH:0.579691
G1 X186.241 Y167.312 E.00872
;WIDTH:0.622921
G1 X186.043 Y167.29 E.00942
G1 X33.957 Y167.29 E7.18799
G1 X33.759 Y167.312 E.00942
;WIDTH:0.579691
G1 X33.561 Y167.333 E.00872
;WIDTH:0.53646
G1 X33.362 Y167.355 E.00802
;WIDTH:0.49323
G1 X33.164 Y167.376 E.00732
;WIDTH:0.449999
G1 X32.624 Y167.376 E.01793
G1 X32.624 Y166.836 E.01793
;WIDTH:0.49323
G1 X32.645 Y166.638 E.00732
;WIDTH:0.53646
G1 X32.667 Y166.439 E.00802
;WIDTH:0.579691
G1 X32.688 Y166.241 E.00872
;WIDTH:0.622921
G1 X32.71 Y166.043 E.00942
G1 X32.71 Y53.957 E5.29748
G1 X32.688 Y53.759 E.00942
;WIDTH:0.579691
G1 X32.667 Y53.561 E.00872
;WIDTH:0.53646
G1 X32.645 Y53.362 E.00802
;WIDTH:0.49323
G1 X32.624 Y53.164 E.00732
;WIDTH:0.449999
G1 X32.624 Y52.624 E.01793
G1 X33.164 Y52.624 E.01793
;WIDTH:0.49323
G1 X33.362 Y52.645 E.00732
;WIDTH:0.53646
G1 X33.561 Y52.667 E.00802
;WIDTH:0.579691
G1 X33.759 Y52.688 E.00872
;WIDTH:0.622921
G1 X33.957 Y52.71 E.00942
G1 X186.043 Y52.71 E7.18799
G1 X186.241 Y52.688 E.00942
;WIDTH:0.579691
G1 X186.439 Y52.667 E.00872
;WIDTH:0.53646
G1 X186.638 Y52.645 E.00802
;WIDTH:0.49323
G1 X186.836 Y52.624 E.00732
;WIDTH:0.449999
G1 X187.376 Y52.624 E.01794
G1 X187.376 Y53.164 E.01794
;WIDTH:0.49323
G1 X187.355 Y53.362 E.00732
;WIDTH:0.53646
G1 X187.333 Y53.561 E.00802
;WIDTH:0.579691
G1 X187.312 Y53.759 E.00872
;WIDTH:0.622921
G1 X187.29 Y53.957 E.00942
G1 X187.29 Y166.235 E5.30655
G1 X187.312 Y166.385 E.00717
;WIDTH:0.579691
G1 X187.333 Y166.535 E.00664
;WIDTH:0.53646
G1 X187.355 Y166.686 E.00611
;WIDTH:0.49323
G1 X187.376 Y166.836 E.00557
;WIDTH:0.449999
G1 X187.376 Y167.336 E.01661
M204 T1000
G1 X187.79 Y167.79 F9000
M204 P1000
;TYPE:Outer wall
;WIDTH:0.419999
G1 F3600
G1 X32.21 Y167.79 E4.78053
G1 X32.21 Y52.21 E3.55145
G1 X187.79 Y52.21 E4.78053
G1 X187.79 Y167.75 E3.55022
M204 T2500
G1 X186.27 Y166.609 F9000
M204 P2000
;TYPE:Inner wall
;WIDTH:0.579691
G1 F5400
G1 X186.302 Y166.582 E.00187
;WIDTH:0.53646
G1 X186.378 Y166.518 E.00399
;WIDTH:0.49323
G1 X186.453 Y166.453 E.00364
;WIDTH:0.495043
G1 X186.516 Y166.38 E.00356
;WIDTH:0.540086
G1 X186.579 Y166.306 E.00391
;WIDTH:0.585129
G1 X186.641 Y166.232 E.00427
;WIDTH:0.630172
G1 X186.704 Y166.159 E.00462
G1 X186.71 Y166.043 E.00555
;WIDTH:0.622921
G1 X186.71 Y53.957 E5.29748
G1 X186.646 Y53.854 E.00572
;WIDTH:0.579691
G1 X186.582 Y53.752 E.00529
;WIDTH:0.53646
G1 X186.518 Y53.649 E.00487
;WIDTH:0.49323
G1 X186.453 Y53.547 E.00444
G1 X186.351 Y53.482 E.00444
;WIDTH:0.53646
G1 X186.248 Y53.418 E.00487
;WIDTH:0.579691
G1 X186.146 Y53.354 E.00529
;WIDTH:0.622921
G1 X186.043 Y53.29 E.00572
G1 X33.849 Y53.29 E7.19311
G1 X33.773 Y53.354 E.00468
;WIDTH:0.579691
G1 X33.698 Y53.418 E.00434
;WIDTH:0.53646
G1 X33.622 Y53.482 E.00399
;WIDTH:0.49323
G1 X33.547 Y53.547 E.00364
G1 X33.482 Y53.649 E.00444
;WIDTH:0.53646
G1 X33.418 Y53.752 E.00487
;WIDTH:0.579691
G1 X33.354 Y53.854 E.00529
;WIDTH:0.622921
G1 X33.29 Y53.957 E.00572
G1 X33.29 Y166.151 E5.3026
G1 X33.354 Y166.227 E.00468
;WIDTH:0.579691
G1 X33.418 Y166.302 E.00434
;WIDTH:0.53646
G1 X33.482 Y166.378 E.00399
;WIDTH:0.49323
G1 X33.547 Y166.453 E.00364
G1 X33.649 Y166.518 E.00444
;WIDTH:0.53646
G1 X33.752 Y166.582 E.00487
;WIDTH:0.579691
G1 X33.854 Y166.646 E.00529
;WIDTH:0.622921
G1 X33.957 Y166.71 E.00572
G1 X186.151 Y166.71 E7.19311
G1 X186.227 Y166.646 E.00468
;WIDTH:0.579691
G1 X186.239 Y166.635 E.00072
M204 T1000
G1 X186.043 Y166.21 F9000
M204 P1000
;TYPE:Outer wall
;WIDTH:0.419999
G1 F3600
G1 X186.161 Y166.161 E.00393
G1 X186.207 Y166.072 E.00309
G1 X186.21 Y53.957 E3.44497
G1 X186.161 Y53.839 E.00393
G1 X186.043 Y53.79 E.00393
G1 X33.957 Y53.79 E4.67317
G1 X33.839 Y53.839 E.00393
G1 X33.79 Y53.957 E.00393
G1 X33.79 Y166.043 E3.44408
G1 X33.839 Y166.161 E.00393
G1 X33.957 Y166.21 E.00393
G1 X186.003 Y166.21 E4.67194
M204 T2500
G1 X186.521 Y166.912 F9000
M204 P2500
;TYPE:Internal solid infill
;WIDTH:0.36947
G1 F10800
G1 X186.877 Y167.01 E.00984
G1 X187.01 Y167.01 E.00352
G1 X187.01 Y166.877 E.00352
G1 X186.912 Y166.521 E.00984
G1 X186.549 Y166.884 E.01367
G1 X186.44 Y53.083 F9000
;WIDTH:0.375024
G1 F10800
G1 X186.732 Y53.305 E.00991
G1 X186.917 Y53.56 E.00852
G1 X187.007 Y52.993 E.01553
G1 X186.48 Y53.077 E.01444
G1 X33.479 Y53.089 F9000
;WIDTH:0.373187
G1 F10800
G1 X33.123 Y52.992 E.00993
G1 X32.992 Y52.992 E.00351
G1 X33.083 Y53.562 E.01553
G1 X33.453 Y53.12 E.01551
G1 X33.562 Y166.917 F9000
G1 F10800
G1 X33.089 Y166.521 E.01659
G1 X32.992 Y166.877 E.00993
G1 X32.992 Y167.008 E.00351
G1 X33.522 Y166.923 E.01445
; stop printing object Object_1 id:94613208297312 copy 0
;LAYER_CHANGE
;Z:5.4
;HEIGHT:0.2
;BEFORE_LAYER_CHANGE
;5.4
G92 E0

G1 E-.97778 F2400
;WIPE_START
G1 F10800
G1 X32.992 Y167.008 E-.11931
G1 X32.992 Y166.877 E-.02896
G1 X33.08 Y166.556 E-.07395
;WIPE_END
;_SET_FAN_SPEED_CHANGING_LAYER
; printing object Object_1 id:94613208297312 copy 0
G1 F9000
G1 X34.0288 Y167.02 Z5.45714
G1 X34.2583 Y168.05 Z5.51429
G1 X33.5955 Y168.873 Z5.57143
G1 X32.5395 Y168.867 Z5.62857
G1 X31.8855 Y168.038 Z5.68571
G1 X32.1259 Y167.01 Z5.74286
G1 X33.0798 Y166.556 Z5.8
G1 X187.376 Y167.376 Z5.8
G1 Z5.4
G1 E1.2 F1800
M204 P2000
;TYPE:Inner wall
;WIDTH:0.449999
G1 F5400
G1 X186.836 Y167.376 E.01794
;WIDTH:0.49323
G1 X186.638 Y167.355 E.00732
;WIDTH:0.53646
G1 X186.439 Y167.333 E.00802
;WIDTH:0.579691
G1 X186.241 Y167.312 E.00872
;WIDTH:0.622921
G1 X186.043 Y167.29 E.00942
G1 X33.957 Y167.29 E7.18799
G1 X33.759 Y167.312 E.00942
;WIDTH:0.579691
G1 X33.561 Y167.333 E.00872
;WIDTH:0.53646
G1 X33.362 Y167.355 E.00802
;WIDTH:0.49323
G1 X33.164 Y167.376 E.00732
;WIDTH:0.449999
G1 X32.624 Y167.376 E.01793
G1 X32.624 Y166.836 E.01793
;WIDTH:0.49323
G1 X32.645 Y166.638 E.00732
;WIDTH:0.53646
G1 X32.667 Y166.439 E.00802
;WIDTH:0.579691
G1 X32.688 Y166.241 E.00872
;WIDTH:0.622921
G1 X32.71 Y166.043 E.00942
G1 X32.71 Y53.957 E5.29748
G1 X32.688 Y53.759 E.00942
;WIDTH:0.579691
G1 X32.667 Y53.561 E.00872
;WIDTH:0.53646
G1 X32.645 Y53.362 E.00802
;WIDTH:0.49323
G1 X32.624 Y53.164 E.00732
;WIDTH:0.449999
G1 X32.624 Y52.624 E.01793
G1 X33.164 Y52.624 E.01793
;WIDTH:0.49323
G1 X33.362 Y52.645 E.00732
;WIDTH:0.53646
G1 X33.561 Y52.667 E.00802
;WIDTH:0.579691
G1 X33.759 Y52.688 E.00872
;WIDTH:0.622921
G1 X33.957 Y52.71 E.00942
G1 X186.043 Y52.71 E7.18799
G1 X186.241 Y52.688 E.00942
;WIDTH:0.579691
G1 X186.439 Y52.667 E.00872
;WIDTH:0.53646
G1 X186.638 Y52.645 E.00802
;WIDTH:0.49323
G1 X186.836 Y52.624 E.00732
;WIDTH:0.449999
G1 X187.376 Y52.624 E.01794
G1 X187.376 Y53.164 E.01794
;WIDTH:0.49323
G1 X187.355 Y53.362 E.00732
;WIDTH:0.53646
G1 X187.333 Y53.561 E.00802
;WIDTH:0.579691
G1 X187.312 Y53.759 E.00872
;WIDTH:0.622921
G1 X187.29 Y53.957 E.00942
G1 X187.29 Y166.235 E5.30655
G1 X187.312 Y166.385 E.00717
;WIDTH:0.579691
G1 X187.333 Y166.535 E.00664
;WIDTH:0.53646
G1 X187.355 Y166.686 E.00611
;WIDTH:0.49323
G1 X187.376 Y166.836 E.00557
;WIDTH:0.449999
G1 X187.376 Y167.336 E.01661
M204 T1000
G1 X187.79 Y167.79 F9000
M204 P1000
;TYPE:Outer wall
;WIDTH:0.419999
G1 F3600
G1 X32.21 Y167.79 E4.78053
G1 X32.21 Y52.21 E3.55145
G1 X187.79 Y52.21 E4.78053
G1 X187.79 Y167.75 E3.55022
M204 T2500
G1 X186.27 Y166.609 F9000
M204 P2000
;TYPE:Inner wall
;WIDTH:0.579691
G1 F5400
G1 X186.302 Y166.582 E.00187
;WIDTH:0.53646
G1 X186.378 Y166.518 E.00399
;WIDTH:0.49323
G1 X186.453 Y166.453 E.00364
;WIDTH:0.495043
G1 X186.516 Y166.38 E.00356
;WIDTH:0.540086
G1 X186.579 Y166.306 E.00391
;WIDTH:0.585129
G1 X186.641 Y166.232 E.00427
;WIDTH:0.630172
G1 X186.704 Y166.159 E.00462
G1 X186.71 Y166.043 E.00555
;WIDTH:0.622921
G1 X186.71 Y53.957 E5.29748
G1 X186.646 Y53.854 E.00572
;WIDTH:0.579691
G1 X186.582 Y53.752 E.00529
;WIDTH:0.53646
G1 X186.518 Y53.649 E.00487
;WIDTH:0.49323
G1 X186.453 Y53.547 E.00444
G1 X186.351 Y53.482 E.00444
;WIDTH:0.53646
G1 X186.248 Y53.418 E.00487
;WIDTH:0.579691
G1 X186.146 Y53.354 E.00529
;WIDTH:0.622921
G1 X186.043 Y53.29 E.00572
G1 X33.849 Y53.29 E7.19311
G1 X33.773 Y53.354 E.00468
;WIDTH:0.579691
G1 X33.698 Y53.418 E.00434
;WIDTH:0.53646
G1 X33.622 Y53.482 E.00399
;WIDTH:0.49323
G1 X33.547 Y53.547 E.00364
G1 X33.482 Y53.649 E.00444
;WIDTH:0.53646
G1 X33.418 Y53.752 E.00487
;WIDTH:0.579691
G1 X33.354 Y53.854 E.00529
;WIDTH:0.622921
G1 X33.29 Y53.957 E.00572
G1 X33.29 Y166.151 E5.3026
G1 X33.354 Y166.227 E.00468
;WIDTH:0.579691
G1 X33.418 Y166.302 E.00434
;WIDTH:0.53646
G1 X33.482 Y166.378 E.00399
;WIDTH:0.49323
G1 X33.547 Y166.453 E.00364
G1 X33.649 Y166.518 E.00444
;WIDTH:0.53646
G1 X33.752 Y166.582 E.00487
;WIDTH:0.579691
G1 X33.854 Y166.646 E.00529
;WIDTH:0.622921
G1 X33.957 Y166.71 E.00572
G1 X186.151 Y166.71 E7.19311
G1 X186.227 Y166.646 E.00468
;WIDTH:0.579691
G1 X186.239 Y166.635 E.00072
M204 T1000
G1 X186.043 Y166.21 F9000
M204 P1000
;TYPE:Outer wall
;WIDTH:0.419999
G1 F3600
G1 X186.161 Y166.161 E.00393
G1 X186.207 Y166.072 E.00309
G1 X186.21 Y53.957 E3.44497
G1 X186.161 Y53.839 E.00393
G1 X186.043 Y53.79 E.00393
G1 X33.957 Y53.79 E4.67317
G1 X33.839 Y53.839 E.00393
G1 X33.79 Y53.957 E.00393
G1 X33.79 Y166.043 E3.44408
G1 X33.839 Y166.161 E.00393
G1 X33.957 Y166.21 E.00393
G1 X186.003 Y166.21 E4.67194
M204 T2500
G1 X186.521 Y166.912 F9000
M204 P2500
;TYPE:Internal solid infill
;WIDTH:0.36947
G1 F10800
G1 X186.877 Y167.01 E.00984
G1 X187.01 Y167.01 E.00352
G1 X187.01 Y166.877 E.00352
G1 X186.912 Y166.521 E.00984
G1 X186.549 Y166.884 E.01367
G1 X186.44 Y53.083 F9000
;WIDTH:0.375024
G1 F10800
G1 X186.732 Y53.305 E.00991
G1 X186.917 Y53.56 E.00852
G1 X187.007 Y52.993 E.01553
G1 X186.48 Y53.077 E.01444
G1 X33.479 Y53.089 F9000
;WIDTH:0.373187
G1 F10800
G1 X33.123 Y52.992 E.00993
G1 X32.992 Y52.992 E.00351
G1 X33.083 Y53.562 E.01553
G1 X33.453 Y53.12 E.01551
G1 X33.562 Y166.917 F9000
G1 F10800
G1 X33.089 Y166.521 E.01659
G1 X32.992 Y166.877 E.00993
G1 X32.992 Y167.008 E.00351
G1 X33.522 Y166.923 E.01445
; stop printing object Object_1 id:94613208297312 copy 0
;LAYER_CHANGE
;Z:5.6
;HEIGHT:0.2
;BEFORE_LAYER_CHANGE
;5.6
G92 E0

G1 E-.97778 F2400
;WIPE_START
G1 F10800
G1 X32.992 Y167.008 E-.11931
G1 X32.992 Y166.877 E-.02896
G1 X33.08 Y166.556 E-.07395
;WIPE_END
;_SET_FAN_SPEED_CHANGING_LAYER
; printing object Object_1 id:94613208297312 copy 0
G1 F9000
G1 X34.0288 Y167.02 Z5.65714
G1 X34.2583 Y168.05 Z5.71429
G1 X33.5955 Y168.873 Z5.77143
G1 X32.5395 Y168.867 Z5.82857
G1 X31.8855 Y168.038 Z5.88571
G1 X32.1259 Y167.01 Z5.94286
G1 X33.0798 Y166.556 Z6
G1 X187.376 Y167.376 Z6
G1 Z5.6
G1 E1.2 F1800
M204 P2000
;TYPE:Inner wall
;WIDTH:0.449999
G1 F5400
G1 X186.836 Y167.376 E.01794
;WIDTH:0.49323
G1 X186.638 Y167.355 E.00732
;WIDTH:0.53646
G1 X186.439 Y167.333 E.00802
;WIDTH:0.579691
G1 X186.241 Y167.312 E.00872
;WIDTH:0.622921
G1 X186.043 Y167.29 E.00942
G1 X33.957 Y167.29 E7.18799
G1 X33.759 Y167.312 E.00942
;WIDTH:0.579691
G1 X33.561 Y167.333 E.00872
;WIDTH:0.53646
G1 X33.362 Y167.355 E.00802
;WIDTH:0.49323
G1 X33.164 Y167.376 E.00732
;WIDTH:0.449999
G1 X32.624 Y167.376 E.01793
G1 X32.624 Y166.836 E.01793
;WIDTH:0.49323
G1 X32.645 Y166.638 E.00732
;WIDTH:0.53646
G1 X32.667 Y166.439 E.00802
;WIDTH:0.579691
G1 X32.688 Y166.241 E.00872
;WIDTH:0.622921
G1 X32.71 Y166.043 E.00942
G1 X32.71 Y53.957 E5.29748
G1 X32.688 Y53.759 E.00942
;WIDTH:0.579691
G1 X32.667 Y53.561 E.00872
;WIDTH:0.53646
G1 X32.645 Y53.362 E.00802
;WIDTH:0.49323
G1 X32.624 Y53.164 E.00732
;WIDTH:0.449999
G1 X32.624 Y52.624 E.01793
G1 X33.164 Y52.624 E.01793
;WIDTH:0.49323
G1 X33.362 Y52.645 E.00732
;WIDTH:0.53646
G1 X33.561 Y52.667 E.00802
;WIDTH:0.579691
G1 X33.759 Y52.688 E.00872
;WIDTH:0.622921
G1 X33.957 Y52.71 E.00942
G1 X186.043 Y52.71 E7.18799
G1 X186.241 Y52.688 E.00942
;WIDTH:0.579691
G1 X186.439 Y52.667 E.00872
;WIDTH:0.53646
G1 X186.638 Y52.645 E.00802
;WIDTH:0.49323
G1 X186.836 Y52.624 E.00732
;WIDTH:0.449999
G1 X187.376 Y52.624 E.01794
G1 X187.376 Y53.164 E.01794
;WIDTH:0.49323
G1 X187.355 Y53.362 E.00732
;WIDTH:0.53646
G1 X187.333 Y53.561 E.00802
;WIDTH:0.579691
G1 X187.312 Y53.759 E.00872
;WIDTH:0.622921
G1 X187.29 Y53.957 E.00942
G1 X187.29 Y166.235 E5.30655
G1 X187.312 Y166.385 E.00717
;WIDTH:0.579691
G1 X187.333 Y166.535 E.00664
;WIDTH:0.53646
G1 X187.355 Y166.686 E.00611
;WIDTH:0.49323
G1 X187.376 Y166.836 E.00557
;WIDTH:0.449999
G1 X187.376 Y167.336 E.01661
M204 T1000
G1 X187.79 Y167.79 F9000
M204 P1000
;TYPE:Outer wall
;WIDTH:0.419999
G1 F3600
G1 X32.21 Y167.79 E4.78053
G1 X32.21 Y52.21 E3.55145
G1 X187.79 Y52.21 E4.78053
G1 X187.79 Y167.75 E3.55022
M204 T2500
G1 X186.27 Y166.609 F9000
M204 P2000
;TYPE:Inner wall
;WIDTH:0.579691
G1 F5400
G1 X186.302 Y166.582 E.00187
;WIDTH:0.53646
G1 X186.378 Y166.518 E.00399
;WIDTH:0.49323
G1 X186.453 Y166.453 E.00364
;WIDTH:0.495043
G1 X186.516 Y166.38 E.00356
;WIDTH:0.540086
G1 X186.579 Y166.306 E.00391
;WIDTH:0.585129
G1 X186.641 Y166.232 E.00427
;WIDTH:0.630172
G1 X186.704 Y166.159 E.00462
G1 X186.71 Y166.043 E.00555
;WIDTH:0.622921
G1 X186.71 Y53.957 E5.29748
G1 X186.646 Y53.854 E.00572
;WIDTH:0.579691
G1 X186.582 Y53.752 E.00529
;WIDTH:0.53646
G1 X186.518 Y53.649 E.00487
;WIDTH:0.49323
G1 X186.453 Y53.547 E.00444
G1 X186.351 Y53.482 E.00444
;WIDTH:0.53646
G1 X186.248 Y53.418 E.00487
;WIDTH:0.579691
G1 X186.146 Y53.354 E.00529
;WIDTH:0.622921
G1 X186.043 Y53.29 E.00572
G1 X33.849 Y53.29 E7.19311
G1 X33.773 Y53.354 E.00468
;WIDTH:0.579691
G1 X33.698 Y53.418 E.00434
;WIDTH:0.53646
G1 X33.622 Y53.482 E.00399
;WIDTH:0.49323
G1 X33.547 Y53.547 E.00364
G1 X33.482 Y53.649 E.00444
;WIDTH:0.53646
G1 X33.418 Y53.752 E.00487
;WIDTH:0.579691
G1 X33.354 Y53.854 E.00529
;WIDTH:0.622921
G1 X33.29 Y53.957 E.00572
G1 X33.29 Y166.151 E5.3026
G1 X33.354 Y166.227 E.00468
;WIDTH:0.579691
G1 X33.418 Y166.302 E.00434
;WIDTH:0.53646
G1 X33.482 Y166.378 E.00399
;WIDTH:0.49323
G1 X33.547 Y166.453 E.00364
G1 X33.649 Y166.518 E.00444
;WIDTH:0.53646
G1 X33.752 Y166.582 E.00487
;WIDTH:0.579691
G1 X33.854 Y166.646 E.00529
;WIDTH:0.622921
G1 X33.957 Y166.71 E.00572
G1 X186.151 Y166.71 E7.19311
G1 X186.227 Y166.646 E.00468
;WIDTH:0.579691
G1 X186.239 Y166.635 E.00072
M204 T1000
G1 X186.043 Y166.21 F9000
M204 P1000
;TYPE:Outer wall
;WIDTH:0.419999
G1 F3600
G1 X186.161 Y166.161 E.00393
G1 X186.207 Y166.072 E.00309
G1 X186.21 Y53.957 E3.44497
G1 X186.161 Y53.839 E.00393
G1 X186.043 Y53.79 E.00393
G1 X33.957 Y53.79 E4.67317
G1 X33.839 Y53.839 E.00393
G1 X33.79 Y53.957 E.00393
G1 X33.79 Y166.043 E3.44408
G1 X33.839 Y166.161 E.00393
G1 X33.957 Y166.21 E.00393
G1 X186.003 Y166.21 E4.67194
M204 T2500
G1 X186.521 Y166.912 F9000
M204 P2500
;TYPE:Internal solid infill
;WIDTH:0.36947
G1 F10800
G1 X186.877 Y167.01 E.00984
G1 X187.01 Y167.01 E.00352
G1 X187.01 Y166.877 E.00352
G1 X186.912 Y166.521 E.00984
G1 X186.549 Y166.884 E.01367
G1 X186.44 Y53.083 F9000
;WIDTH:0.375024
G1 F10800
G1 X186.732 Y53.305 E.00991
G1 X186.917 Y53.56 E.00852
G1 X187.007 Y52.993 E.01553
G1 X186.48 Y53.077 E.01444
G1 X33.479 Y53.089 F9000
;WIDTH:0.373187
G1 F10800
G1 X33.123 Y52.992 E.00993
G1 X32.992 Y52.992 E.00351
G1 X33.083 Y53.562 E.01553
G1 X33.453 Y53.12 E.01551
G1 X33.562 Y166.917 F9000
G1 F10800
G1 X33.089 Y166.521 E.01659
G1 X32.992 Y166.877 E.00993
G1 X32.992 Y167.008 E.00351
G1 X33.522 Y166.923 E.01445
; stop printing object Object_1 id:94613208297312 copy 0
;LAYER_CHANGE
;Z:5.8
;HEIGHT:0.2
;BEFORE_LAYER_CHANGE
;5.8
G92 E0

G1 E-.97778 F2400
;WIPE_START
G1 F10800
G1 X32.992 Y167.008 E-.11931
G1 X32.992 Y166.877 E-.02896
G1 X33.08 Y166.556 E-.07395
;WIPE_END
;_SET_FAN_SPEED_CHANGING_LAYER
; printing object Object_1 id:94613208297312 copy 0
G1 F9000
G1 X34.0288 Y167.02 Z5.85714
G1 X34.2583 Y168.05 Z5.91429
G1 X33.5955 Y168.873 Z5.97143
G1 X32.5395 Y168.867 Z6.02857
G1 X31.8855 Y168.038 Z6.08571
G1 X32.1259 Y167.01 Z6.14286
G1 X33.0798 Y166.556 Z6.2
G1 X187.376 Y167.376 Z6.2
G1 Z5.8
G1 E1.2 F1800
M204 P2000
;TYPE:Inner wall
;WIDTH:0.449999
G1 F5400
G1 X186.836 Y167.376 E.01794
;WIDTH:0.49323
G1 X186.638 Y167.355 E.00732
;WIDTH:0.53646
G1 X186.439 Y167.333 E.00802
;WIDTH:0.579691
G1 X186.241 Y167.312 E.00872
;WIDTH:0.622921
G1 X186.043 Y167.29 E.00942
G1 X33.957 Y167.29 E7.18799
G1 X33.759 Y167.312 E.00942
;WIDTH:0.579691
G1 X33.561 Y167.333 E.00872
;WIDTH:0.53646
G1 X33.362 Y167.355 E.00802
;WIDTH:0.49323
G1 X33.164 Y167.376 E.00732
;WIDTH:0.449999
G1 X32.624 Y167.376 E.01793
G1 X32.624 Y166.836 E.01793
;WIDTH:0.49323
G1 X32.645 Y166.638 E.00732
;WIDTH:0.53646
G1 X32.667 Y166.439 E.00802
;WIDTH:0.579691
G1 X32.688 Y166.241 E.00872
;WIDTH:0.622921
G1 X32.71 Y166.043 E.00942
G1 X32.71 Y53.957 E5.29748
G1 X32.688 Y53.759 E.00942
;WIDTH:0.579691
G1 X32.667 Y53.561 E.00872
;WIDTH:0.53646
G1 X32.645 Y53.362 E.00802
;WIDTH:0.49323
G1 X32.624 Y53.164 E.00732
;WIDTH:0.449999
G1 X32.624 Y52.624 E.01793
G1 X33.164 Y52.624 E.01793
;WIDTH:0.49323
G1 X33.362 Y52.645 E.00732
;WIDTH:0.53646
G1 X33.561 Y52.667 E.00802
;WIDTH:0.579691
G1 X33.759 Y52.688 E.00872
;WIDTH:0.622921
G1 X33.957 Y52.71 E.00942
G1 X186.043 Y52.71 E7.18799
G1 X186.241 Y52.688 E.00942
;WIDTH:0.579691
G1 X186.439 Y52.667 E.00872
;WIDTH:0.53646
G1 X186.638 Y52.645 E.00802
;WIDTH:0.49323
G1 X186.836 Y52.624 E.00732
;WIDTH:0.449999
G1 X187.376 Y52.624 E.01794
G1 X187.376 Y53.164 E.01794
;WIDTH:0.49323
G1 X187.355 Y53.362 E.00732
;WIDTH:0.53646
G1 X187.333 Y53.561 E.00802
;WIDTH:0.579691
G1 X187.312 Y53.759 E.00872
;WIDTH:0.622921
G1 X187.29 Y53.957 E.00942
G1 X187.29 Y166.235 E5.30655
G1 X187.312 Y166.385 E.00717
;WIDTH:0.579691
G1 X187.333 Y166.535 E.00664
;WIDTH:0.53646
G1 X187.355 Y166.686 E.00611
;WIDTH:0.49323
G1 X187.376 Y166.836 E.00557
;WIDTH:0.449999
G1 X187.376 Y167.336 E.01661
M204 T1000
G1 X187.79 Y167.79 F9000
M204 P1000
;TYPE:Outer wall
;WIDTH:0.419999
G1 F3600
G1 X32.21 Y167.79 E4.78053
G1 X32.21 Y52.21 E3.55145
G1 X187.79 Y52.21 E4.78053
G1 X187.79 Y167.75 E3.55022
M204 T2500
G1 X186.27 Y166.609 F9000
M204 P2000
;TYPE:Inner wall
;WIDTH:0.579691
G1 F5400
G1 X186.302 Y166.582 E.00187
;WIDTH:0.53646
G1 X186.378 Y166.518 E.00399
;WIDTH:0.49323
G1 X186.453 Y166.453 E.00364
;WIDTH:0.495043
G1 X186.516 Y166.38 E.00356
;WIDTH:0.540086
G1 X186.579 Y166.306 E.00391
;WIDTH:0.585129
G1 X186.641 Y166.232 E.00427
;WIDTH:0.630172
G1 X186.704 Y166.159 E.00462
G1 X186.71 Y166.043 E.00555
;WIDTH:0.622921
G1 X186.71 Y53.957 E5.29748
G1 X186.646 Y53.854 E.00572
;WIDTH:0.579691
G1 X186.582 Y53.752 E.00529
;WIDTH:0.53646
G1 X186.518 Y53.649 E.00487
;WIDTH:0.49323
G1 X186.453 Y53.547 E.00444
G1 X186.351 Y53.482 E.00444
;WIDTH:0.53646
G1 X186.248 Y53.418 E.00487
;WIDTH:0.579691
G1 X186.146 Y53.354 E.00529
;WIDTH:0.622921
G1 X186.043 Y53.29 E.00572
G1 X33.849 Y53.29 E7.19311
G1 X33.773 Y53.354 E.00468
;WIDTH:0.579691
G1 X33.698 Y53.418 E.00434
;WIDTH:0.53646
G1 X33.622 Y53.482 E.00399
;WIDTH:0.49323
G1 X33.547 Y53.547 E.00364
G1 X33.482 Y53.649 E.00444
;WIDTH:0.53646
G1 X33.418 Y53.752 E.00487
;WIDTH:0.579691
G1 X33.354 Y53.854 E.00529
;WIDTH:0.622921
G1 X33.29 Y53.957 E.00572
G1 X33.29 Y166.151 E5.3026
G1 X33.354 Y166.227 E.00468
;WIDTH:0.579691
G1 X33.418 Y166.302 E.00434
;WIDTH:0.53646
G1 X33.482 Y166.378 E.00399
;WIDTH:0.49323
G1 X33.547 Y166.453 E.00364
G1 X33.649 Y166.518 E.00444
;WIDTH:0.53646
G1 X33.752 Y166.582 E.00487
;WIDTH:0.579691
G1 X33.854 Y166.646 E.00529
;WIDTH:0.622921
G1 X33.957 Y166.71 E.00572
G1 X186.151 Y166.71 E7.19311
G1 X186.227 Y166.646 E.00468
;WIDTH:0.579691
G1 X186.239 Y166.635 E.00072
M204 T1000
G1 X186.043 Y166.21 F9000
M204 P1000
;TYPE:Outer wall
;WIDTH:0.419999
G1 F3600
G1 X186.161 Y166.161 E.00393
G1 X186.207 Y166.072 E.00309
G1 X186.21 Y53.957 E3.44497
G1 X186.161 Y53.839 E.00393
G1 X186.043 Y53.79 E.00393
G1 X33.957 Y53.79 E4.67317
G1 X33.839 Y53.839 E.00393
G1 X33.79 Y53.957 E.00393
G1 X33.79 Y166.043 E3.44408
G1 X33.839 Y166.161 E.00393
G1 X33.957 Y166.21 E.00393
G1 X186.003 Y166.21 E4.67194
M204 T2500
G1 X186.521 Y166.912 F9000
M204 P2500
;TYPE:Internal solid infill
;WIDTH:0.36947
G1 F10800
G1 X186.877 Y167.01 E.00984
G1 X187.01 Y167.01 E.00352
G1 X187.01 Y166.877 E.00352
G1 X186.912 Y166.521 E.00984
G1 X186.549 Y166.884 E.01367
G1 X186.44 Y53.083 F9000
;WIDTH:0.375024
G1 F10800
G1 X186.732 Y53.305 E.00991
G1 X186.917 Y53.56 E.00852
G1 X187.007 Y52.993 E.01553
G1 X186.48 Y53.077 E.01444
G1 X33.479 Y53.089 F9000
;WIDTH:0.373187
G1 F10800
G1 X33.123 Y52.992 E.00993
G1 X32.992 Y52.992 E.00351
G1 X33.083 Y53.562 E.01553
G1 X33.453 Y53.12 E.01551
G1 X33.562 Y166.917 F9000
G1 F10800
G1 X33.089 Y166.521 E.01659
G1 X32.992 Y166.877 E.00993
G1 X32.992 Y167.008 E.00351
G1 X33.522 Y166.923 E.01445
; stop printing object Object_1 id:94613208297312 copy 0
;LAYER_CHANGE
;Z:6
;HEIGHT:0.2
;BEFORE_LAYER_CHANGE
;6
G92 E0

G1 E-.97778 F2400
;WIPE_START
G1 F10800
G1 X32.992 Y167.008 E-.11931
G1 X32.992 Y166.877 E-.02896
G1 X33.08 Y166.556 E-.07395
;WIPE_END
;_SET_FAN_SPEED_CHANGING_LAYER
; printing object Object_1 id:94613208297312 copy 0
G1 F9000
G1 X34.0288 Y167.02 Z6.05714
G1 X34.2583 Y168.05 Z6.11429
G1 X33.5955 Y168.873 Z6.17143
G1 X32.5395 Y168.867 Z6.22857
G1 X31.8855 Y168.038 Z6.28571
G1 X32.1259 Y167.01 Z6.34286
G1 X33.0798 Y166.556 Z6.4
G1 X187.376 Y167.376 Z6.4
G1 Z6
G1 E1.2 F1800
M204 P2000
;TYPE:Inner wall
;WIDTH:0.449999
G1 F5400
G1 X186.836 Y167.376 E.01794
;WIDTH:0.49323
G1 X186.638 Y167.355 E.00732
;WIDTH:0.53646
G1 X186.439 Y167.333 E.00802
;WIDTH:0.579691
G1 X186.241 Y167.312 E.00872
;WIDTH:0.622921
G1 X186.043 Y167.29 E.00942
G1 X33.957 Y167.29 E7.18799
G1 X33.759 Y167.312 E.00942
;WIDTH:0.579691
G1 X33.561 Y167.333 E.00872
;WIDTH:0.53646
G1 X33.362 Y167.355 E.00802
;WIDTH:0.49323
G1 X33.164 Y167.376 E.00732
;WIDTH:0.449999
G1 X32.624 Y167.376 E.01793
G1 X32.624 Y166.836 E.01793
;WIDTH:0.49323
G1 X32.645 Y166.638 E.00732
;WIDTH:0.53646
G1 X32.667 Y166.439 E.00802
;WIDTH:0.579691
G1 X32.688 Y166.241 E.00872
;WIDTH:0.622921
G1 X32.71 Y166.043 E.00942
G1 X32.71 Y53.957 E5.29748
G1 X32.688 Y53.759 E.00942
;WIDTH:0.579691
G1 X32.667 Y53.561 E.00872
;WIDTH:0.53646
G1 X32.645 Y53.362 E.00802
;WIDTH:0.49323
G1 X32.624 Y53.164 E.00732
;WIDTH:0.449999
G1 X32.624 Y52.624 E.01793
G1 X33.164 Y52.624 E.01793
;WIDTH:0.49323
G1 X33.362 Y52.645 E.00732
;WIDTH:0.53646
G1 X33.561 Y52.667 E.00802
;WIDTH:0.579691
G1 X33.759 Y52.688 E.00872
;WIDTH:0.622921
G1 X33.957 Y52.71 E.00942
G1 X186.043 Y52.71 E7.18799
G1 X186.241 Y52.688 E.00942
;WIDTH:0.579691
G1 X186.439 Y52.667 E.00872
;WIDTH:0.53646
G1 X186.638 Y52.645 E.00802
;WIDTH:0.49323
G1 X186.836 Y52.624 E.00732
;WIDTH:0.449999
G1 X187.376 Y52.624 E.01794
G1 X187.376 Y53.164 E.01794
;WIDTH:0.49323
G1 X187.355 Y53.362 E.00732
;WIDTH:0.53646
G1 X187.333 Y53.561 E.00802
;WIDTH:0.579691
G1 X187.312 Y53.759 E.00872
;WIDTH:0.622921
G1 X187.29 Y53.957 E.00942
G1 X187.29 Y166.235 E5.30655
G1 X187.312 Y166.385 E.00717
;WIDTH:0.579691
G1 X187.333 Y166.535 E.00664
;WIDTH:0.53646
G1 X187.355 Y166.686 E.00611
;WIDTH:0.49323
G1 X187.376 Y166.836 E.00557
;WIDTH:0.449999
G1 X187.376 Y167.336 E.01661
M204 T1000
G1 X187.79 Y167.79 F9000
M204 P1000
;TYPE:Outer wall
;WIDTH:0.419999
G1 F3600
G1 X32.21 Y167.79 E4.78053
G1 X32.21 Y52.21 E3.55145
G1 X187.79 Y52.21 E4.78053
G1 X187.79 Y167.75 E3.55022
M204 T2500
G1 X186.27 Y166.609 F9000
M204 P2000
;TYPE:Inner wall
;WIDTH:0.579691
G1 F5400
G1 X186.302 Y166.582 E.00187
;WIDTH:0.53646
G1 X186.378 Y166.518 E.00399
;WIDTH:0.49323
G1 X186.453 Y166.453 E.00364
;WIDTH:0.495043
G1 X186.516 Y166.38 E.00356
;WIDTH:0.540086
G1 X186.579 Y166.306 E.00391
;WIDTH:0.585129
G1 X186.641 Y166.232 E.00427
;WIDTH:0.630172
G1 X186.704 Y166.159 E.00462
G1 X186.71 Y166.043 E.00555
;WIDTH:0.622921
G1 X186.71 Y53.957 E5.29748
G1 X186.646 Y53.854 E.00572
;WIDTH:0.579691
G1 X186.582 Y53.752 E.00529
;WIDTH:0.53646
G1 X186.518 Y53.649 E.00487
;WIDTH:0.49323
G1 X186.453 Y53.547 E.00444
G1 X186.351 Y53.482 E.00444
;WIDTH:0.53646
G1 X186.248 Y53.418 E.00487
;WIDTH:0.579691
G1 X186.146 Y53.354 E.00529
;WIDTH:0.622921
G1 X186.043 Y53.29 E.00572
G1 X33.849 Y53.29 E7.19311
G1 X33.773 Y53.354 E.00468
;WIDTH:0.579691
G1 X33.698 Y53.418 E.00434
;WIDTH:0.53646
G1 X33.622 Y53.482 E.00399
;WIDTH:0.49323
G1 X33.547 Y53.547 E.00364
G1 X33.482 Y53.649 E.00444
;WIDTH:0.53646
G1 X33.418 Y53.752 E.00487
;WIDTH:0.579691
G1 X33.354 Y53.854 E.00529
;WIDTH:0.622921
G1 X33.29 Y53.957 E.00572
G1 X33.29 Y166.151 E5.3026
G1 X33.354 Y166.227 E.00468
;WIDTH:0.579691
G1 X33.418 Y166.302 E.00434
;WIDTH:0.53646
G1 X33.482 Y166.378 E.00399
;WIDTH:0.49323
G1 X33.547 Y166.453 E.00364
G1 X33.649 Y166.518 E.00444
;WIDTH:0.53646
G1 X33.752 Y166.582 E.00487
;WIDTH:0.579691
G1 X33.854 Y166.646 E.00529
;WIDTH:0.622921
G1 X33.957 Y166.71 E.00572
G1 X186.151 Y166.71 E7.19311
G1 X186.227 Y166.646 E.00468
;WIDTH:0.579691
G1 X186.239 Y166.635 E.00072
M204 T1000
G1 X186.043 Y166.21 F9000
M204 P1000
;TYPE:Outer wall
;WIDTH:0.419999
G1 F3600
G1 X186.161 Y166.161 E.00393
G1 X186.207 Y166.072 E.00309
G1 X186.21 Y53.957 E3.44497
G1 X186.161 Y53.839 E.00393
G1 X186.043 Y53.79 E.00393
G1 X33.957 Y53.79 E4.67317
G1 X33.839 Y53.839 E.00393
G1 X33.79 Y53.957 E.00393
G1 X33.79 Y166.043 E3.44408
G1 X33.839 Y166.161 E.00393
G1 X33.957 Y166.21 E.00393
G1 X186.003 Y166.21 E4.67194
M204 T2500
G1 X186.443 Y167.146 F9000
M204 P2500
;TYPE:Top surface
;WIDTH:0.495415
G1 F3000
G1 X187.146 Y166.443 E.03666
G1 E-.84 F2400
;WIPE_START
G1 F3000
G1 X186.443 Y167.146 E-.36
;WIPE_END
G1 F9000
G1 X186.908 Y166.198 Z6.05714
G1 X187.939 Y165.97 Z6.11429
G1 X188.76 Y166.635 Z6.17143
G1 X188.753 Y167.691 Z6.22857
G1 X187.922 Y168.343 Z6.28571
G1 X186.895 Y168.101 Z6.34286
G1 X186.443 Y167.146 Z6.4
G1 X187.256 Y53.057 Z6.4
G1 Z6
G1 E1.2 F1800
;WIDTH:0.485456
G1 F3000
G1 X186.67 Y53.643 E.0299
G1 X186.357 Y53.33 F9000
G1 F3000
G1 X186.943 Y52.744 E.02989
G1 E-.84 F2400
;WIPE_START
G1 F3000
G1 X186.357 Y53.33 E-.36
;WIPE_END
G1 F9000
G1 X185.405 Y52.8731 Z6.05714
G1 X185.169 Y51.8438 Z6.11429
G1 X185.826 Y51.0174 Z6.17143
G1 X186.882 Y51.0164 Z6.22857
G1 X187.542 Y51.8413 Z6.28571
G1 X187.308 Y52.8711 Z6.34286
G1 X186.357 Y53.3303 Z6.4
G1 X32.813 Y53.487 Z6.4
G1 Z6
G1 E1.2 F1800
;WIDTH:0.443371
G1 F3000
G1 X33.471 Y52.829 E.03038
G1 E-.84 F2400
;WIPE_START
G1 F3000
G1 X32.813 Y53.487 E-.36
;WIPE_END
G1 F9000
G1 X32.3572 Y54.4401 Z6.05714
G1 X31.3283 Y54.6781 Z6.11429
G1 X30.5008 Y54.022 Z6.17143
G1 X30.4977 Y52.966 Z6.22857
G1 X31.3215 Y52.3052 Z6.28571
G1 X32.3517 Y52.5372 Z6.34286
G1 X32.8127 Y53.4873 Z6.4
G1 X33.142 Y167.256 Z6.4
G1 Z6
G1 E1.2 F1800
;WIDTH:0.445568
G1 F3000
G1 X33.692 Y166.705 E.02555
G1 X33.374 Y166.454 F9000
G1 F3000
G1 X32.744 Y167.084 E.02925
; stop printing object Object_1 id:94613208297312 copy 0
G1 E-.84 F2400
;WIPE_START
G1 F3000
G1 X33.374 Y166.454 E-.36
;WIPE_END
M106 S0
;TYPE:Custom
; filament end gcode 
G91 ;Relative positionning 
G1 E-2 F2700 ;Retract a bit 
G1 E-2 Z0.2 F2400 ;Retract and raise Z 
G1 X5 Y5 F3000 ;Wipe out 
G1 Z10 ;Raise Z more 
G90 ;Absolute positionning 
 
G1 X0 Y220 ;Present print 
M106 S0 ;Turn-off fan 
M104 S0 ;Turn-off hotend 
M140 S0 ;Turn-off bed 
 
M84 X Y E ;Disable all steppers but Z
; EXECUTABLE_BLOCK_END

; filament used [mm] = 10447.07
; filament used [cm3] = 25.13
; filament used [g] = 31.16
; filament cost = 0.62
; total filament used [g] = 31.16
; total filament cost = 0.62
; total layers count = 30
; estimated printing time (normal mode) = 1h 3m 58s
; estimated first layer printing time (normal mode) = 12s

; CONFIG_BLOCK_START
; accel_to_decel_enable = 1
; accel_to_decel_factor = 50%
; activate_air_filtration = 0
; activate_air_filtration_during_print = 1
; activate_air_filtration_on_completion = 1
; activate_chamber_temp_control = 0
; adaptive_bed_mesh_margin = 0
; adaptive_pressure_advance = 0
; adaptive_pressure_advance_bridges = 0
; adaptive_pressure_advance_model = "0,0,0\n0,0,0"
; adaptive_pressure_advance_overhangs = 0
; additional_cooling_fan_speed = 70
; additional_fan_full_speed_layer = 0
; align_infill_direction_to_model = 0
; alternate_extra_wall = 0
; auxiliary_fan = 0
; bbl_calib_mark_logo = 1
; bbl_use_printhost = 0
; bed_custom_model = 
; bed_custom_texture = 
; bed_exclude_area = 0x0
; bed_mesh_max = 99999,99999
; bed_mesh_min = -99999,-99999
; bed_mesh_probe_distance = 50,50
; bed_temperature_formula = by_highest_temp
; before_layer_change_gcode = ;BEFORE_LAYER_CHANGE\n;[layer_z]\nG92 E0\n
; best_object_pos = 0.5,0.5
; bottom_shell_layers = 4
; bottom_shell_thickness = 0
; bottom_solid_infill_flow_ratio = 1
; bottom_surface_density = 100%
; bottom_surface_filament_id = 0
; bottom_surface_pattern = monotonic
; bridge_acceleration = 50%
; bridge_angle = 0
; bridge_density = 100%
; bridge_flow = 0.95
; bridge_line_width = 100%
; bridge_no_support = 0
; bridge_speed = 100
; brim_ears_detection_length = 1
; brim_ears_max_angle = 125
; brim_flow_ratio = 1
; brim_object_gap = 0.1
; brim_type = no_brim
; brim_use_efc_outline = 0
; brim_width = 5
; calib_flowrate_topinfill_special_order = 0
; chamber_minimal_temperature = 0
; chamber_temperature = 0
; change_extrusion_role_gcode = 
; change_filament_gcode = M600
; close_additional_fan_first_x_layers = 1
; close_fan_the_first_x_layers = 1
; combine_brims = 0
; complete_print_exhaust_fan_speed = 80
; cool_plate_temp = 55
; cool_plate_temp_initial_layer = 55
; cooling_tube_length = 5
; cooling_tube_retraction = 91.5
; counterbore_hole_bridging = none
; curr_bed_type = High Temp Plate
; default_acceleration = 2500
; default_bed_type = 
; default_filament_colour = ""
; default_filament_profile = "Creality Generic PLA @Ender-3V3-all"
; default_jerk = 0
; default_junction_deviation = 0
; default_nozzle_volume_type = Standard
; default_print_profile = 0.20mm Standard @Creality Ender3V3SE 0.4
; deretraction_speed = 30
; detect_narrow_internal_solid_infill = 1
; detect_overhang_wall = 1
; detect_thin_wall = 1
; different_settings_to_system = enable_support;support_style;support_type;tree_support_top_rate;;
; disable_m73 = 1
; dont_filter_internal_bridges = disabled
; dont_slow_down_outer_wall = 0
; draft_shield = disabled
; during_print_exhaust_fan_speed = 60
; elefant_foot_compensation = 0
; elefant_foot_compensation_layers = 1
; elefant_foot_layers_density = 100%
; emit_machine_limits_to_gcode = 1
; enable_arc_fitting = 0
; enable_extra_bridge_layer = disabled
; enable_filament_ramming = 1
; enable_long_retraction_when_cut = 0
; enable_overhang_bridge_fan = 1
; enable_overhang_speed = 1
; enable_power_loss_recovery = printer_configuration
; enable_pressure_advance = 0
; enable_prime_tower = 0
; enable_support = 1
; enable_tower_interface_cooldown_during_tower = 0
; enable_tower_interface_features = 0
; enable_wrapping_detection = 0
; enforce_support_layers = 0
; eng_plate_temp = 55
; eng_plate_temp_initial_layer = 55
; ensure_vertical_shell_thickness = ensure_all
; exclude_object = 0
; extra_loading_move = -2
; extra_perimeters_on_overhangs = 0
; extra_solid_infills = 
; extruder_ams_count = 1#0|4#0;1#0|4#0
; extruder_clearance_height_to_lid = 34
; extruder_clearance_height_to_rod = 47
; extruder_clearance_radius = 90
; extruder_colour = #26A69A
; extruder_offset = 0x0
; extruder_printable_area = 
; extruder_printable_height = 0
; extruder_type = Direct Drive
; extruder_variant_list = "Direct Drive Standard"
; extrusion_rate_smoothing_external_perimeter_only = 0
; fan_cooling_layer_time = 100
; fan_kickstart = 0
; fan_max_speed = 100
; fan_min_speed = 100
; fan_speedup_overhangs = 1
; fan_speedup_time = 0
; filament_adaptive_volumetric_speed = 0
; filament_adhesiveness_category = 0
; filament_change_extrusion_role_gcode = ""
; filament_change_length = 10
; filament_colour = #26A69A
; filament_colour_type = 1
; filament_cooling_before_tower = 10
; filament_cooling_final_speed = 3.4
; filament_cooling_initial_speed = 2.2
; filament_cooling_moves = 4
; filament_cost = 20
; filament_density = 1.24
; filament_diameter = 1.75
; filament_end_gcode = "; filament end gcode \n"
; filament_extruder_variant = "Direct Drive Standard"
; filament_flow_ratio = 0.98
; filament_flush_temp = 0
; filament_flush_volumetric_speed = 0
; filament_ids = GFL99
; filament_is_support = 0
; filament_loading_speed = 28
; filament_loading_speed_start = 3
; filament_map = 1
; filament_map_mode = Auto For Flush
; filament_max_volumetric_speed = 18
; filament_minimal_purge_on_wipe_tower = 15
; filament_multi_colour = #26A69A
; filament_multitool_ramming = 0
; filament_multitool_ramming_flow = 10
; filament_multitool_ramming_volume = 10
; filament_notes = ""
; filament_printable = 3
; filament_ramming_parameters = "120 100 6.6 6.8 7.2 7.6 7.9 8.2 8.7 9.4 9.9 10.0| 0.05 6.6 0.45 6.8 0.95 7.8 1.45 8.3 1.95 9.7 2.45 10 2.95 7.6 3.45 7.6 3.95 7.6 4.45 7.6 4.95 7.6"
; filament_self_index = 1
; filament_settings_id = "Creality Generic PLA @Ender-3V3-all"
; filament_shrink = 100%
; filament_shrinkage_compensation_z = 100%
; filament_soluble = 0
; filament_stamping_distance = 0
; filament_stamping_loading_speed = 0
; filament_start_gcode = "; filament start gcode\n"
; filament_toolchange_delay = 0
; filament_tower_interface_pre_extrusion_dist = 10
; filament_tower_interface_pre_extrusion_length = 0
; filament_tower_interface_print_temp = -1
; filament_tower_interface_purge_volume = 20
; filament_tower_ironing_area = 4
; filament_type = PLA
; filament_unloading_speed = 90
; filament_unloading_speed_start = 100
; filament_vendor = Generic
; file_start_gcode = ;FLAVOR:Marlin\n;TIME:{print_time_sec}\n;Filament used:{used_filament_length}m\n;Layer height:{layer_height}
; filename_format = {input_filename_base}_{filament_type[initial_tool]}_{print_time}.gcode
; fill_multiline = 1
; filter_out_gap_fill = 0
; first_layer_flow_ratio = 1
; first_layer_print_sequence = 0
; first_x_layer_fan_speed = 0
; flashforge_serial_number = 
; flush_into_infill = 0
; flush_into_objects = 0
; flush_into_support = 1
; flush_multiplier = 0.3
; flush_volumes_matrix = 0
; flush_volumes_vector = 140,140
; full_fan_speed_layer = 0
; fuzzy_skin = disabled_fuzzy
; fuzzy_skin_first_layer = 0
; fuzzy_skin_layers_between_ripple_offset = 1
; fuzzy_skin_mode = displacement
; fuzzy_skin_noise_type = classic
; fuzzy_skin_octaves = 4
; fuzzy_skin_persistence = 0.5
; fuzzy_skin_point_distance = 0.3
; fuzzy_skin_ripple_offset = 50%
; fuzzy_skin_ripples_per_layer = 15
; fuzzy_skin_scale = 1
; fuzzy_skin_thickness = 0.2
; gap_fill_flow_ratio = 1
; gap_fill_target = nowhere
; gap_infill_speed = 50
; gcode_add_line_number = 0
; gcode_comments = 0
; gcode_flavor = marlin2
; gcode_label_objects = 1
; grab_length = 0
; gyroid_optimized = 0
; has_scarf_joint_seam = 0
; head_wrap_detect_zone = 
; high_current_on_filament_swap = 0
; hole_to_polyhole = 0
; hole_to_polyhole_threshold = 0.01
; hole_to_polyhole_twisted = 1
; host_type = octoprint
; hot_plate_temp = 55
; hot_plate_temp_initial_layer = 55
; idle_temperature = 0
; independent_support_layer_height = 1
; infill_anchor = 400%
; infill_anchor_max = 20
; infill_combination = 0
; infill_combination_max_layer_height = 100%
; infill_direction = 45
; infill_jerk = 9
; infill_lock_depth = 1
; infill_overhang_angle = 60
; infill_shift_step = 0.4
; infill_wall_overlap = 15%
; initial_layer_acceleration = 500
; initial_layer_infill_speed = 80
; initial_layer_jerk = 9
; initial_layer_line_width = 0.46
; initial_layer_min_bead_width = 85%
; initial_layer_print_height = 0.2
; initial_layer_speed = 30
; initial_layer_travel_acceleration = 100%
; initial_layer_travel_jerk = 100%
; initial_layer_travel_speed = 100%
; inner_wall_acceleration = 2000
; inner_wall_filament_id = 0
; inner_wall_flow_ratio = 1
; inner_wall_jerk = 9
; inner_wall_line_width = 0.45
; inner_wall_speed = 90
; input_shaping_damp_x = 0.1
; input_shaping_damp_y = 0.1
; input_shaping_emit = 0
; input_shaping_freq_x = 0
; input_shaping_freq_y = 0
; input_shaping_type = Default
; interface_shells = 0
; interlocking_beam = 0
; interlocking_beam_layer_count = 2
; interlocking_beam_width = 0.8
; interlocking_boundary_avoidance = 2
; interlocking_depth = 2
; interlocking_orientation = 22.5
; internal_bridge_angle = 0
; internal_bridge_density = 100%
; internal_bridge_fan_speed = -1
; internal_bridge_flow = 1
; internal_bridge_speed = 150%
; internal_solid_filament_id = 0
; internal_solid_infill_acceleration = 100%
; internal_solid_infill_flow_ratio = 1
; internal_solid_infill_line_width = 0.42
; internal_solid_infill_pattern = monotonic
; internal_solid_infill_speed = 180
; ironing_angle = 0
; ironing_angle_fixed = 0
; ironing_expansion = 0
; ironing_fan_speed = -1
; ironing_flow = 15%
; ironing_inset = 0
; ironing_pattern = rectilinear
; ironing_spacing = 0.1
; ironing_speed = 20
; ironing_type = no ironing
; is_infill_first = 0
; lateral_lattice_angle_1 = -45
; lateral_lattice_angle_2 = 45
; layer_change_gcode = 
; layer_height = 0.2
; lightning_overhang_angle = 45
; lightning_prune_angle = 45
; lightning_straightening_angle = 45
; line_width = 0.46
; long_retractions_when_cut = 0
; long_retractions_when_ec = 0
; machine_end_gcode = G91 ;Relative positionning \nG1 E-2 F2700 ;Retract a bit \nG1 E-2 Z0.2 F2400 ;Retract and raise Z \nG1 X5 Y5 F3000 ;Wipe out \nG1 Z10 ;Raise Z more \nG90 ;Absolute positionning \n \nG1 X0 Y220 ;Present print \nM106 S0 ;Turn-off fan \nM104 S0 ;Turn-off hotend \nM140 S0 ;Turn-off bed \n \nM84 X Y E ;Disable all steppers but Z
; machine_load_filament_time = 11
; machine_max_acceleration_e = 5000,5000
; machine_max_acceleration_extruding = 2500,2500
; machine_max_acceleration_retracting = 500,500
; machine_max_acceleration_travel = 2500,2500
; machine_max_acceleration_x = 2500,2500
; machine_max_acceleration_y = 2500,2500
; machine_max_acceleration_z = 500,500
; machine_max_jerk_e = 5,5
; machine_max_jerk_x = 10,10
; machine_max_jerk_y = 10,10
; machine_max_jerk_z = 0.4,0.4
; machine_max_junction_deviation = 0.1,0
; machine_max_speed_e = 40,40
; machine_max_speed_x = 250,250
; machine_max_speed_y = 250,250
; machine_max_speed_z = 5,5
; machine_min_extruding_rate = 0,0
; machine_min_travel_rate = 0,0
; machine_pause_gcode = M25
; machine_start_gcode = M220 S100 ;Reset Feedrate \nM221 S100 ;Reset Flowrate \n \nM104 S[nozzle_temperature_initial_layer] ;Set final nozzle temp \nM190 S[bed_temperature_initial_layer_single] ;Set and wait for bed temp to stabilize \nG28 ;Home \nG92 E0 ;Reset Extruder \nG1 Z2.0 F3000 ;Move Z Axis up \nG1 X-2.1 Y20 Z0.28 F5000.0 ;Move to start position \nM109 S[nozzle_temperature_initial_layer] ;Wait for nozzle temp to stabilize \nG1 X-2.1 Y145.0 Z0.28 F1500.0 E15 ;Draw the first line \nG1 X-2.4 Y145.0 Z0.28 F5000.0 ;Move to side a little \nG1 X-2.4 Y20 Z0.28 F1500.0 E30 ;Draw the second line \nG92 E0  ;Reset Extruder \nG1 E-1.0000 F1800 ;Retract a bit \nG1 Z2.0 F3000 ;Move Z Axis up \nG1 E0.0000 F1800
; machine_tool_change_time = 0
; machine_unload_filament_time = 0
; make_overhang_printable = 0
; make_overhang_printable_angle = 55
; make_overhang_printable_hole_size = 0
; manual_filament_change = 1
; master_extruder_id = 1
; max_bridge_length = 10
; max_layer_height = 0.32
; max_resonance_avoidance_speed = 120
; max_travel_detour_distance = 0
; max_volumetric_extrusion_rate_slope = 0
; max_volumetric_extrusion_rate_slope_segment_length = 3
; min_bead_width = 85%
; min_feature_size = 25%
; min_layer_height = 0.08
; min_length_factor = 0.5
; min_resonance_avoidance_speed = 70
; min_skirt_length = 0
; min_width_top_surface = 300%
; minimum_sparse_infill_area = 10
; mmu_segmented_region_interlocking_depth = 0
; mmu_segmented_region_max_width = 0
; notes = 
; nozzle_diameter = 0.4
; nozzle_flush_dataset = 0
; nozzle_height = 2.5
; nozzle_hrc = 0
; nozzle_temperature = 220
; nozzle_temperature_initial_layer = 220
; nozzle_temperature_range_high = 230
; nozzle_temperature_range_low = 190
; nozzle_type = brass
; nozzle_volume = 0
; nozzle_volume_type = Standard
; only_one_wall_first_layer = 0
; only_one_wall_top = 0
; ooze_prevention = 0
; other_layers_print_sequence = 0
; other_layers_print_sequence_nums = 0
; outer_wall_acceleration = 1000
; outer_wall_filament_id = 0
; outer_wall_flow_ratio = 1
; outer_wall_jerk = 9
; outer_wall_line_width = 0.42
; outer_wall_speed = 60
; overhang_1_4_speed = 0
; overhang_2_4_speed = 20
; overhang_3_4_speed = 15
; overhang_4_4_speed = 10
; overhang_fan_speed = 100
; overhang_fan_threshold = 50%
; overhang_flow_ratio = 1
; overhang_reverse = 0
; overhang_reverse_internal_only = 0
; overhang_reverse_threshold = 50%
; parallel_printheads_bed_exclude_areas = 
; parallel_printheads_count = 1
; parking_pos_retraction = 92
; part_cooling_fan_min_pwm = 0
; pellet_flow_coefficient = 0.4157
; pellet_modded_printer = 0
; physical_extruder_map = 0
; post_process = 
; precise_outer_wall = 1
; precise_z_height = 0
; preferred_orientation = 0
; preheat_steps = 1
; preheat_time = 30
; pressure_advance = 0.02
; prime_tower_brim_width = 3
; prime_tower_enable_framework = 0
; prime_tower_flat_ironing = 0
; prime_tower_infill_gap = 150%
; prime_tower_skip_points = 1
; prime_tower_width = 60
; prime_volume = 45
; print_compatible_printers = "Creality Ender-3 V3 SE 0.4 nozzle"
; print_extruder_id = 1
; print_extruder_variant = "Direct Drive Standard"
; print_flow_ratio = 1
; print_order = default
; print_sequence = by layer
; print_settings_id = 0.20mm Standard @Creality Ender3V3SE 0.4
; printable_area = 0x0,220x0,220x220,0x220
; printable_height = 250
; printer_agent = 
; printer_extruder_id = 1
; printer_extruder_variant = "Direct Drive Standard"
; printer_model = Creality Ender-3 V3 SE
; printer_notes = 
; printer_settings_id = Creality Ender-3 V3 SE 0.4 nozzle
; printer_structure = i3
; printer_technology = FFF
; printer_variant = 0.4
; printhost_authorization_type = key
; printhost_ssl_ignore_revoke = 0
; printing_by_object_gcode = 
; process_change_extrusion_role_gcode = 
; purge_in_prime_tower = 1
; raft_contact_distance = 0.1
; raft_expansion = 1.5
; raft_first_layer_density = 90%
; raft_first_layer_expansion = 2
; raft_layers = 0
; reduce_crossing_wall = 0
; reduce_fan_stop_start_freq = 1
; reduce_infill_retraction = 1
; relative_bridge_angle = 0
; required_nozzle_HRC = 0
; resolution = 0.012
; resonance_avoidance = 0
; retract_before_wipe = 70%
; retract_length_toolchange = 1
; retract_lift_above = 0
; retract_lift_below = 0
; retract_lift_enforce = All Surfaces
; retract_restart_extra = 0
; retract_restart_extra_toolchange = 0
; retract_when_changing_layer = 1
; retraction_distances_when_cut = 18
; retraction_distances_when_ec = 10
; retraction_length = 1.2
; retraction_minimum_travel = 2
; retraction_speed = 40
; role_based_wipe_speed = 1
; scan_first_layer = 0
; scarf_angle_threshold = 155
; scarf_joint_flow_ratio = 1
; scarf_joint_speed = 100%
; scarf_overhang_threshold = 40%
; seam_gap = 10%
; seam_position = aligned
; seam_slope_conditional = 0
; seam_slope_entire_loop = 0
; seam_slope_inner_walls = 0
; seam_slope_min_length = 20
; seam_slope_start_height = 0
; seam_slope_steps = 10
; seam_slope_type = none
; set_other_flow_ratios = 0
; silent_mode = 0
; single_extruder_multi_material = 1
; single_extruder_multi_material_priming = 0
; single_loop_draft_shield = 0
; skeleton_infill_density = 25%
; skeleton_infill_line_width = 100%
; skin_infill_density = 25%
; skin_infill_depth = 2
; skin_infill_line_width = 100%
; skirt_distance = 2
; skirt_height = 2
; skirt_loops = 0
; skirt_speed = 50
; skirt_start_angle = -135
; skirt_type = combined
; slice_closing_radius = 0.049
; slicing_mode = regular
; slow_down_for_layer_cooling = 1
; slow_down_layer_time = 8
; slow_down_layers = 0
; slow_down_min_speed = 20
; slowdown_for_curled_perimeters = 0
; small_area_infill_flow_compensation = 0
; small_area_infill_flow_compensation_model = 0,0;"\n0.2,0.4444";"\n0.4,0.6145";"\n0.6,0.7059";"\n0.8,0.7619";"\n1.5,0.8571";"\n2,0.8889";"\n3,0.9231";"\n5,0.9520";"\n10,1"
; small_perimeter_speed = 50%
; small_perimeter_threshold = 0
; solid_infill_direction = 45
; solid_infill_rotate_template = 
; sparse_infill_acceleration = 100%
; sparse_infill_density = 15%
; sparse_infill_filament_id = 0
; sparse_infill_flow_ratio = 1
; sparse_infill_line_width = 0.45
; sparse_infill_pattern = crosshatch
; sparse_infill_rotate_template = 
; sparse_infill_speed = 180
; spiral_finishing_flow_ratio = 0
; spiral_mode = 0
; spiral_mode_max_xy_smoothing = 200%
; spiral_mode_smooth = 0
; spiral_starting_flow_ratio = 0
; staggered_inner_seams = 0
; standby_temperature_delta = -5
; start_end_points = 30x-3,54x245
; supertack_plate_temp = 35
; supertack_plate_temp_initial_layer = 35
; support_air_filtration = 0
; support_angle = 0
; support_base_pattern = rectilinear
; support_base_pattern_spacing = 2.5
; support_bottom_interface_spacing = 0.5
; support_bottom_z_distance = 0.2
; support_chamber_temp_control = 0
; support_critical_regions_only = 0
; support_expansion = 0
; support_filament = 0
; support_flow_ratio = 1
; support_interface_bottom_layers = -1
; support_interface_filament = 0
; support_interface_flow_ratio = 1
; support_interface_loop_pattern = 0
; support_interface_not_for_body = 1
; support_interface_pattern = auto
; support_interface_spacing = 0.5
; support_interface_speed = 80
; support_interface_top_layers = 2
; support_ironing = 0
; support_ironing_flow = 10%
; support_ironing_pattern = rectilinear
; support_ironing_spacing = 0.1
; support_line_width = 0.38
; support_material_interface_fan_speed = -1
; support_multi_bed_types = 0
; support_object_first_layer_gap = 0.2
; support_object_skip_flush = 0
; support_object_xy_distance = 0.35
; support_on_build_plate_only = 0
; support_parallel_printheads = 0
; support_remove_small_overhang = 1
; support_speed = 50
; support_style = default
; support_threshold_angle = 30
; support_threshold_overlap = 50%
; support_top_z_distance = 0.15
; support_type = tree(manual)
; symmetric_infill_y_axis = 0
; temperature_vitrification = 60
; template_custom_gcode = 
; textured_cool_plate_temp = 40
; textured_cool_plate_temp_initial_layer = 40
; textured_plate_temp = 55
; textured_plate_temp_initial_layer = 55
; thick_bridges = 0
; thick_internal_bridges = 1
; thumbnails = 
; thumbnails_format = PNG
; time_cost = 0
; time_lapse_gcode = 
; timelapse_type = 0
; tool_change_on_wipe_tower = 0
; top_bottom_infill_wall_overlap = 25%
; top_shell_layers = 4
; top_shell_thickness = 0.8
; top_solid_infill_flow_ratio = 1
; top_surface_acceleration = 2500
; top_surface_density = 100%
; top_surface_filament_id = 0
; top_surface_jerk = 9
; top_surface_line_width = 0.42
; top_surface_pattern = monotonicline
; top_surface_speed = 50
; travel_acceleration = 2500
; travel_jerk = 12
; travel_slope = 3
; travel_speed = 150
; travel_speed_z = 0
; tree_support_angle_slow = 25
; tree_support_auto_brim = 1
; tree_support_branch_angle = 40
; tree_support_branch_angle_organic = 40
; tree_support_branch_diameter = 5
; tree_support_branch_diameter_angle = 5
; tree_support_branch_diameter_organic = 2
; tree_support_branch_distance = 5
; tree_support_branch_distance_organic = 1
; tree_support_brim_width = 3
; tree_support_tip_diameter = 0.8
; tree_support_top_rate = 10%
; tree_support_wall_count = 2
; upward_compatible_machine = 
; use_3mf = 0
; use_firmware_retraction = 0
; use_relative_e_distances = 1
; volumetric_speed_coefficients = ""
; wall_direction = ccw
; wall_distribution_count = 1
; wall_generator = arachne
; wall_loops = 2
; wall_maximum_deviation = 0.025
; wall_maximum_resolution = 0.5
; wall_sequence = inner wall/outer wall
; wall_transition_angle = 10
; wall_transition_filter_deviation = 25%
; wall_transition_length = 100%
; wipe = 1
; wipe_before_external_loop = 0
; wipe_distance = 1
; wipe_on_loops = 0
; wipe_speed = 80%
; wipe_tower_bridging = 10
; wipe_tower_cone_angle = 30
; wipe_tower_extra_flow = 100%
; wipe_tower_extra_rib_length = 0
; wipe_tower_extra_spacing = 100%
; wipe_tower_filament = 0
; wipe_tower_fillet_wall = 1
; wipe_tower_max_purge_speed = 90
; wipe_tower_no_sparse_layers = 0
; wipe_tower_rib_width = 8
; wipe_tower_rotation_angle = 0
; wipe_tower_type = type2
; wipe_tower_wall_type = rib
; wipe_tower_x = 4.000
; wipe_tower_x = 4
; wipe_tower_y = 191.972
; wipe_tower_y = 191.972
; wiping_volumes_extruders = 70,70,70,70,70,70,70,70,70,70
; wrapping_detection_gcode = 
; wrapping_detection_layers = 20
; wrapping_exclude_area = 
; xy_contour_compensation = 0
; xy_hole_compensation = 0
; z_hop = 0.4
; z_hop_types = Spiral Lift
; z_offset = 0
; zaa_dont_alternate_fill_direction = 0
; zaa_enabled = 0
; zaa_min_z = 0.05
; zaa_minimize_perimeter_height = 35
; first_layer_bed_temperature = 55
; bed_shape = 0x0,220x0,220x220,0x220
; first_layer_temperature = 220
; first_layer_height = 0.200
; CONFIG_BLOCK_END


